id_order_detail,order_id,product_id,quantity,name,supplier_id,category_id,unit,price,id,name_category,description,customer_id,employee_id,date,shipper_id,name_order,contact,address,city,postal_code,country,last_name,first_name,birthdate,photo,notes,name_shipper,phone,id_supplier,name_supplier,contact_supplier,address_supplier,city_supplier,postal_code_supplier,country_supplier,phone_supplier
1,10248,11,12,Queso Cabrales,5,4,1 kg pkg.,21.0,4,Dairy Products,Cheeses,90,5,1996-07-04,3,Wilman Kala,Matti Karttunen,Keskuskatu 45,Helsinki,21240,Finland,Buchanan,Steven,1955-03-04,EmpID5.pic,"Steven Buchanan graduated from St. Andrews University, Scotland, with a BSC degree. Upon joining the company as a sales representative, he spent 6 months in an orientation program at the Seattle office and then returned to his permanent post in London, where he was promoted to sales manager. Mr. Buchanan has completed the courses 'Successful Telemarketing' and 'International Sales Management'. He is fluent in French.",Federal Shipping,(503) 555-9931,5,Cooperativa de Quesos 'Las Cabras',Antonio del Valle Saavedra,Calle del Rosal 4,Oviedo,33007,Spain,(98) 598 76 54
2,10248,42,10,Singaporean Hokkien Fried Mee,20,5,32 - 1 kg pkgs.,14.0,5,Grains/Cereals,"Breads, crackers, pasta, and cereal",90,5,1996-07-04,3,Wilman Kala,Matti Karttunen,Keskuskatu 45,Helsinki,21240,Finland,Buchanan,Steven,1955-03-04,EmpID5.pic,"Steven Buchanan graduated from St. Andrews University, Scotland, with a BSC degree. Upon joining the company as a sales representative, he spent 6 months in an orientation program at the Seattle office and then returned to his permanent post in London, where he was promoted to sales manager. Mr. Buchanan has completed the courses 'Successful Telemarketing' and 'International Sales Management'. He is fluent in French.",Federal Shipping,(503) 555-9931,20,Leka Trading,Chandra Leka,"471 Serangoon Loop, Suite #402",Singapore,0512,Singapore,555-8787
3,10248,72,5,Mozzarella di Giovanni,14,4,24 - 200 g pkgs.,34.8,4,Dairy Products,Cheeses,90,5,1996-07-04,3,Wilman Kala,Matti Karttunen,Keskuskatu 45,Helsinki,21240,Finland,Buchanan,Steven,1955-03-04,EmpID5.pic,"Steven Buchanan graduated from St. Andrews University, Scotland, with a BSC degree. Upon joining the company as a sales representative, he spent 6 months in an orientation program at the Seattle office and then returned to his permanent post in London, where he was promoted to sales manager. Mr. Buchanan has completed the courses 'Successful Telemarketing' and 'International Sales Management'. He is fluent in French.",Federal Shipping,(503) 555-9931,14,Formaggi Fortini s.r.l.,Elio Rossi,"Viale Dante, 75",Ravenna,48100,Italy,(0544) 60323
4,10249,14,9,Tofu,6,7,40 - 100 g pkgs.,23.25,7,Produce,Dried fruit and bean curd,81,6,1996-07-05,1,Tradição Hipermercados,Anabela Domingues,"Av. Inês de Castro, 414",São Paulo,05634-030,Brazil,Suyama,Michael,1963-07-02,EmpID6.pic,"Michael is a graduate of Sussex University (MA, economics) and the University of California at Los Angeles (MBA, marketing). He has also taken the courses 'Multi-Cultural Selling' and 'Time Management for the Sales Professional'. He is fluent in Japanese and can read and write French, Portuguese, and Spanish.",Speedy Express,(503) 555-9831,6,Mayumi's,Mayumi Ohno,92 Setsuko Chuo-ku,Osaka,545,Japan,(06) 431-7877
5,10249,51,40,Manjimup Dried Apples,24,7,50 - 300 g pkgs.,53.0,7,Produce,Dried fruit and bean curd,81,6,1996-07-05,1,Tradição Hipermercados,Anabela Domingues,"Av. Inês de Castro, 414",São Paulo,05634-030,Brazil,Suyama,Michael,1963-07-02,EmpID6.pic,"Michael is a graduate of Sussex University (MA, economics) and the University of California at Los Angeles (MBA, marketing). He has also taken the courses 'Multi-Cultural Selling' and 'Time Management for the Sales Professional'. He is fluent in Japanese and can read and write French, Portuguese, and Spanish.",Speedy Express,(503) 555-9831,24,"G'day, Mate",Wendy Mackenzie,170 Prince Edward Parade Hunter's Hill,Sydney,2042,Australia,(02) 555-5914
6,10250,41,10,Jack's New England Clam Chowder,19,8,12 - 12 oz cans,9.65,8,Seafood,Seaweed and fish,34,4,1996-07-08,2,Hanari Carnes,Mario Pontes,"Rua do Paço, 67",Rio de Janeiro,05454-876,Brazil,Peacock,Margaret,1958-09-19,EmpID4.pic,Margaret holds a BA in English literature from Concordia College and an MA from the American Institute of Culinary Arts. She was temporarily assigned to the London office before returning to her permanent post in Seattle.,United Package,(503) 555-3199,19,New England Seafood Cannery,Robb Merchant,Order Processing Dept. 2100 Paul Revere Blvd.,Boston,02134,USA,(617) 555-3267
7,10250,51,35,Manjimup Dried Apples,24,7,50 - 300 g pkgs.,53.0,7,Produce,Dried fruit and bean curd,34,4,1996-07-08,2,Hanari Carnes,Mario Pontes,"Rua do Paço, 67",Rio de Janeiro,05454-876,Brazil,Peacock,Margaret,1958-09-19,EmpID4.pic,Margaret holds a BA in English literature from Concordia College and an MA from the American Institute of Culinary Arts. She was temporarily assigned to the London office before returning to her permanent post in Seattle.,United Package,(503) 555-3199,24,"G'day, Mate",Wendy Mackenzie,170 Prince Edward Parade Hunter's Hill,Sydney,2042,Australia,(02) 555-5914
8,10250,65,15,Louisiana Fiery Hot Pepper Sauce,2,2,32 - 8 oz bottles,21.05,2,Condiments,"Sweet and savory sauces, relishes, spreads, and seasonings",34,4,1996-07-08,2,Hanari Carnes,Mario Pontes,"Rua do Paço, 67",Rio de Janeiro,05454-876,Brazil,Peacock,Margaret,1958-09-19,EmpID4.pic,Margaret holds a BA in English literature from Concordia College and an MA from the American Institute of Culinary Arts. She was temporarily assigned to the London office before returning to her permanent post in Seattle.,United Package,(503) 555-3199,2,New Orleans Cajun Delights,Shelley Burke,P.O. Box 78934,New Orleans,70117,USA,(100) 555-4822
9,10251,22,6,Gustaf's Knäckebröd,9,5,24 - 500 g pkgs.,21.0,5,Grains/Cereals,"Breads, crackers, pasta, and cereal",84,3,1996-07-08,1,Victuailles en stock,Mary Saveley,"2, rue du Commerce",Lyon,69004,France,Leverling,Janet,1963-08-30,EmpID3.pic,Janet has a BS degree in chemistry from Boston College). She has also completed a certificate program in food retailing management. Janet was hired as a sales associate and was promoted to sales representative.,Speedy Express,(503) 555-9831,9,PB Knäckebröd AB,Lars Peterson,Kaloadagatan 13,Göteborg,S-345 67,Sweden,031-987 65 43
10,10251,57,15,Ravioli Angelo,26,5,24 - 250 g pkgs.,19.5,5,Grains/Cereals,"Breads, crackers, pasta, and cereal",84,3,1996-07-08,1,Victuailles en stock,Mary Saveley,"2, rue du Commerce",Lyon,69004,France,Leverling,Janet,1963-08-30,EmpID3.pic,Janet has a BS degree in chemistry from Boston College). She has also completed a certificate program in food retailing management. Janet was hired as a sales associate and was promoted to sales representative.,Speedy Express,(503) 555-9831,26,Pasta Buttini s.r.l.,Giovanni Giudici,"Via dei Gelsomini, 153",Salerno,84100,Italy,(089) 6547665
11,10251,65,20,Louisiana Fiery Hot Pepper Sauce,2,2,32 - 8 oz bottles,21.05,2,Condiments,"Sweet and savory sauces, relishes, spreads, and seasonings",84,3,1996-07-08,1,Victuailles en stock,Mary Saveley,"2, rue du Commerce",Lyon,69004,France,Leverling,Janet,1963-08-30,EmpID3.pic,Janet has a BS degree in chemistry from Boston College). She has also completed a certificate program in food retailing management. Janet was hired as a sales associate and was promoted to sales representative.,Speedy Express,(503) 555-9831,2,New Orleans Cajun Delights,Shelley Burke,P.O. Box 78934,New Orleans,70117,USA,(100) 555-4822
12,10252,20,40,Sir Rodney's Marmalade,8,3,30 gift boxes,81.0,3,Confections,"Desserts, candies, and sweet breads",76,4,1996-07-09,2,Suprêmes délices,Pascale Cartrain,"Boulevard Tirou, 255",Charleroi,B-6000,Belgium,Peacock,Margaret,1958-09-19,EmpID4.pic,Margaret holds a BA in English literature from Concordia College and an MA from the American Institute of Culinary Arts. She was temporarily assigned to the London office before returning to her permanent post in Seattle.,United Package,(503) 555-3199,8,"Specialty Biscuits, Ltd.",Peter Wilson,29 King's Way,Manchester,M14 GSD,UK,(161) 555-4448
13,10252,33,25,Geitost,15,4,500 g,2.5,4,Dairy Products,Cheeses,76,4,1996-07-09,2,Suprêmes délices,Pascale Cartrain,"Boulevard Tirou, 255",Charleroi,B-6000,Belgium,Peacock,Margaret,1958-09-19,EmpID4.pic,Margaret holds a BA in English literature from Concordia College and an MA from the American Institute of Culinary Arts. She was temporarily assigned to the London office before returning to her permanent post in Seattle.,United Package,(503) 555-3199,15,Norske Meierier,Beate Vileid,Hatlevegen 5,Sandvika,1320,Norway,(0)2-953010
14,10252,60,40,Camembert Pierrot,28,4,15 - 300 g rounds,34.0,4,Dairy Products,Cheeses,76,4,1996-07-09,2,Suprêmes délices,Pascale Cartrain,"Boulevard Tirou, 255",Charleroi,B-6000,Belgium,Peacock,Margaret,1958-09-19,EmpID4.pic,Margaret holds a BA in English literature from Concordia College and an MA from the American Institute of Culinary Arts. She was temporarily assigned to the London office before returning to her permanent post in Seattle.,United Package,(503) 555-3199,28,Gai pâturage,Eliane Noz,"Bat. B 3, rue des Alpes",Annecy,74000,France,38.76.98.06
15,10253,31,20,Gorgonzola Telino,14,4,12 - 100 g pkgs,12.5,4,Dairy Products,Cheeses,34,3,1996-07-10,2,Hanari Carnes,Mario Pontes,"Rua do Paço, 67",Rio de Janeiro,05454-876,Brazil,Leverling,Janet,1963-08-30,EmpID3.pic,Janet has a BS degree in chemistry from Boston College). She has also completed a certificate program in food retailing management. Janet was hired as a sales associate and was promoted to sales representative.,United Package,(503) 555-3199,14,Formaggi Fortini s.r.l.,Elio Rossi,"Viale Dante, 75",Ravenna,48100,Italy,(0544) 60323
16,10253,39,42,Chartreuse verte,18,1,750 cc per bottle,18.0,1,Beverages,"Soft drinks, coffees, teas, beers, and ales",34,3,1996-07-10,2,Hanari Carnes,Mario Pontes,"Rua do Paço, 67",Rio de Janeiro,05454-876,Brazil,Leverling,Janet,1963-08-30,EmpID3.pic,Janet has a BS degree in chemistry from Boston College). She has also completed a certificate program in food retailing management. Janet was hired as a sales associate and was promoted to sales representative.,United Package,(503) 555-3199,18,Aux joyeux ecclésiastiques,Guylène Nodier,"203, Rue des Francs-Bourgeois",Paris,75004,France,(1) 03.83.00.68
17,10253,49,40,Maxilaku,23,3,24 - 50 g pkgs.,20.0,3,Confections,"Desserts, candies, and sweet breads",34,3,1996-07-10,2,Hanari Carnes,Mario Pontes,"Rua do Paço, 67",Rio de Janeiro,05454-876,Brazil,Leverling,Janet,1963-08-30,EmpID3.pic,Janet has a BS degree in chemistry from Boston College). She has also completed a certificate program in food retailing management. Janet was hired as a sales associate and was promoted to sales representative.,United Package,(503) 555-3199,23,Karkki Oy,Anne Heikkonen,Valtakatu 12,Lappeenranta,53120,Finland,(953) 10956
18,10254,24,15,Guaraná Fantástica,10,1,12 - 355 ml cans,4.5,1,Beverages,"Soft drinks, coffees, teas, beers, and ales",14,5,1996-07-11,2,Chop-suey Chinese,Yang Wang,Hauptstr. 29,Bern,3012,Switzerland,Buchanan,Steven,1955-03-04,EmpID5.pic,"Steven Buchanan graduated from St. Andrews University, Scotland, with a BSC degree. Upon joining the company as a sales representative, he spent 6 months in an orientation program at the Seattle office and then returned to his permanent post in London, where he was promoted to sales manager. Mr. Buchanan has completed the courses 'Successful Telemarketing' and 'International Sales Management'. He is fluent in French.",United Package,(503) 555-3199,10,Refrescos Americanas LTDA,Carlos Diaz,Av. das Americanas 12.890,São Paulo,5442,Brazil,(11) 555 4640
19,10254,55,21,Pâté chinois,25,6,24 boxes x 2 pies,24.0,6,Meat/Poultry,Prepared meats,14,5,1996-07-11,2,Chop-suey Chinese,Yang Wang,Hauptstr. 29,Bern,3012,Switzerland,Buchanan,Steven,1955-03-04,EmpID5.pic,"Steven Buchanan graduated from St. Andrews University, Scotland, with a BSC degree. Upon joining the company as a sales representative, he spent 6 months in an orientation program at the Seattle office and then returned to his permanent post in London, where he was promoted to sales manager. Mr. Buchanan has completed the courses 'Successful Telemarketing' and 'International Sales Management'. He is fluent in French.",United Package,(503) 555-3199,25,Ma Maison,Jean-Guy Lauzon,2960 Rue St. Laurent,Montréal,H1J 1C3,Canada,(514) 555-9022
20,10254,74,21,Longlife Tofu,4,7,5 kg pkg.,10.0,7,Produce,Dried fruit and bean curd,14,5,1996-07-11,2,Chop-suey Chinese,Yang Wang,Hauptstr. 29,Bern,3012,Switzerland,Buchanan,Steven,1955-03-04,EmpID5.pic,"Steven Buchanan graduated from St. Andrews University, Scotland, with a BSC degree. Upon joining the company as a sales representative, he spent 6 months in an orientation program at the Seattle office and then returned to his permanent post in London, where he was promoted to sales manager. Mr. Buchanan has completed the courses 'Successful Telemarketing' and 'International Sales Management'. He is fluent in French.",United Package,(503) 555-3199,4,Tokyo Traders,Yoshi Nagase,9-8 Sekimai Musashino-shi,Tokyo,100,Japan,(03) 3555-5011
21,10255,2,20,Chang,1,1,24 - 12 oz bottles,19.0,1,Beverages,"Soft drinks, coffees, teas, beers, and ales",68,9,1996-07-12,3,Richter Supermarkt,Michael Holz,Grenzacherweg 237,Genève,1203,Switzerland,Dodsworth,Anne,1969-07-02,EmpID9.pic,Anne has a BA degree in English from St. Lawrence College. She is fluent in French and German.,Federal Shipping,(503) 555-9931,1,Exotic Liquid,Charlotte Cooper,49 Gilbert St.,Londona,EC1 4SD,UK,(171) 555-2222
22,10255,16,35,Pavlova,7,3,32 - 500 g boxes,17.45,3,Confections,"Desserts, candies, and sweet breads",68,9,1996-07-12,3,Richter Supermarkt,Michael Holz,Grenzacherweg 237,Genève,1203,Switzerland,Dodsworth,Anne,1969-07-02,EmpID9.pic,Anne has a BA degree in English from St. Lawrence College. She is fluent in French and German.,Federal Shipping,(503) 555-9931,7,"Pavlova, Ltd.",Ian Devling,74 Rose St. Moonie Ponds,Melbourne,3058,Australia,(03) 444-2343
23,10255,36,25,Inlagd Sill,17,8,24 - 250 g jars,19.0,8,Seafood,Seaweed and fish,68,9,1996-07-12,3,Richter Supermarkt,Michael Holz,Grenzacherweg 237,Genève,1203,Switzerland,Dodsworth,Anne,1969-07-02,EmpID9.pic,Anne has a BA degree in English from St. Lawrence College. She is fluent in French and German.,Federal Shipping,(503) 555-9931,17,Svensk Sjöföda AB,Michael Björn,Brovallavägen 231,Stockholm,S-123 45,Sweden,08-123 45 67
24,10255,59,30,Raclette Courdavault,28,4,5 kg pkg.,55.0,4,Dairy Products,Cheeses,68,9,1996-07-12,3,Richter Supermarkt,Michael Holz,Grenzacherweg 237,Genève,1203,Switzerland,Dodsworth,Anne,1969-07-02,EmpID9.pic,Anne has a BA degree in English from St. Lawrence College. She is fluent in French and German.,Federal Shipping,(503) 555-9931,28,Gai pâturage,Eliane Noz,"Bat. B 3, rue des Alpes",Annecy,74000,France,38.76.98.06
25,10256,53,15,Perth Pasties,24,6,48 pieces,32.8,6,Meat/Poultry,Prepared meats,88,3,1996-07-15,2,Wellington Importadora,Paula Parente,"Rua do Mercado, 12",Resende,08737-363,Brazil,Leverling,Janet,1963-08-30,EmpID3.pic,Janet has a BS degree in chemistry from Boston College). She has also completed a certificate program in food retailing management. Janet was hired as a sales associate and was promoted to sales representative.,United Package,(503) 555-3199,24,"G'day, Mate",Wendy Mackenzie,170 Prince Edward Parade Hunter's Hill,Sydney,2042,Australia,(02) 555-5914
26,10256,77,12,Original Frankfurter grüne Soße,12,2,12 boxes,13.0,2,Condiments,"Sweet and savory sauces, relishes, spreads, and seasonings",88,3,1996-07-15,2,Wellington Importadora,Paula Parente,"Rua do Mercado, 12",Resende,08737-363,Brazil,Leverling,Janet,1963-08-30,EmpID3.pic,Janet has a BS degree in chemistry from Boston College). She has also completed a certificate program in food retailing management. Janet was hired as a sales associate and was promoted to sales representative.,United Package,(503) 555-3199,12,Plutzer Lebensmittelgroßmärkte AG,Martin Bein,Bogenallee 51,Frankfurt,60439,Germany,(069) 992755
27,10257,27,25,Schoggi Schokolade,11,3,100 - 100 g pieces,43.9,3,Confections,"Desserts, candies, and sweet breads",35,4,1996-07-16,3,HILARIÓN-Abastos,Carlos Hernández,Carrera 22 con Ave. Carlos Soublette #8-35,San Cristóbal,5022,Venezuela,Peacock,Margaret,1958-09-19,EmpID4.pic,Margaret holds a BA in English literature from Concordia College and an MA from the American Institute of Culinary Arts. She was temporarily assigned to the London office before returning to her permanent post in Seattle.,Federal Shipping,(503) 555-9931,11,Heli Süßwaren GmbH & Co. KG,Petra Winkler,Tiergartenstraße 5,Berlin,10785,Germany,(010) 9984510
28,10257,39,6,Chartreuse verte,18,1,750 cc per bottle,18.0,1,Beverages,"Soft drinks, coffees, teas, beers, and ales",35,4,1996-07-16,3,HILARIÓN-Abastos,Carlos Hernández,Carrera 22 con Ave. Carlos Soublette #8-35,San Cristóbal,5022,Venezuela,Peacock,Margaret,1958-09-19,EmpID4.pic,Margaret holds a BA in English literature from Concordia College and an MA from the American Institute of Culinary Arts. She was temporarily assigned to the London office before returning to her permanent post in Seattle.,Federal Shipping,(503) 555-9931,18,Aux joyeux ecclésiastiques,Guylène Nodier,"203, Rue des Francs-Bourgeois",Paris,75004,France,(1) 03.83.00.68
29,10257,77,15,Original Frankfurter grüne Soße,12,2,12 boxes,13.0,2,Condiments,"Sweet and savory sauces, relishes, spreads, and seasonings",35,4,1996-07-16,3,HILARIÓN-Abastos,Carlos Hernández,Carrera 22 con Ave. Carlos Soublette #8-35,San Cristóbal,5022,Venezuela,Peacock,Margaret,1958-09-19,EmpID4.pic,Margaret holds a BA in English literature from Concordia College and an MA from the American Institute of Culinary Arts. She was temporarily assigned to the London office before returning to her permanent post in Seattle.,Federal Shipping,(503) 555-9931,12,Plutzer Lebensmittelgroßmärkte AG,Martin Bein,Bogenallee 51,Frankfurt,60439,Germany,(069) 992755
30,10258,2,50,Chang,1,1,24 - 12 oz bottles,19.0,1,Beverages,"Soft drinks, coffees, teas, beers, and ales",20,1,1996-07-17,1,Ernst Handel,Roland Mendel,Kirchgasse 6,Graz,8010,Austria,Davolio,Nancy,1968-12-08,EmpID1.pic,Education includes a BA in psychology from Colorado State University. She also completed (The Art of the Cold Call). Nancy is a member of 'Toastmasters International'.,Speedy Express,(503) 555-9831,1,Exotic Liquid,Charlotte Cooper,49 Gilbert St.,Londona,EC1 4SD,UK,(171) 555-2222
31,10258,5,65,Chef Anton's Gumbo Mix,2,2,36 boxes,21.35,2,Condiments,"Sweet and savory sauces, relishes, spreads, and seasonings",20,1,1996-07-17,1,Ernst Handel,Roland Mendel,Kirchgasse 6,Graz,8010,Austria,Davolio,Nancy,1968-12-08,EmpID1.pic,Education includes a BA in psychology from Colorado State University. She also completed (The Art of the Cold Call). Nancy is a member of 'Toastmasters International'.,Speedy Express,(503) 555-9831,2,New Orleans Cajun Delights,Shelley Burke,P.O. Box 78934,New Orleans,70117,USA,(100) 555-4822
32,10258,32,6,Mascarpone Fabioli,14,4,24 - 200 g pkgs.,32.0,4,Dairy Products,Cheeses,20,1,1996-07-17,1,Ernst Handel,Roland Mendel,Kirchgasse 6,Graz,8010,Austria,Davolio,Nancy,1968-12-08,EmpID1.pic,Education includes a BA in psychology from Colorado State University. She also completed (The Art of the Cold Call). Nancy is a member of 'Toastmasters International'.,Speedy Express,(503) 555-9831,14,Formaggi Fortini s.r.l.,Elio Rossi,"Viale Dante, 75",Ravenna,48100,Italy,(0544) 60323
33,10259,21,10,Sir Rodney's Scones,8,3,24 pkgs. x 4 pieces,10.0,3,Confections,"Desserts, candies, and sweet breads",13,4,1996-07-18,3,Centro comercial Moctezuma,Francisco Chang,Sierras de Granada 9993,México D.F.,05022,Mexico,Peacock,Margaret,1958-09-19,EmpID4.pic,Margaret holds a BA in English literature from Concordia College and an MA from the American Institute of Culinary Arts. She was temporarily assigned to the London office before returning to her permanent post in Seattle.,Federal Shipping,(503) 555-9931,8,"Specialty Biscuits, Ltd.",Peter Wilson,29 King's Way,Manchester,M14 GSD,UK,(161) 555-4448
34,10259,37,1,Gravad lax,17,8,12 - 500 g pkgs.,26.0,8,Seafood,Seaweed and fish,13,4,1996-07-18,3,Centro comercial Moctezuma,Francisco Chang,Sierras de Granada 9993,México D.F.,05022,Mexico,Peacock,Margaret,1958-09-19,EmpID4.pic,Margaret holds a BA in English literature from Concordia College and an MA from the American Institute of Culinary Arts. She was temporarily assigned to the London office before returning to her permanent post in Seattle.,Federal Shipping,(503) 555-9931,17,Svensk Sjöföda AB,Michael Björn,Brovallavägen 231,Stockholm,S-123 45,Sweden,08-123 45 67
35,10260,41,16,Jack's New England Clam Chowder,19,8,12 - 12 oz cans,9.65,8,Seafood,Seaweed and fish,55,4,1996-07-19,1,Old World Delicatessen,Rene Phillips,2743 Bering St.,Anchorage,99508,USA,Peacock,Margaret,1958-09-19,EmpID4.pic,Margaret holds a BA in English literature from Concordia College and an MA from the American Institute of Culinary Arts. She was temporarily assigned to the London office before returning to her permanent post in Seattle.,Speedy Express,(503) 555-9831,19,New England Seafood Cannery,Robb Merchant,Order Processing Dept. 2100 Paul Revere Blvd.,Boston,02134,USA,(617) 555-3267
36,10260,57,50,Ravioli Angelo,26,5,24 - 250 g pkgs.,19.5,5,Grains/Cereals,"Breads, crackers, pasta, and cereal",55,4,1996-07-19,1,Old World Delicatessen,Rene Phillips,2743 Bering St.,Anchorage,99508,USA,Peacock,Margaret,1958-09-19,EmpID4.pic,Margaret holds a BA in English literature from Concordia College and an MA from the American Institute of Culinary Arts. She was temporarily assigned to the London office before returning to her permanent post in Seattle.,Speedy Express,(503) 555-9831,26,Pasta Buttini s.r.l.,Giovanni Giudici,"Via dei Gelsomini, 153",Salerno,84100,Italy,(089) 6547665
37,10260,62,15,Tarte au sucre,29,3,48 pies,49.3,3,Confections,"Desserts, candies, and sweet breads",55,4,1996-07-19,1,Old World Delicatessen,Rene Phillips,2743 Bering St.,Anchorage,99508,USA,Peacock,Margaret,1958-09-19,EmpID4.pic,Margaret holds a BA in English literature from Concordia College and an MA from the American Institute of Culinary Arts. She was temporarily assigned to the London office before returning to her permanent post in Seattle.,Speedy Express,(503) 555-9831,29,Forêts d'érables,Chantal Goulet,148 rue Chasseur,Ste-Hyacinthe,J2S 7S8,Canada,(514) 555-2955
38,10260,70,21,Outback Lager,7,1,24 - 355 ml bottles,15.0,1,Beverages,"Soft drinks, coffees, teas, beers, and ales",55,4,1996-07-19,1,Old World Delicatessen,Rene Phillips,2743 Bering St.,Anchorage,99508,USA,Peacock,Margaret,1958-09-19,EmpID4.pic,Margaret holds a BA in English literature from Concordia College and an MA from the American Institute of Culinary Arts. She was temporarily assigned to the London office before returning to her permanent post in Seattle.,Speedy Express,(503) 555-9831,7,"Pavlova, Ltd.",Ian Devling,74 Rose St. Moonie Ponds,Melbourne,3058,Australia,(03) 444-2343
39,10261,21,20,Sir Rodney's Scones,8,3,24 pkgs. x 4 pieces,10.0,3,Confections,"Desserts, candies, and sweet breads",61,4,1996-07-19,2,Que Delícia,Bernardo Batista,"Rua da Panificadora, 12",Rio de Janeiro,02389-673,Brazil,Peacock,Margaret,1958-09-19,EmpID4.pic,Margaret holds a BA in English literature from Concordia College and an MA from the American Institute of Culinary Arts. She was temporarily assigned to the London office before returning to her permanent post in Seattle.,United Package,(503) 555-3199,8,"Specialty Biscuits, Ltd.",Peter Wilson,29 King's Way,Manchester,M14 GSD,UK,(161) 555-4448
40,10261,35,20,Steeleye Stout,16,1,24 - 12 oz bottles,18.0,1,Beverages,"Soft drinks, coffees, teas, beers, and ales",61,4,1996-07-19,2,Que Delícia,Bernardo Batista,"Rua da Panificadora, 12",Rio de Janeiro,02389-673,Brazil,Peacock,Margaret,1958-09-19,EmpID4.pic,Margaret holds a BA in English literature from Concordia College and an MA from the American Institute of Culinary Arts. She was temporarily assigned to the London office before returning to her permanent post in Seattle.,United Package,(503) 555-3199,16,Bigfoot Breweries,Cheryl Saylor,3400 - 8th Avenue Suite 210,Bend,97101,USA,(503) 555-9931
41,10262,5,12,Chef Anton's Gumbo Mix,2,2,36 boxes,21.35,2,Condiments,"Sweet and savory sauces, relishes, spreads, and seasonings",65,8,1996-07-22,3,Rattlesnake Canyon Grocery,Paula Wilson,2817 Milton Dr.,Albuquerque,87110,USA,Callahan,Laura,1958-01-09,EmpID8.pic,Laura received a BA in psychology from the University of Washington. She has also completed a course in business French. She reads and writes French.,Federal Shipping,(503) 555-9931,2,New Orleans Cajun Delights,Shelley Burke,P.O. Box 78934,New Orleans,70117,USA,(100) 555-4822
42,10262,7,15,Uncle Bob's Organic Dried Pears,3,7,12 - 1 lb pkgs.,30.0,7,Produce,Dried fruit and bean curd,65,8,1996-07-22,3,Rattlesnake Canyon Grocery,Paula Wilson,2817 Milton Dr.,Albuquerque,87110,USA,Callahan,Laura,1958-01-09,EmpID8.pic,Laura received a BA in psychology from the University of Washington. She has also completed a course in business French. She reads and writes French.,Federal Shipping,(503) 555-9931,3,Grandma Kelly's Homestead,Regina Murphy,707 Oxford Rd.,Ann Arbor,48104,USA,(313) 555-5735
43,10262,56,2,Gnocchi di nonna Alice,26,5,24 - 250 g pkgs.,38.0,5,Grains/Cereals,"Breads, crackers, pasta, and cereal",65,8,1996-07-22,3,Rattlesnake Canyon Grocery,Paula Wilson,2817 Milton Dr.,Albuquerque,87110,USA,Callahan,Laura,1958-01-09,EmpID8.pic,Laura received a BA in psychology from the University of Washington. She has also completed a course in business French. She reads and writes French.,Federal Shipping,(503) 555-9931,26,Pasta Buttini s.r.l.,Giovanni Giudici,"Via dei Gelsomini, 153",Salerno,84100,Italy,(089) 6547665
44,10263,16,60,Pavlova,7,3,32 - 500 g boxes,17.45,3,Confections,"Desserts, candies, and sweet breads",20,9,1996-07-23,3,Ernst Handel,Roland Mendel,Kirchgasse 6,Graz,8010,Austria,Dodsworth,Anne,1969-07-02,EmpID9.pic,Anne has a BA degree in English from St. Lawrence College. She is fluent in French and German.,Federal Shipping,(503) 555-9931,7,"Pavlova, Ltd.",Ian Devling,74 Rose St. Moonie Ponds,Melbourne,3058,Australia,(03) 444-2343
45,10263,24,28,Guaraná Fantástica,10,1,12 - 355 ml cans,4.5,1,Beverages,"Soft drinks, coffees, teas, beers, and ales",20,9,1996-07-23,3,Ernst Handel,Roland Mendel,Kirchgasse 6,Graz,8010,Austria,Dodsworth,Anne,1969-07-02,EmpID9.pic,Anne has a BA degree in English from St. Lawrence College. She is fluent in French and German.,Federal Shipping,(503) 555-9931,10,Refrescos Americanas LTDA,Carlos Diaz,Av. das Americanas 12.890,São Paulo,5442,Brazil,(11) 555 4640
46,10263,30,60,Nord-Ost Matjeshering,13,8,10 - 200 g glasses,25.89,8,Seafood,Seaweed and fish,20,9,1996-07-23,3,Ernst Handel,Roland Mendel,Kirchgasse 6,Graz,8010,Austria,Dodsworth,Anne,1969-07-02,EmpID9.pic,Anne has a BA degree in English from St. Lawrence College. She is fluent in French and German.,Federal Shipping,(503) 555-9931,13,Nord-Ost-Fisch Handelsgesellschaft mbH,Sven Petersen,Frahmredder 112a,Cuxhaven,27478,Germany,(04721) 8713
47,10263,74,36,Longlife Tofu,4,7,5 kg pkg.,10.0,7,Produce,Dried fruit and bean curd,20,9,1996-07-23,3,Ernst Handel,Roland Mendel,Kirchgasse 6,Graz,8010,Austria,Dodsworth,Anne,1969-07-02,EmpID9.pic,Anne has a BA degree in English from St. Lawrence College. She is fluent in French and German.,Federal Shipping,(503) 555-9931,4,Tokyo Traders,Yoshi Nagase,9-8 Sekimai Musashino-shi,Tokyo,100,Japan,(03) 3555-5011
48,10264,2,35,Chang,1,1,24 - 12 oz bottles,19.0,1,Beverages,"Soft drinks, coffees, teas, beers, and ales",24,6,1996-07-24,3,Folk och fä HB,Maria Larsson,Åkergatan 24,Bräcke,S-844 67,Sweden,Suyama,Michael,1963-07-02,EmpID6.pic,"Michael is a graduate of Sussex University (MA, economics) and the University of California at Los Angeles (MBA, marketing). He has also taken the courses 'Multi-Cultural Selling' and 'Time Management for the Sales Professional'. He is fluent in Japanese and can read and write French, Portuguese, and Spanish.",Federal Shipping,(503) 555-9931,1,Exotic Liquid,Charlotte Cooper,49 Gilbert St.,Londona,EC1 4SD,UK,(171) 555-2222
49,10264,41,25,Jack's New England Clam Chowder,19,8,12 - 12 oz cans,9.65,8,Seafood,Seaweed and fish,24,6,1996-07-24,3,Folk och fä HB,Maria Larsson,Åkergatan 24,Bräcke,S-844 67,Sweden,Suyama,Michael,1963-07-02,EmpID6.pic,"Michael is a graduate of Sussex University (MA, economics) and the University of California at Los Angeles (MBA, marketing). He has also taken the courses 'Multi-Cultural Selling' and 'Time Management for the Sales Professional'. He is fluent in Japanese and can read and write French, Portuguese, and Spanish.",Federal Shipping,(503) 555-9931,19,New England Seafood Cannery,Robb Merchant,Order Processing Dept. 2100 Paul Revere Blvd.,Boston,02134,USA,(617) 555-3267
50,10265,17,30,Alice Mutton,7,6,20 - 1 kg tins,39.0,6,Meat/Poultry,Prepared meats,7,2,1996-07-25,1,Blondel père et fils,Frédérique Citeaux,"24, place Kléber",Strasbourg,67000,France,Fuller,Andrew,1952-02-19,EmpID2.pic,"Andrew received his BTS commercial and a Ph.D. in international marketing from the University of Dallas. He is fluent in French and Italian and reads German. He joined the company as a sales representative, was promoted to sales manager and was then named vice president of sales. Andrew is a member of the Sales Management Roundtable, the Seattle Chamber of Commerce, and the Pacific Rim Importers Association.",Speedy Express,(503) 555-9831,7,"Pavlova, Ltd.",Ian Devling,74 Rose St. Moonie Ponds,Melbourne,3058,Australia,(03) 444-2343
51,10265,70,20,Outback Lager,7,1,24 - 355 ml bottles,15.0,1,Beverages,"Soft drinks, coffees, teas, beers, and ales",7,2,1996-07-25,1,Blondel père et fils,Frédérique Citeaux,"24, place Kléber",Strasbourg,67000,France,Fuller,Andrew,1952-02-19,EmpID2.pic,"Andrew received his BTS commercial and a Ph.D. in international marketing from the University of Dallas. He is fluent in French and Italian and reads German. He joined the company as a sales representative, was promoted to sales manager and was then named vice president of sales. Andrew is a member of the Sales Management Roundtable, the Seattle Chamber of Commerce, and the Pacific Rim Importers Association.",Speedy Express,(503) 555-9831,7,"Pavlova, Ltd.",Ian Devling,74 Rose St. Moonie Ponds,Melbourne,3058,Australia,(03) 444-2343
52,10266,12,12,Queso Manchego La Pastora,5,4,10 - 500 g pkgs.,38.0,4,Dairy Products,Cheeses,87,3,1996-07-26,3,Wartian Herkku,Pirkko Koskitalo,Torikatu 38,Oulu,90110,Finland,Leverling,Janet,1963-08-30,EmpID3.pic,Janet has a BS degree in chemistry from Boston College). She has also completed a certificate program in food retailing management. Janet was hired as a sales associate and was promoted to sales representative.,Federal Shipping,(503) 555-9931,5,Cooperativa de Quesos 'Las Cabras',Antonio del Valle Saavedra,Calle del Rosal 4,Oviedo,33007,Spain,(98) 598 76 54
53,10267,40,50,Boston Crab Meat,19,8,24 - 4 oz tins,18.4,8,Seafood,Seaweed and fish,25,4,1996-07-29,1,Frankenversand,Peter Franken,Berliner Platz 43,München,80805,Germany,Peacock,Margaret,1958-09-19,EmpID4.pic,Margaret holds a BA in English literature from Concordia College and an MA from the American Institute of Culinary Arts. She was temporarily assigned to the London office before returning to her permanent post in Seattle.,Speedy Express,(503) 555-9831,19,New England Seafood Cannery,Robb Merchant,Order Processing Dept. 2100 Paul Revere Blvd.,Boston,02134,USA,(617) 555-3267
54,10267,59,70,Raclette Courdavault,28,4,5 kg pkg.,55.0,4,Dairy Products,Cheeses,25,4,1996-07-29,1,Frankenversand,Peter Franken,Berliner Platz 43,München,80805,Germany,Peacock,Margaret,1958-09-19,EmpID4.pic,Margaret holds a BA in English literature from Concordia College and an MA from the American Institute of Culinary Arts. She was temporarily assigned to the London office before returning to her permanent post in Seattle.,Speedy Express,(503) 555-9831,28,Gai pâturage,Eliane Noz,"Bat. B 3, rue des Alpes",Annecy,74000,France,38.76.98.06
55,10267,76,15,Lakkalikööri,23,1,500 ml,18.0,1,Beverages,"Soft drinks, coffees, teas, beers, and ales",25,4,1996-07-29,1,Frankenversand,Peter Franken,Berliner Platz 43,München,80805,Germany,Peacock,Margaret,1958-09-19,EmpID4.pic,Margaret holds a BA in English literature from Concordia College and an MA from the American Institute of Culinary Arts. She was temporarily assigned to the London office before returning to her permanent post in Seattle.,Speedy Express,(503) 555-9831,23,Karkki Oy,Anne Heikkonen,Valtakatu 12,Lappeenranta,53120,Finland,(953) 10956
56,10268,29,10,Thüringer Rostbratwurst,12,6,50 bags x 30 sausgs.,123.79,6,Meat/Poultry,Prepared meats,33,8,1996-07-30,3,GROSELLA-Restaurante,Manuel Pereira,5ª Ave. Los Palos Grandes,Caracas,1081,Venezuela,Callahan,Laura,1958-01-09,EmpID8.pic,Laura received a BA in psychology from the University of Washington. She has also completed a course in business French. She reads and writes French.,Federal Shipping,(503) 555-9931,12,Plutzer Lebensmittelgroßmärkte AG,Martin Bein,Bogenallee 51,Frankfurt,60439,Germany,(069) 992755
57,10268,72,4,Mozzarella di Giovanni,14,4,24 - 200 g pkgs.,34.8,4,Dairy Products,Cheeses,33,8,1996-07-30,3,GROSELLA-Restaurante,Manuel Pereira,5ª Ave. Los Palos Grandes,Caracas,1081,Venezuela,Callahan,Laura,1958-01-09,EmpID8.pic,Laura received a BA in psychology from the University of Washington. She has also completed a course in business French. She reads and writes French.,Federal Shipping,(503) 555-9931,14,Formaggi Fortini s.r.l.,Elio Rossi,"Viale Dante, 75",Ravenna,48100,Italy,(0544) 60323
58,10269,33,60,Geitost,15,4,500 g,2.5,4,Dairy Products,Cheeses,89,5,1996-07-31,1,White Clover Markets,Karl Jablonski,305 - 14th Ave. S. Suite 3B,Seattle,98128,USA,Buchanan,Steven,1955-03-04,EmpID5.pic,"Steven Buchanan graduated from St. Andrews University, Scotland, with a BSC degree. Upon joining the company as a sales representative, he spent 6 months in an orientation program at the Seattle office and then returned to his permanent post in London, where he was promoted to sales manager. Mr. Buchanan has completed the courses 'Successful Telemarketing' and 'International Sales Management'. He is fluent in French.",Speedy Express,(503) 555-9831,15,Norske Meierier,Beate Vileid,Hatlevegen 5,Sandvika,1320,Norway,(0)2-953010
59,10269,72,20,Mozzarella di Giovanni,14,4,24 - 200 g pkgs.,34.8,4,Dairy Products,Cheeses,89,5,1996-07-31,1,White Clover Markets,Karl Jablonski,305 - 14th Ave. S. Suite 3B,Seattle,98128,USA,Buchanan,Steven,1955-03-04,EmpID5.pic,"Steven Buchanan graduated from St. Andrews University, Scotland, with a BSC degree. Upon joining the company as a sales representative, he spent 6 months in an orientation program at the Seattle office and then returned to his permanent post in London, where he was promoted to sales manager. Mr. Buchanan has completed the courses 'Successful Telemarketing' and 'International Sales Management'. He is fluent in French.",Speedy Express,(503) 555-9831,14,Formaggi Fortini s.r.l.,Elio Rossi,"Viale Dante, 75",Ravenna,48100,Italy,(0544) 60323
60,10270,36,30,Inlagd Sill,17,8,24 - 250 g jars,19.0,8,Seafood,Seaweed and fish,87,1,1996-08-01,1,Wartian Herkku,Pirkko Koskitalo,Torikatu 38,Oulu,90110,Finland,Davolio,Nancy,1968-12-08,EmpID1.pic,Education includes a BA in psychology from Colorado State University. She also completed (The Art of the Cold Call). Nancy is a member of 'Toastmasters International'.,Speedy Express,(503) 555-9831,17,Svensk Sjöföda AB,Michael Björn,Brovallavägen 231,Stockholm,S-123 45,Sweden,08-123 45 67
61,10270,43,25,Ipoh Coffee,20,1,16 - 500 g tins,46.0,1,Beverages,"Soft drinks, coffees, teas, beers, and ales",87,1,1996-08-01,1,Wartian Herkku,Pirkko Koskitalo,Torikatu 38,Oulu,90110,Finland,Davolio,Nancy,1968-12-08,EmpID1.pic,Education includes a BA in psychology from Colorado State University. She also completed (The Art of the Cold Call). Nancy is a member of 'Toastmasters International'.,Speedy Express,(503) 555-9831,20,Leka Trading,Chandra Leka,"471 Serangoon Loop, Suite #402",Singapore,0512,Singapore,555-8787
62,10271,33,24,Geitost,15,4,500 g,2.5,4,Dairy Products,Cheeses,75,6,1996-08-01,2,Split Rail Beer & Ale,Art Braunschweiger,P.O. Box 555,Lander,82520,USA,Suyama,Michael,1963-07-02,EmpID6.pic,"Michael is a graduate of Sussex University (MA, economics) and the University of California at Los Angeles (MBA, marketing). He has also taken the courses 'Multi-Cultural Selling' and 'Time Management for the Sales Professional'. He is fluent in Japanese and can read and write French, Portuguese, and Spanish.",United Package,(503) 555-3199,15,Norske Meierier,Beate Vileid,Hatlevegen 5,Sandvika,1320,Norway,(0)2-953010
63,10272,20,6,Sir Rodney's Marmalade,8,3,30 gift boxes,81.0,3,Confections,"Desserts, candies, and sweet breads",65,6,1996-08-02,2,Rattlesnake Canyon Grocery,Paula Wilson,2817 Milton Dr.,Albuquerque,87110,USA,Suyama,Michael,1963-07-02,EmpID6.pic,"Michael is a graduate of Sussex University (MA, economics) and the University of California at Los Angeles (MBA, marketing). He has also taken the courses 'Multi-Cultural Selling' and 'Time Management for the Sales Professional'. He is fluent in Japanese and can read and write French, Portuguese, and Spanish.",United Package,(503) 555-3199,8,"Specialty Biscuits, Ltd.",Peter Wilson,29 King's Way,Manchester,M14 GSD,UK,(161) 555-4448
64,10272,31,40,Gorgonzola Telino,14,4,12 - 100 g pkgs,12.5,4,Dairy Products,Cheeses,65,6,1996-08-02,2,Rattlesnake Canyon Grocery,Paula Wilson,2817 Milton Dr.,Albuquerque,87110,USA,Suyama,Michael,1963-07-02,EmpID6.pic,"Michael is a graduate of Sussex University (MA, economics) and the University of California at Los Angeles (MBA, marketing). He has also taken the courses 'Multi-Cultural Selling' and 'Time Management for the Sales Professional'. He is fluent in Japanese and can read and write French, Portuguese, and Spanish.",United Package,(503) 555-3199,14,Formaggi Fortini s.r.l.,Elio Rossi,"Viale Dante, 75",Ravenna,48100,Italy,(0544) 60323
65,10272,72,24,Mozzarella di Giovanni,14,4,24 - 200 g pkgs.,34.8,4,Dairy Products,Cheeses,65,6,1996-08-02,2,Rattlesnake Canyon Grocery,Paula Wilson,2817 Milton Dr.,Albuquerque,87110,USA,Suyama,Michael,1963-07-02,EmpID6.pic,"Michael is a graduate of Sussex University (MA, economics) and the University of California at Los Angeles (MBA, marketing). He has also taken the courses 'Multi-Cultural Selling' and 'Time Management for the Sales Professional'. He is fluent in Japanese and can read and write French, Portuguese, and Spanish.",United Package,(503) 555-3199,14,Formaggi Fortini s.r.l.,Elio Rossi,"Viale Dante, 75",Ravenna,48100,Italy,(0544) 60323
66,10273,10,24,Ikura,4,8,12 - 200 ml jars,31.0,8,Seafood,Seaweed and fish,63,3,1996-08-05,3,QUICK-Stop,Horst Kloss,Taucherstraße 10,Cunewalde,01307,Germany,Leverling,Janet,1963-08-30,EmpID3.pic,Janet has a BS degree in chemistry from Boston College). She has also completed a certificate program in food retailing management. Janet was hired as a sales associate and was promoted to sales representative.,Federal Shipping,(503) 555-9931,4,Tokyo Traders,Yoshi Nagase,9-8 Sekimai Musashino-shi,Tokyo,100,Japan,(03) 3555-5011
67,10273,31,15,Gorgonzola Telino,14,4,12 - 100 g pkgs,12.5,4,Dairy Products,Cheeses,63,3,1996-08-05,3,QUICK-Stop,Horst Kloss,Taucherstraße 10,Cunewalde,01307,Germany,Leverling,Janet,1963-08-30,EmpID3.pic,Janet has a BS degree in chemistry from Boston College). She has also completed a certificate program in food retailing management. Janet was hired as a sales associate and was promoted to sales representative.,Federal Shipping,(503) 555-9931,14,Formaggi Fortini s.r.l.,Elio Rossi,"Viale Dante, 75",Ravenna,48100,Italy,(0544) 60323
68,10273,33,20,Geitost,15,4,500 g,2.5,4,Dairy Products,Cheeses,63,3,1996-08-05,3,QUICK-Stop,Horst Kloss,Taucherstraße 10,Cunewalde,01307,Germany,Leverling,Janet,1963-08-30,EmpID3.pic,Janet has a BS degree in chemistry from Boston College). She has also completed a certificate program in food retailing management. Janet was hired as a sales associate and was promoted to sales representative.,Federal Shipping,(503) 555-9931,15,Norske Meierier,Beate Vileid,Hatlevegen 5,Sandvika,1320,Norway,(0)2-953010
69,10273,40,60,Boston Crab Meat,19,8,24 - 4 oz tins,18.4,8,Seafood,Seaweed and fish,63,3,1996-08-05,3,QUICK-Stop,Horst Kloss,Taucherstraße 10,Cunewalde,01307,Germany,Leverling,Janet,1963-08-30,EmpID3.pic,Janet has a BS degree in chemistry from Boston College). She has also completed a certificate program in food retailing management. Janet was hired as a sales associate and was promoted to sales representative.,Federal Shipping,(503) 555-9931,19,New England Seafood Cannery,Robb Merchant,Order Processing Dept. 2100 Paul Revere Blvd.,Boston,02134,USA,(617) 555-3267
70,10273,76,33,Lakkalikööri,23,1,500 ml,18.0,1,Beverages,"Soft drinks, coffees, teas, beers, and ales",63,3,1996-08-05,3,QUICK-Stop,Horst Kloss,Taucherstraße 10,Cunewalde,01307,Germany,Leverling,Janet,1963-08-30,EmpID3.pic,Janet has a BS degree in chemistry from Boston College). She has also completed a certificate program in food retailing management. Janet was hired as a sales associate and was promoted to sales representative.,Federal Shipping,(503) 555-9931,23,Karkki Oy,Anne Heikkonen,Valtakatu 12,Lappeenranta,53120,Finland,(953) 10956
71,10274,71,20,Fløtemysost,15,4,10 - 500 g pkgs.,21.5,4,Dairy Products,Cheeses,85,6,1996-08-06,1,Vins et alcools Chevalier,Paul Henriot,59 rue de l'Abbaye,Reims,51100,France,Suyama,Michael,1963-07-02,EmpID6.pic,"Michael is a graduate of Sussex University (MA, economics) and the University of California at Los Angeles (MBA, marketing). He has also taken the courses 'Multi-Cultural Selling' and 'Time Management for the Sales Professional'. He is fluent in Japanese and can read and write French, Portuguese, and Spanish.",Speedy Express,(503) 555-9831,15,Norske Meierier,Beate Vileid,Hatlevegen 5,Sandvika,1320,Norway,(0)2-953010
72,10274,72,7,Mozzarella di Giovanni,14,4,24 - 200 g pkgs.,34.8,4,Dairy Products,Cheeses,85,6,1996-08-06,1,Vins et alcools Chevalier,Paul Henriot,59 rue de l'Abbaye,Reims,51100,France,Suyama,Michael,1963-07-02,EmpID6.pic,"Michael is a graduate of Sussex University (MA, economics) and the University of California at Los Angeles (MBA, marketing). He has also taken the courses 'Multi-Cultural Selling' and 'Time Management for the Sales Professional'. He is fluent in Japanese and can read and write French, Portuguese, and Spanish.",Speedy Express,(503) 555-9831,14,Formaggi Fortini s.r.l.,Elio Rossi,"Viale Dante, 75",Ravenna,48100,Italy,(0544) 60323
73,10275,24,12,Guaraná Fantástica,10,1,12 - 355 ml cans,4.5,1,Beverages,"Soft drinks, coffees, teas, beers, and ales",49,1,1996-08-07,1,Magazzini Alimentari Riuniti,Giovanni Rovelli,Via Ludovico il Moro 22,Bergamo,24100,Italy,Davolio,Nancy,1968-12-08,EmpID1.pic,Education includes a BA in psychology from Colorado State University. She also completed (The Art of the Cold Call). Nancy is a member of 'Toastmasters International'.,Speedy Express,(503) 555-9831,10,Refrescos Americanas LTDA,Carlos Diaz,Av. das Americanas 12.890,São Paulo,5442,Brazil,(11) 555 4640
74,10275,59,6,Raclette Courdavault,28,4,5 kg pkg.,55.0,4,Dairy Products,Cheeses,49,1,1996-08-07,1,Magazzini Alimentari Riuniti,Giovanni Rovelli,Via Ludovico il Moro 22,Bergamo,24100,Italy,Davolio,Nancy,1968-12-08,EmpID1.pic,Education includes a BA in psychology from Colorado State University. She also completed (The Art of the Cold Call). Nancy is a member of 'Toastmasters International'.,Speedy Express,(503) 555-9831,28,Gai pâturage,Eliane Noz,"Bat. B 3, rue des Alpes",Annecy,74000,France,38.76.98.06
75,10276,10,15,Ikura,4,8,12 - 200 ml jars,31.0,8,Seafood,Seaweed and fish,80,8,1996-08-08,3,Tortuga Restaurante,Miguel Angel Paolino,Avda. Azteca 123,México D.F.,05033,Mexico,Callahan,Laura,1958-01-09,EmpID8.pic,Laura received a BA in psychology from the University of Washington. She has also completed a course in business French. She reads and writes French.,Federal Shipping,(503) 555-9931,4,Tokyo Traders,Yoshi Nagase,9-8 Sekimai Musashino-shi,Tokyo,100,Japan,(03) 3555-5011
76,10276,13,10,Konbu,6,8,2 kg box,6.0,8,Seafood,Seaweed and fish,80,8,1996-08-08,3,Tortuga Restaurante,Miguel Angel Paolino,Avda. Azteca 123,México D.F.,05033,Mexico,Callahan,Laura,1958-01-09,EmpID8.pic,Laura received a BA in psychology from the University of Washington. She has also completed a course in business French. She reads and writes French.,Federal Shipping,(503) 555-9931,6,Mayumi's,Mayumi Ohno,92 Setsuko Chuo-ku,Osaka,545,Japan,(06) 431-7877
77,10277,28,20,Rössle Sauerkraut,12,7,25 - 825 g cans,45.6,7,Produce,Dried fruit and bean curd,52,2,1996-08-09,3,Morgenstern Gesundkost,Alexander Feuer,Heerstr. 22,Leipzig,04179,Germany,Fuller,Andrew,1952-02-19,EmpID2.pic,"Andrew received his BTS commercial and a Ph.D. in international marketing from the University of Dallas. He is fluent in French and Italian and reads German. He joined the company as a sales representative, was promoted to sales manager and was then named vice president of sales. Andrew is a member of the Sales Management Roundtable, the Seattle Chamber of Commerce, and the Pacific Rim Importers Association.",Federal Shipping,(503) 555-9931,12,Plutzer Lebensmittelgroßmärkte AG,Martin Bein,Bogenallee 51,Frankfurt,60439,Germany,(069) 992755
78,10277,62,12,Tarte au sucre,29,3,48 pies,49.3,3,Confections,"Desserts, candies, and sweet breads",52,2,1996-08-09,3,Morgenstern Gesundkost,Alexander Feuer,Heerstr. 22,Leipzig,04179,Germany,Fuller,Andrew,1952-02-19,EmpID2.pic,"Andrew received his BTS commercial and a Ph.D. in international marketing from the University of Dallas. He is fluent in French and Italian and reads German. He joined the company as a sales representative, was promoted to sales manager and was then named vice president of sales. Andrew is a member of the Sales Management Roundtable, the Seattle Chamber of Commerce, and the Pacific Rim Importers Association.",Federal Shipping,(503) 555-9931,29,Forêts d'érables,Chantal Goulet,148 rue Chasseur,Ste-Hyacinthe,J2S 7S8,Canada,(514) 555-2955
79,10278,44,16,Gula Malacca,20,2,20 - 2 kg bags,19.45,2,Condiments,"Sweet and savory sauces, relishes, spreads, and seasonings",5,8,1996-08-12,2,Berglunds snabbköp,Christina Berglund,Berguvsvägen 8,Luleå,S-958 22,Sweden,Callahan,Laura,1958-01-09,EmpID8.pic,Laura received a BA in psychology from the University of Washington. She has also completed a course in business French. She reads and writes French.,United Package,(503) 555-3199,20,Leka Trading,Chandra Leka,"471 Serangoon Loop, Suite #402",Singapore,0512,Singapore,555-8787
80,10278,59,15,Raclette Courdavault,28,4,5 kg pkg.,55.0,4,Dairy Products,Cheeses,5,8,1996-08-12,2,Berglunds snabbköp,Christina Berglund,Berguvsvägen 8,Luleå,S-958 22,Sweden,Callahan,Laura,1958-01-09,EmpID8.pic,Laura received a BA in psychology from the University of Washington. She has also completed a course in business French. She reads and writes French.,United Package,(503) 555-3199,28,Gai pâturage,Eliane Noz,"Bat. B 3, rue des Alpes",Annecy,74000,France,38.76.98.06
81,10278,63,8,Vegie-spread,7,2,15 - 625 g jars,43.9,2,Condiments,"Sweet and savory sauces, relishes, spreads, and seasonings",5,8,1996-08-12,2,Berglunds snabbköp,Christina Berglund,Berguvsvägen 8,Luleå,S-958 22,Sweden,Callahan,Laura,1958-01-09,EmpID8.pic,Laura received a BA in psychology from the University of Washington. She has also completed a course in business French. She reads and writes French.,United Package,(503) 555-3199,7,"Pavlova, Ltd.",Ian Devling,74 Rose St. Moonie Ponds,Melbourne,3058,Australia,(03) 444-2343
82,10278,73,25,Röd Kaviar,17,8,24 - 150 g jars,15.0,8,Seafood,Seaweed and fish,5,8,1996-08-12,2,Berglunds snabbköp,Christina Berglund,Berguvsvägen 8,Luleå,S-958 22,Sweden,Callahan,Laura,1958-01-09,EmpID8.pic,Laura received a BA in psychology from the University of Washington. She has also completed a course in business French. She reads and writes French.,United Package,(503) 555-3199,17,Svensk Sjöföda AB,Michael Björn,Brovallavägen 231,Stockholm,S-123 45,Sweden,08-123 45 67
83,10279,17,15,Alice Mutton,7,6,20 - 1 kg tins,39.0,6,Meat/Poultry,Prepared meats,44,8,1996-08-13,2,Lehmanns Marktstand,Renate Messner,Magazinweg 7,Frankfurt a.M.,60528,Germany,Callahan,Laura,1958-01-09,EmpID8.pic,Laura received a BA in psychology from the University of Washington. She has also completed a course in business French. She reads and writes French.,United Package,(503) 555-3199,7,"Pavlova, Ltd.",Ian Devling,74 Rose St. Moonie Ponds,Melbourne,3058,Australia,(03) 444-2343
84,10280,24,12,Guaraná Fantástica,10,1,12 - 355 ml cans,4.5,1,Beverages,"Soft drinks, coffees, teas, beers, and ales",5,2,1996-08-14,1,Berglunds snabbköp,Christina Berglund,Berguvsvägen 8,Luleå,S-958 22,Sweden,Fuller,Andrew,1952-02-19,EmpID2.pic,"Andrew received his BTS commercial and a Ph.D. in international marketing from the University of Dallas. He is fluent in French and Italian and reads German. He joined the company as a sales representative, was promoted to sales manager and was then named vice president of sales. Andrew is a member of the Sales Management Roundtable, the Seattle Chamber of Commerce, and the Pacific Rim Importers Association.",Speedy Express,(503) 555-9831,10,Refrescos Americanas LTDA,Carlos Diaz,Av. das Americanas 12.890,São Paulo,5442,Brazil,(11) 555 4640
85,10280,55,20,Pâté chinois,25,6,24 boxes x 2 pies,24.0,6,Meat/Poultry,Prepared meats,5,2,1996-08-14,1,Berglunds snabbköp,Christina Berglund,Berguvsvägen 8,Luleå,S-958 22,Sweden,Fuller,Andrew,1952-02-19,EmpID2.pic,"Andrew received his BTS commercial and a Ph.D. in international marketing from the University of Dallas. He is fluent in French and Italian and reads German. He joined the company as a sales representative, was promoted to sales manager and was then named vice president of sales. Andrew is a member of the Sales Management Roundtable, the Seattle Chamber of Commerce, and the Pacific Rim Importers Association.",Speedy Express,(503) 555-9831,25,Ma Maison,Jean-Guy Lauzon,2960 Rue St. Laurent,Montréal,H1J 1C3,Canada,(514) 555-9022
86,10280,75,30,Rhönbräu Klosterbier,12,1,24 - 0.5 l bottles,7.75,1,Beverages,"Soft drinks, coffees, teas, beers, and ales",5,2,1996-08-14,1,Berglunds snabbköp,Christina Berglund,Berguvsvägen 8,Luleå,S-958 22,Sweden,Fuller,Andrew,1952-02-19,EmpID2.pic,"Andrew received his BTS commercial and a Ph.D. in international marketing from the University of Dallas. He is fluent in French and Italian and reads German. He joined the company as a sales representative, was promoted to sales manager and was then named vice president of sales. Andrew is a member of the Sales Management Roundtable, the Seattle Chamber of Commerce, and the Pacific Rim Importers Association.",Speedy Express,(503) 555-9831,12,Plutzer Lebensmittelgroßmärkte AG,Martin Bein,Bogenallee 51,Frankfurt,60439,Germany,(069) 992755
87,10281,19,1,Teatime Chocolate Biscuits,8,3,10 boxes x 12 pieces,9.2,3,Confections,"Desserts, candies, and sweet breads",69,4,1996-08-14,1,Romero y tomillo,Alejandra Camino,"Gran Vía, 1",Madrid,28001,Spain,Peacock,Margaret,1958-09-19,EmpID4.pic,Margaret holds a BA in English literature from Concordia College and an MA from the American Institute of Culinary Arts. She was temporarily assigned to the London office before returning to her permanent post in Seattle.,Speedy Express,(503) 555-9831,8,"Specialty Biscuits, Ltd.",Peter Wilson,29 King's Way,Manchester,M14 GSD,UK,(161) 555-4448
88,10281,24,6,Guaraná Fantástica,10,1,12 - 355 ml cans,4.5,1,Beverages,"Soft drinks, coffees, teas, beers, and ales",69,4,1996-08-14,1,Romero y tomillo,Alejandra Camino,"Gran Vía, 1",Madrid,28001,Spain,Peacock,Margaret,1958-09-19,EmpID4.pic,Margaret holds a BA in English literature from Concordia College and an MA from the American Institute of Culinary Arts. She was temporarily assigned to the London office before returning to her permanent post in Seattle.,Speedy Express,(503) 555-9831,10,Refrescos Americanas LTDA,Carlos Diaz,Av. das Americanas 12.890,São Paulo,5442,Brazil,(11) 555 4640
89,10281,35,4,Steeleye Stout,16,1,24 - 12 oz bottles,18.0,1,Beverages,"Soft drinks, coffees, teas, beers, and ales",69,4,1996-08-14,1,Romero y tomillo,Alejandra Camino,"Gran Vía, 1",Madrid,28001,Spain,Peacock,Margaret,1958-09-19,EmpID4.pic,Margaret holds a BA in English literature from Concordia College and an MA from the American Institute of Culinary Arts. She was temporarily assigned to the London office before returning to her permanent post in Seattle.,Speedy Express,(503) 555-9831,16,Bigfoot Breweries,Cheryl Saylor,3400 - 8th Avenue Suite 210,Bend,97101,USA,(503) 555-9931
90,10282,30,6,Nord-Ost Matjeshering,13,8,10 - 200 g glasses,25.89,8,Seafood,Seaweed and fish,69,4,1996-08-15,1,Romero y tomillo,Alejandra Camino,"Gran Vía, 1",Madrid,28001,Spain,Peacock,Margaret,1958-09-19,EmpID4.pic,Margaret holds a BA in English literature from Concordia College and an MA from the American Institute of Culinary Arts. She was temporarily assigned to the London office before returning to her permanent post in Seattle.,Speedy Express,(503) 555-9831,13,Nord-Ost-Fisch Handelsgesellschaft mbH,Sven Petersen,Frahmredder 112a,Cuxhaven,27478,Germany,(04721) 8713
91,10282,57,2,Ravioli Angelo,26,5,24 - 250 g pkgs.,19.5,5,Grains/Cereals,"Breads, crackers, pasta, and cereal",69,4,1996-08-15,1,Romero y tomillo,Alejandra Camino,"Gran Vía, 1",Madrid,28001,Spain,Peacock,Margaret,1958-09-19,EmpID4.pic,Margaret holds a BA in English literature from Concordia College and an MA from the American Institute of Culinary Arts. She was temporarily assigned to the London office before returning to her permanent post in Seattle.,Speedy Express,(503) 555-9831,26,Pasta Buttini s.r.l.,Giovanni Giudici,"Via dei Gelsomini, 153",Salerno,84100,Italy,(089) 6547665
92,10283,15,20,Genen Shouyu,6,2,24 - 250 ml bottles,15.5,2,Condiments,"Sweet and savory sauces, relishes, spreads, and seasonings",46,3,1996-08-16,3,LILA-Supermercado,Carlos González,Carrera 52 con Ave. Bolívar #65-98 Llano Largo,Barquisimeto,3508,Venezuela,Leverling,Janet,1963-08-30,EmpID3.pic,Janet has a BS degree in chemistry from Boston College). She has also completed a certificate program in food retailing management. Janet was hired as a sales associate and was promoted to sales representative.,Federal Shipping,(503) 555-9931,6,Mayumi's,Mayumi Ohno,92 Setsuko Chuo-ku,Osaka,545,Japan,(06) 431-7877
93,10283,19,18,Teatime Chocolate Biscuits,8,3,10 boxes x 12 pieces,9.2,3,Confections,"Desserts, candies, and sweet breads",46,3,1996-08-16,3,LILA-Supermercado,Carlos González,Carrera 52 con Ave. Bolívar #65-98 Llano Largo,Barquisimeto,3508,Venezuela,Leverling,Janet,1963-08-30,EmpID3.pic,Janet has a BS degree in chemistry from Boston College). She has also completed a certificate program in food retailing management. Janet was hired as a sales associate and was promoted to sales representative.,Federal Shipping,(503) 555-9931,8,"Specialty Biscuits, Ltd.",Peter Wilson,29 King's Way,Manchester,M14 GSD,UK,(161) 555-4448
94,10283,60,35,Camembert Pierrot,28,4,15 - 300 g rounds,34.0,4,Dairy Products,Cheeses,46,3,1996-08-16,3,LILA-Supermercado,Carlos González,Carrera 52 con Ave. Bolívar #65-98 Llano Largo,Barquisimeto,3508,Venezuela,Leverling,Janet,1963-08-30,EmpID3.pic,Janet has a BS degree in chemistry from Boston College). She has also completed a certificate program in food retailing management. Janet was hired as a sales associate and was promoted to sales representative.,Federal Shipping,(503) 555-9931,28,Gai pâturage,Eliane Noz,"Bat. B 3, rue des Alpes",Annecy,74000,France,38.76.98.06
95,10283,72,3,Mozzarella di Giovanni,14,4,24 - 200 g pkgs.,34.8,4,Dairy Products,Cheeses,46,3,1996-08-16,3,LILA-Supermercado,Carlos González,Carrera 52 con Ave. Bolívar #65-98 Llano Largo,Barquisimeto,3508,Venezuela,Leverling,Janet,1963-08-30,EmpID3.pic,Janet has a BS degree in chemistry from Boston College). She has also completed a certificate program in food retailing management. Janet was hired as a sales associate and was promoted to sales representative.,Federal Shipping,(503) 555-9931,14,Formaggi Fortini s.r.l.,Elio Rossi,"Viale Dante, 75",Ravenna,48100,Italy,(0544) 60323
96,10284,27,15,Schoggi Schokolade,11,3,100 - 100 g pieces,43.9,3,Confections,"Desserts, candies, and sweet breads",44,4,1996-08-19,1,Lehmanns Marktstand,Renate Messner,Magazinweg 7,Frankfurt a.M.,60528,Germany,Peacock,Margaret,1958-09-19,EmpID4.pic,Margaret holds a BA in English literature from Concordia College and an MA from the American Institute of Culinary Arts. She was temporarily assigned to the London office before returning to her permanent post in Seattle.,Speedy Express,(503) 555-9831,11,Heli Süßwaren GmbH & Co. KG,Petra Winkler,Tiergartenstraße 5,Berlin,10785,Germany,(010) 9984510
97,10284,44,21,Gula Malacca,20,2,20 - 2 kg bags,19.45,2,Condiments,"Sweet and savory sauces, relishes, spreads, and seasonings",44,4,1996-08-19,1,Lehmanns Marktstand,Renate Messner,Magazinweg 7,Frankfurt a.M.,60528,Germany,Peacock,Margaret,1958-09-19,EmpID4.pic,Margaret holds a BA in English literature from Concordia College and an MA from the American Institute of Culinary Arts. She was temporarily assigned to the London office before returning to her permanent post in Seattle.,Speedy Express,(503) 555-9831,20,Leka Trading,Chandra Leka,"471 Serangoon Loop, Suite #402",Singapore,0512,Singapore,555-8787
98,10284,60,20,Camembert Pierrot,28,4,15 - 300 g rounds,34.0,4,Dairy Products,Cheeses,44,4,1996-08-19,1,Lehmanns Marktstand,Renate Messner,Magazinweg 7,Frankfurt a.M.,60528,Germany,Peacock,Margaret,1958-09-19,EmpID4.pic,Margaret holds a BA in English literature from Concordia College and an MA from the American Institute of Culinary Arts. She was temporarily assigned to the London office before returning to her permanent post in Seattle.,Speedy Express,(503) 555-9831,28,Gai pâturage,Eliane Noz,"Bat. B 3, rue des Alpes",Annecy,74000,France,38.76.98.06
99,10284,67,5,Laughing Lumberjack Lager,16,1,24 - 12 oz bottles,14.0,1,Beverages,"Soft drinks, coffees, teas, beers, and ales",44,4,1996-08-19,1,Lehmanns Marktstand,Renate Messner,Magazinweg 7,Frankfurt a.M.,60528,Germany,Peacock,Margaret,1958-09-19,EmpID4.pic,Margaret holds a BA in English literature from Concordia College and an MA from the American Institute of Culinary Arts. She was temporarily assigned to the London office before returning to her permanent post in Seattle.,Speedy Express,(503) 555-9831,16,Bigfoot Breweries,Cheryl Saylor,3400 - 8th Avenue Suite 210,Bend,97101,USA,(503) 555-9931
100,10285,1,45,Chais,1,1,10 boxes x 20 bags,18.0,1,Beverages,"Soft drinks, coffees, teas, beers, and ales",63,1,1996-08-20,2,QUICK-Stop,Horst Kloss,Taucherstraße 10,Cunewalde,01307,Germany,Davolio,Nancy,1968-12-08,EmpID1.pic,Education includes a BA in psychology from Colorado State University. She also completed (The Art of the Cold Call). Nancy is a member of 'Toastmasters International'.,United Package,(503) 555-3199,1,Exotic Liquid,Charlotte Cooper,49 Gilbert St.,Londona,EC1 4SD,UK,(171) 555-2222
101,10285,40,40,Boston Crab Meat,19,8,24 - 4 oz tins,18.4,8,Seafood,Seaweed and fish,63,1,1996-08-20,2,QUICK-Stop,Horst Kloss,Taucherstraße 10,Cunewalde,01307,Germany,Davolio,Nancy,1968-12-08,EmpID1.pic,Education includes a BA in psychology from Colorado State University. She also completed (The Art of the Cold Call). Nancy is a member of 'Toastmasters International'.,United Package,(503) 555-3199,19,New England Seafood Cannery,Robb Merchant,Order Processing Dept. 2100 Paul Revere Blvd.,Boston,02134,USA,(617) 555-3267
102,10285,53,36,Perth Pasties,24,6,48 pieces,32.8,6,Meat/Poultry,Prepared meats,63,1,1996-08-20,2,QUICK-Stop,Horst Kloss,Taucherstraße 10,Cunewalde,01307,Germany,Davolio,Nancy,1968-12-08,EmpID1.pic,Education includes a BA in psychology from Colorado State University. She also completed (The Art of the Cold Call). Nancy is a member of 'Toastmasters International'.,United Package,(503) 555-3199,24,"G'day, Mate",Wendy Mackenzie,170 Prince Edward Parade Hunter's Hill,Sydney,2042,Australia,(02) 555-5914
103,10286,35,100,Steeleye Stout,16,1,24 - 12 oz bottles,18.0,1,Beverages,"Soft drinks, coffees, teas, beers, and ales",63,8,1996-08-21,3,QUICK-Stop,Horst Kloss,Taucherstraße 10,Cunewalde,01307,Germany,Callahan,Laura,1958-01-09,EmpID8.pic,Laura received a BA in psychology from the University of Washington. She has also completed a course in business French. She reads and writes French.,Federal Shipping,(503) 555-9931,16,Bigfoot Breweries,Cheryl Saylor,3400 - 8th Avenue Suite 210,Bend,97101,USA,(503) 555-9931
104,10286,62,40,Tarte au sucre,29,3,48 pies,49.3,3,Confections,"Desserts, candies, and sweet breads",63,8,1996-08-21,3,QUICK-Stop,Horst Kloss,Taucherstraße 10,Cunewalde,01307,Germany,Callahan,Laura,1958-01-09,EmpID8.pic,Laura received a BA in psychology from the University of Washington. She has also completed a course in business French. She reads and writes French.,Federal Shipping,(503) 555-9931,29,Forêts d'érables,Chantal Goulet,148 rue Chasseur,Ste-Hyacinthe,J2S 7S8,Canada,(514) 555-2955
105,10287,16,40,Pavlova,7,3,32 - 500 g boxes,17.45,3,Confections,"Desserts, candies, and sweet breads",67,8,1996-08-22,3,Ricardo Adocicados,Janete Limeira,"Av. Copacabana, 267",Rio de Janeiro,02389-890,Brazil,Callahan,Laura,1958-01-09,EmpID8.pic,Laura received a BA in psychology from the University of Washington. She has also completed a course in business French. She reads and writes French.,Federal Shipping,(503) 555-9931,7,"Pavlova, Ltd.",Ian Devling,74 Rose St. Moonie Ponds,Melbourne,3058,Australia,(03) 444-2343
106,10287,34,20,Sasquatch Ale,16,1,24 - 12 oz bottles,14.0,1,Beverages,"Soft drinks, coffees, teas, beers, and ales",67,8,1996-08-22,3,Ricardo Adocicados,Janete Limeira,"Av. Copacabana, 267",Rio de Janeiro,02389-890,Brazil,Callahan,Laura,1958-01-09,EmpID8.pic,Laura received a BA in psychology from the University of Washington. She has also completed a course in business French. She reads and writes French.,Federal Shipping,(503) 555-9931,16,Bigfoot Breweries,Cheryl Saylor,3400 - 8th Avenue Suite 210,Bend,97101,USA,(503) 555-9931
107,10287,46,15,Spegesild,21,8,4 - 450 g glasses,12.0,8,Seafood,Seaweed and fish,67,8,1996-08-22,3,Ricardo Adocicados,Janete Limeira,"Av. Copacabana, 267",Rio de Janeiro,02389-890,Brazil,Callahan,Laura,1958-01-09,EmpID8.pic,Laura received a BA in psychology from the University of Washington. She has also completed a course in business French. She reads and writes French.,Federal Shipping,(503) 555-9931,21,Lyngbysild,Niels Petersen,Lyngbysild Fiskebakken 10,Lyngby,2800,Denmark,43844108
108,10288,54,10,Tourtière,25,6,16 pies,7.45,6,Meat/Poultry,Prepared meats,66,4,1996-08-23,1,Reggiani Caseifici,Maurizio Moroni,Strada Provinciale 124,Reggio Emilia,42100,Italy,Peacock,Margaret,1958-09-19,EmpID4.pic,Margaret holds a BA in English literature from Concordia College and an MA from the American Institute of Culinary Arts. She was temporarily assigned to the London office before returning to her permanent post in Seattle.,Speedy Express,(503) 555-9831,25,Ma Maison,Jean-Guy Lauzon,2960 Rue St. Laurent,Montréal,H1J 1C3,Canada,(514) 555-9022
109,10288,68,3,Scottish Longbreads,8,3,10 boxes x 8 pieces,12.5,3,Confections,"Desserts, candies, and sweet breads",66,4,1996-08-23,1,Reggiani Caseifici,Maurizio Moroni,Strada Provinciale 124,Reggio Emilia,42100,Italy,Peacock,Margaret,1958-09-19,EmpID4.pic,Margaret holds a BA in English literature from Concordia College and an MA from the American Institute of Culinary Arts. She was temporarily assigned to the London office before returning to her permanent post in Seattle.,Speedy Express,(503) 555-9831,8,"Specialty Biscuits, Ltd.",Peter Wilson,29 King's Way,Manchester,M14 GSD,UK,(161) 555-4448
110,10289,3,30,Aniseed Syrup,1,2,12 - 550 ml bottles,10.0,2,Condiments,"Sweet and savory sauces, relishes, spreads, and seasonings",11,7,1996-08-26,3,B's Beverages,Victoria Ashworth,Fauntleroy Circus,London,EC2 5NT,UK,King,Robert,1960-05-29,EmpID7.pic,"Robert King served in the Peace Corps and traveled extensively before completing his degree in English at the University of Michigan and then joining the company. After completing a course entitled 'Selling in Europe', he was transferred to the London office.",Federal Shipping,(503) 555-9931,1,Exotic Liquid,Charlotte Cooper,49 Gilbert St.,Londona,EC1 4SD,UK,(171) 555-2222
111,10289,64,9,Wimmers gute Semmelknödel,12,5,20 bags x 4 pieces,33.25,5,Grains/Cereals,"Breads, crackers, pasta, and cereal",11,7,1996-08-26,3,B's Beverages,Victoria Ashworth,Fauntleroy Circus,London,EC2 5NT,UK,King,Robert,1960-05-29,EmpID7.pic,"Robert King served in the Peace Corps and traveled extensively before completing his degree in English at the University of Michigan and then joining the company. After completing a course entitled 'Selling in Europe', he was transferred to the London office.",Federal Shipping,(503) 555-9931,12,Plutzer Lebensmittelgroßmärkte AG,Martin Bein,Bogenallee 51,Frankfurt,60439,Germany,(069) 992755
112,10290,5,20,Chef Anton's Gumbo Mix,2,2,36 boxes,21.35,2,Condiments,"Sweet and savory sauces, relishes, spreads, and seasonings",15,8,1996-08-27,1,Comércio Mineiro,Pedro Afonso,"Av. dos Lusíadas, 23",São Paulo,05432-043,Brazil,Callahan,Laura,1958-01-09,EmpID8.pic,Laura received a BA in psychology from the University of Washington. She has also completed a course in business French. She reads and writes French.,Speedy Express,(503) 555-9831,2,New Orleans Cajun Delights,Shelley Burke,P.O. Box 78934,New Orleans,70117,USA,(100) 555-4822
113,10290,29,15,Thüringer Rostbratwurst,12,6,50 bags x 30 sausgs.,123.79,6,Meat/Poultry,Prepared meats,15,8,1996-08-27,1,Comércio Mineiro,Pedro Afonso,"Av. dos Lusíadas, 23",São Paulo,05432-043,Brazil,Callahan,Laura,1958-01-09,EmpID8.pic,Laura received a BA in psychology from the University of Washington. She has also completed a course in business French. She reads and writes French.,Speedy Express,(503) 555-9831,12,Plutzer Lebensmittelgroßmärkte AG,Martin Bein,Bogenallee 51,Frankfurt,60439,Germany,(069) 992755
114,10290,49,15,Maxilaku,23,3,24 - 50 g pkgs.,20.0,3,Confections,"Desserts, candies, and sweet breads",15,8,1996-08-27,1,Comércio Mineiro,Pedro Afonso,"Av. dos Lusíadas, 23",São Paulo,05432-043,Brazil,Callahan,Laura,1958-01-09,EmpID8.pic,Laura received a BA in psychology from the University of Washington. She has also completed a course in business French. She reads and writes French.,Speedy Express,(503) 555-9831,23,Karkki Oy,Anne Heikkonen,Valtakatu 12,Lappeenranta,53120,Finland,(953) 10956
115,10290,77,10,Original Frankfurter grüne Soße,12,2,12 boxes,13.0,2,Condiments,"Sweet and savory sauces, relishes, spreads, and seasonings",15,8,1996-08-27,1,Comércio Mineiro,Pedro Afonso,"Av. dos Lusíadas, 23",São Paulo,05432-043,Brazil,Callahan,Laura,1958-01-09,EmpID8.pic,Laura received a BA in psychology from the University of Washington. She has also completed a course in business French. She reads and writes French.,Speedy Express,(503) 555-9831,12,Plutzer Lebensmittelgroßmärkte AG,Martin Bein,Bogenallee 51,Frankfurt,60439,Germany,(069) 992755
116,10291,13,20,Konbu,6,8,2 kg box,6.0,8,Seafood,Seaweed and fish,61,6,1996-08-27,2,Que Delícia,Bernardo Batista,"Rua da Panificadora, 12",Rio de Janeiro,02389-673,Brazil,Suyama,Michael,1963-07-02,EmpID6.pic,"Michael is a graduate of Sussex University (MA, economics) and the University of California at Los Angeles (MBA, marketing). He has also taken the courses 'Multi-Cultural Selling' and 'Time Management for the Sales Professional'. He is fluent in Japanese and can read and write French, Portuguese, and Spanish.",United Package,(503) 555-3199,6,Mayumi's,Mayumi Ohno,92 Setsuko Chuo-ku,Osaka,545,Japan,(06) 431-7877
117,10291,44,24,Gula Malacca,20,2,20 - 2 kg bags,19.45,2,Condiments,"Sweet and savory sauces, relishes, spreads, and seasonings",61,6,1996-08-27,2,Que Delícia,Bernardo Batista,"Rua da Panificadora, 12",Rio de Janeiro,02389-673,Brazil,Suyama,Michael,1963-07-02,EmpID6.pic,"Michael is a graduate of Sussex University (MA, economics) and the University of California at Los Angeles (MBA, marketing). He has also taken the courses 'Multi-Cultural Selling' and 'Time Management for the Sales Professional'. He is fluent in Japanese and can read and write French, Portuguese, and Spanish.",United Package,(503) 555-3199,20,Leka Trading,Chandra Leka,"471 Serangoon Loop, Suite #402",Singapore,0512,Singapore,555-8787
118,10291,51,2,Manjimup Dried Apples,24,7,50 - 300 g pkgs.,53.0,7,Produce,Dried fruit and bean curd,61,6,1996-08-27,2,Que Delícia,Bernardo Batista,"Rua da Panificadora, 12",Rio de Janeiro,02389-673,Brazil,Suyama,Michael,1963-07-02,EmpID6.pic,"Michael is a graduate of Sussex University (MA, economics) and the University of California at Los Angeles (MBA, marketing). He has also taken the courses 'Multi-Cultural Selling' and 'Time Management for the Sales Professional'. He is fluent in Japanese and can read and write French, Portuguese, and Spanish.",United Package,(503) 555-3199,24,"G'day, Mate",Wendy Mackenzie,170 Prince Edward Parade Hunter's Hill,Sydney,2042,Australia,(02) 555-5914
119,10292,20,20,Sir Rodney's Marmalade,8,3,30 gift boxes,81.0,3,Confections,"Desserts, candies, and sweet breads",81,1,1996-08-28,2,Tradição Hipermercados,Anabela Domingues,"Av. Inês de Castro, 414",São Paulo,05634-030,Brazil,Davolio,Nancy,1968-12-08,EmpID1.pic,Education includes a BA in psychology from Colorado State University. She also completed (The Art of the Cold Call). Nancy is a member of 'Toastmasters International'.,United Package,(503) 555-3199,8,"Specialty Biscuits, Ltd.",Peter Wilson,29 King's Way,Manchester,M14 GSD,UK,(161) 555-4448
120,10293,18,12,Carnarvon Tigers,7,8,16 kg pkg.,62.5,8,Seafood,Seaweed and fish,80,1,1996-08-29,3,Tortuga Restaurante,Miguel Angel Paolino,Avda. Azteca 123,México D.F.,05033,Mexico,Davolio,Nancy,1968-12-08,EmpID1.pic,Education includes a BA in psychology from Colorado State University. She also completed (The Art of the Cold Call). Nancy is a member of 'Toastmasters International'.,Federal Shipping,(503) 555-9931,7,"Pavlova, Ltd.",Ian Devling,74 Rose St. Moonie Ponds,Melbourne,3058,Australia,(03) 444-2343
121,10293,24,10,Guaraná Fantástica,10,1,12 - 355 ml cans,4.5,1,Beverages,"Soft drinks, coffees, teas, beers, and ales",80,1,1996-08-29,3,Tortuga Restaurante,Miguel Angel Paolino,Avda. Azteca 123,México D.F.,05033,Mexico,Davolio,Nancy,1968-12-08,EmpID1.pic,Education includes a BA in psychology from Colorado State University. She also completed (The Art of the Cold Call). Nancy is a member of 'Toastmasters International'.,Federal Shipping,(503) 555-9931,10,Refrescos Americanas LTDA,Carlos Diaz,Av. das Americanas 12.890,São Paulo,5442,Brazil,(11) 555 4640
122,10293,63,5,Vegie-spread,7,2,15 - 625 g jars,43.9,2,Condiments,"Sweet and savory sauces, relishes, spreads, and seasonings",80,1,1996-08-29,3,Tortuga Restaurante,Miguel Angel Paolino,Avda. Azteca 123,México D.F.,05033,Mexico,Davolio,Nancy,1968-12-08,EmpID1.pic,Education includes a BA in psychology from Colorado State University. She also completed (The Art of the Cold Call). Nancy is a member of 'Toastmasters International'.,Federal Shipping,(503) 555-9931,7,"Pavlova, Ltd.",Ian Devling,74 Rose St. Moonie Ponds,Melbourne,3058,Australia,(03) 444-2343
123,10293,75,6,Rhönbräu Klosterbier,12,1,24 - 0.5 l bottles,7.75,1,Beverages,"Soft drinks, coffees, teas, beers, and ales",80,1,1996-08-29,3,Tortuga Restaurante,Miguel Angel Paolino,Avda. Azteca 123,México D.F.,05033,Mexico,Davolio,Nancy,1968-12-08,EmpID1.pic,Education includes a BA in psychology from Colorado State University. She also completed (The Art of the Cold Call). Nancy is a member of 'Toastmasters International'.,Federal Shipping,(503) 555-9931,12,Plutzer Lebensmittelgroßmärkte AG,Martin Bein,Bogenallee 51,Frankfurt,60439,Germany,(069) 992755
124,10294,1,18,Chais,1,1,10 boxes x 20 bags,18.0,1,Beverages,"Soft drinks, coffees, teas, beers, and ales",65,4,1996-08-30,2,Rattlesnake Canyon Grocery,Paula Wilson,2817 Milton Dr.,Albuquerque,87110,USA,Peacock,Margaret,1958-09-19,EmpID4.pic,Margaret holds a BA in English literature from Concordia College and an MA from the American Institute of Culinary Arts. She was temporarily assigned to the London office before returning to her permanent post in Seattle.,United Package,(503) 555-3199,1,Exotic Liquid,Charlotte Cooper,49 Gilbert St.,Londona,EC1 4SD,UK,(171) 555-2222
125,10294,17,15,Alice Mutton,7,6,20 - 1 kg tins,39.0,6,Meat/Poultry,Prepared meats,65,4,1996-08-30,2,Rattlesnake Canyon Grocery,Paula Wilson,2817 Milton Dr.,Albuquerque,87110,USA,Peacock,Margaret,1958-09-19,EmpID4.pic,Margaret holds a BA in English literature from Concordia College and an MA from the American Institute of Culinary Arts. She was temporarily assigned to the London office before returning to her permanent post in Seattle.,United Package,(503) 555-3199,7,"Pavlova, Ltd.",Ian Devling,74 Rose St. Moonie Ponds,Melbourne,3058,Australia,(03) 444-2343
126,10294,43,15,Ipoh Coffee,20,1,16 - 500 g tins,46.0,1,Beverages,"Soft drinks, coffees, teas, beers, and ales",65,4,1996-08-30,2,Rattlesnake Canyon Grocery,Paula Wilson,2817 Milton Dr.,Albuquerque,87110,USA,Peacock,Margaret,1958-09-19,EmpID4.pic,Margaret holds a BA in English literature from Concordia College and an MA from the American Institute of Culinary Arts. She was temporarily assigned to the London office before returning to her permanent post in Seattle.,United Package,(503) 555-3199,20,Leka Trading,Chandra Leka,"471 Serangoon Loop, Suite #402",Singapore,0512,Singapore,555-8787
127,10294,60,21,Camembert Pierrot,28,4,15 - 300 g rounds,34.0,4,Dairy Products,Cheeses,65,4,1996-08-30,2,Rattlesnake Canyon Grocery,Paula Wilson,2817 Milton Dr.,Albuquerque,87110,USA,Peacock,Margaret,1958-09-19,EmpID4.pic,Margaret holds a BA in English literature from Concordia College and an MA from the American Institute of Culinary Arts. She was temporarily assigned to the London office before returning to her permanent post in Seattle.,United Package,(503) 555-3199,28,Gai pâturage,Eliane Noz,"Bat. B 3, rue des Alpes",Annecy,74000,France,38.76.98.06
128,10294,75,6,Rhönbräu Klosterbier,12,1,24 - 0.5 l bottles,7.75,1,Beverages,"Soft drinks, coffees, teas, beers, and ales",65,4,1996-08-30,2,Rattlesnake Canyon Grocery,Paula Wilson,2817 Milton Dr.,Albuquerque,87110,USA,Peacock,Margaret,1958-09-19,EmpID4.pic,Margaret holds a BA in English literature from Concordia College and an MA from the American Institute of Culinary Arts. She was temporarily assigned to the London office before returning to her permanent post in Seattle.,United Package,(503) 555-3199,12,Plutzer Lebensmittelgroßmärkte AG,Martin Bein,Bogenallee 51,Frankfurt,60439,Germany,(069) 992755
129,10295,56,4,Gnocchi di nonna Alice,26,5,24 - 250 g pkgs.,38.0,5,Grains/Cereals,"Breads, crackers, pasta, and cereal",85,2,1996-09-02,2,Vins et alcools Chevalier,Paul Henriot,59 rue de l'Abbaye,Reims,51100,France,Fuller,Andrew,1952-02-19,EmpID2.pic,"Andrew received his BTS commercial and a Ph.D. in international marketing from the University of Dallas. He is fluent in French and Italian and reads German. He joined the company as a sales representative, was promoted to sales manager and was then named vice president of sales. Andrew is a member of the Sales Management Roundtable, the Seattle Chamber of Commerce, and the Pacific Rim Importers Association.",United Package,(503) 555-3199,26,Pasta Buttini s.r.l.,Giovanni Giudici,"Via dei Gelsomini, 153",Salerno,84100,Italy,(089) 6547665
130,10296,11,12,Queso Cabrales,5,4,1 kg pkg.,21.0,4,Dairy Products,Cheeses,46,6,1996-09-03,1,LILA-Supermercado,Carlos González,Carrera 52 con Ave. Bolívar #65-98 Llano Largo,Barquisimeto,3508,Venezuela,Suyama,Michael,1963-07-02,EmpID6.pic,"Michael is a graduate of Sussex University (MA, economics) and the University of California at Los Angeles (MBA, marketing). He has also taken the courses 'Multi-Cultural Selling' and 'Time Management for the Sales Professional'. He is fluent in Japanese and can read and write French, Portuguese, and Spanish.",Speedy Express,(503) 555-9831,5,Cooperativa de Quesos 'Las Cabras',Antonio del Valle Saavedra,Calle del Rosal 4,Oviedo,33007,Spain,(98) 598 76 54
131,10296,16,30,Pavlova,7,3,32 - 500 g boxes,17.45,3,Confections,"Desserts, candies, and sweet breads",46,6,1996-09-03,1,LILA-Supermercado,Carlos González,Carrera 52 con Ave. Bolívar #65-98 Llano Largo,Barquisimeto,3508,Venezuela,Suyama,Michael,1963-07-02,EmpID6.pic,"Michael is a graduate of Sussex University (MA, economics) and the University of California at Los Angeles (MBA, marketing). He has also taken the courses 'Multi-Cultural Selling' and 'Time Management for the Sales Professional'. He is fluent in Japanese and can read and write French, Portuguese, and Spanish.",Speedy Express,(503) 555-9831,7,"Pavlova, Ltd.",Ian Devling,74 Rose St. Moonie Ponds,Melbourne,3058,Australia,(03) 444-2343
132,10296,69,15,Gudbrandsdalsost,15,4,10 kg pkg.,36.0,4,Dairy Products,Cheeses,46,6,1996-09-03,1,LILA-Supermercado,Carlos González,Carrera 52 con Ave. Bolívar #65-98 Llano Largo,Barquisimeto,3508,Venezuela,Suyama,Michael,1963-07-02,EmpID6.pic,"Michael is a graduate of Sussex University (MA, economics) and the University of California at Los Angeles (MBA, marketing). He has also taken the courses 'Multi-Cultural Selling' and 'Time Management for the Sales Professional'. He is fluent in Japanese and can read and write French, Portuguese, and Spanish.",Speedy Express,(503) 555-9831,15,Norske Meierier,Beate Vileid,Hatlevegen 5,Sandvika,1320,Norway,(0)2-953010
133,10297,39,60,Chartreuse verte,18,1,750 cc per bottle,18.0,1,Beverages,"Soft drinks, coffees, teas, beers, and ales",7,5,1996-09-04,2,Blondel père et fils,Frédérique Citeaux,"24, place Kléber",Strasbourg,67000,France,Buchanan,Steven,1955-03-04,EmpID5.pic,"Steven Buchanan graduated from St. Andrews University, Scotland, with a BSC degree. Upon joining the company as a sales representative, he spent 6 months in an orientation program at the Seattle office and then returned to his permanent post in London, where he was promoted to sales manager. Mr. Buchanan has completed the courses 'Successful Telemarketing' and 'International Sales Management'. He is fluent in French.",United Package,(503) 555-3199,18,Aux joyeux ecclésiastiques,Guylène Nodier,"203, Rue des Francs-Bourgeois",Paris,75004,France,(1) 03.83.00.68
134,10297,72,20,Mozzarella di Giovanni,14,4,24 - 200 g pkgs.,34.8,4,Dairy Products,Cheeses,7,5,1996-09-04,2,Blondel père et fils,Frédérique Citeaux,"24, place Kléber",Strasbourg,67000,France,Buchanan,Steven,1955-03-04,EmpID5.pic,"Steven Buchanan graduated from St. Andrews University, Scotland, with a BSC degree. Upon joining the company as a sales representative, he spent 6 months in an orientation program at the Seattle office and then returned to his permanent post in London, where he was promoted to sales manager. Mr. Buchanan has completed the courses 'Successful Telemarketing' and 'International Sales Management'. He is fluent in French.",United Package,(503) 555-3199,14,Formaggi Fortini s.r.l.,Elio Rossi,"Viale Dante, 75",Ravenna,48100,Italy,(0544) 60323
135,10298,2,40,Chang,1,1,24 - 12 oz bottles,19.0,1,Beverages,"Soft drinks, coffees, teas, beers, and ales",37,6,1996-09-05,2,Hungry Owl All-Night Grocers,Patricia McKenna,8 Johnstown Road,Cork,,Ireland,Suyama,Michael,1963-07-02,EmpID6.pic,"Michael is a graduate of Sussex University (MA, economics) and the University of California at Los Angeles (MBA, marketing). He has also taken the courses 'Multi-Cultural Selling' and 'Time Management for the Sales Professional'. He is fluent in Japanese and can read and write French, Portuguese, and Spanish.",United Package,(503) 555-3199,1,Exotic Liquid,Charlotte Cooper,49 Gilbert St.,Londona,EC1 4SD,UK,(171) 555-2222
136,10298,36,40,Inlagd Sill,17,8,24 - 250 g jars,19.0,8,Seafood,Seaweed and fish,37,6,1996-09-05,2,Hungry Owl All-Night Grocers,Patricia McKenna,8 Johnstown Road,Cork,,Ireland,Suyama,Michael,1963-07-02,EmpID6.pic,"Michael is a graduate of Sussex University (MA, economics) and the University of California at Los Angeles (MBA, marketing). He has also taken the courses 'Multi-Cultural Selling' and 'Time Management for the Sales Professional'. He is fluent in Japanese and can read and write French, Portuguese, and Spanish.",United Package,(503) 555-3199,17,Svensk Sjöföda AB,Michael Björn,Brovallavägen 231,Stockholm,S-123 45,Sweden,08-123 45 67
137,10298,59,30,Raclette Courdavault,28,4,5 kg pkg.,55.0,4,Dairy Products,Cheeses,37,6,1996-09-05,2,Hungry Owl All-Night Grocers,Patricia McKenna,8 Johnstown Road,Cork,,Ireland,Suyama,Michael,1963-07-02,EmpID6.pic,"Michael is a graduate of Sussex University (MA, economics) and the University of California at Los Angeles (MBA, marketing). He has also taken the courses 'Multi-Cultural Selling' and 'Time Management for the Sales Professional'. He is fluent in Japanese and can read and write French, Portuguese, and Spanish.",United Package,(503) 555-3199,28,Gai pâturage,Eliane Noz,"Bat. B 3, rue des Alpes",Annecy,74000,France,38.76.98.06
138,10298,62,15,Tarte au sucre,29,3,48 pies,49.3,3,Confections,"Desserts, candies, and sweet breads",37,6,1996-09-05,2,Hungry Owl All-Night Grocers,Patricia McKenna,8 Johnstown Road,Cork,,Ireland,Suyama,Michael,1963-07-02,EmpID6.pic,"Michael is a graduate of Sussex University (MA, economics) and the University of California at Los Angeles (MBA, marketing). He has also taken the courses 'Multi-Cultural Selling' and 'Time Management for the Sales Professional'. He is fluent in Japanese and can read and write French, Portuguese, and Spanish.",United Package,(503) 555-3199,29,Forêts d'érables,Chantal Goulet,148 rue Chasseur,Ste-Hyacinthe,J2S 7S8,Canada,(514) 555-2955
139,10299,19,15,Teatime Chocolate Biscuits,8,3,10 boxes x 12 pieces,9.2,3,Confections,"Desserts, candies, and sweet breads",67,4,1996-09-06,2,Ricardo Adocicados,Janete Limeira,"Av. Copacabana, 267",Rio de Janeiro,02389-890,Brazil,Peacock,Margaret,1958-09-19,EmpID4.pic,Margaret holds a BA in English literature from Concordia College and an MA from the American Institute of Culinary Arts. She was temporarily assigned to the London office before returning to her permanent post in Seattle.,United Package,(503) 555-3199,8,"Specialty Biscuits, Ltd.",Peter Wilson,29 King's Way,Manchester,M14 GSD,UK,(161) 555-4448
140,10299,70,20,Outback Lager,7,1,24 - 355 ml bottles,15.0,1,Beverages,"Soft drinks, coffees, teas, beers, and ales",67,4,1996-09-06,2,Ricardo Adocicados,Janete Limeira,"Av. Copacabana, 267",Rio de Janeiro,02389-890,Brazil,Peacock,Margaret,1958-09-19,EmpID4.pic,Margaret holds a BA in English literature from Concordia College and an MA from the American Institute of Culinary Arts. She was temporarily assigned to the London office before returning to her permanent post in Seattle.,United Package,(503) 555-3199,7,"Pavlova, Ltd.",Ian Devling,74 Rose St. Moonie Ponds,Melbourne,3058,Australia,(03) 444-2343
141,10300,66,30,Louisiana Hot Spiced Okra,2,2,24 - 8 oz jars,17.0,2,Condiments,"Sweet and savory sauces, relishes, spreads, and seasonings",49,2,1996-09-09,2,Magazzini Alimentari Riuniti,Giovanni Rovelli,Via Ludovico il Moro 22,Bergamo,24100,Italy,Fuller,Andrew,1952-02-19,EmpID2.pic,"Andrew received his BTS commercial and a Ph.D. in international marketing from the University of Dallas. He is fluent in French and Italian and reads German. He joined the company as a sales representative, was promoted to sales manager and was then named vice president of sales. Andrew is a member of the Sales Management Roundtable, the Seattle Chamber of Commerce, and the Pacific Rim Importers Association.",United Package,(503) 555-3199,2,New Orleans Cajun Delights,Shelley Burke,P.O. Box 78934,New Orleans,70117,USA,(100) 555-4822
142,10300,68,20,Scottish Longbreads,8,3,10 boxes x 8 pieces,12.5,3,Confections,"Desserts, candies, and sweet breads",49,2,1996-09-09,2,Magazzini Alimentari Riuniti,Giovanni Rovelli,Via Ludovico il Moro 22,Bergamo,24100,Italy,Fuller,Andrew,1952-02-19,EmpID2.pic,"Andrew received his BTS commercial and a Ph.D. in international marketing from the University of Dallas. He is fluent in French and Italian and reads German. He joined the company as a sales representative, was promoted to sales manager and was then named vice president of sales. Andrew is a member of the Sales Management Roundtable, the Seattle Chamber of Commerce, and the Pacific Rim Importers Association.",United Package,(503) 555-3199,8,"Specialty Biscuits, Ltd.",Peter Wilson,29 King's Way,Manchester,M14 GSD,UK,(161) 555-4448
143,10301,40,10,Boston Crab Meat,19,8,24 - 4 oz tins,18.4,8,Seafood,Seaweed and fish,86,8,1996-09-09,2,Die Wandernde Kuh,Rita Müller,Adenauerallee 900,Stuttgart,70563,Germany,Callahan,Laura,1958-01-09,EmpID8.pic,Laura received a BA in psychology from the University of Washington. She has also completed a course in business French. She reads and writes French.,United Package,(503) 555-3199,19,New England Seafood Cannery,Robb Merchant,Order Processing Dept. 2100 Paul Revere Blvd.,Boston,02134,USA,(617) 555-3267
144,10301,56,20,Gnocchi di nonna Alice,26,5,24 - 250 g pkgs.,38.0,5,Grains/Cereals,"Breads, crackers, pasta, and cereal",86,8,1996-09-09,2,Die Wandernde Kuh,Rita Müller,Adenauerallee 900,Stuttgart,70563,Germany,Callahan,Laura,1958-01-09,EmpID8.pic,Laura received a BA in psychology from the University of Washington. She has also completed a course in business French. She reads and writes French.,United Package,(503) 555-3199,26,Pasta Buttini s.r.l.,Giovanni Giudici,"Via dei Gelsomini, 153",Salerno,84100,Italy,(089) 6547665
145,10302,17,40,Alice Mutton,7,6,20 - 1 kg tins,39.0,6,Meat/Poultry,Prepared meats,76,4,1996-09-10,2,Suprêmes délices,Pascale Cartrain,"Boulevard Tirou, 255",Charleroi,B-6000,Belgium,Peacock,Margaret,1958-09-19,EmpID4.pic,Margaret holds a BA in English literature from Concordia College and an MA from the American Institute of Culinary Arts. She was temporarily assigned to the London office before returning to her permanent post in Seattle.,United Package,(503) 555-3199,7,"Pavlova, Ltd.",Ian Devling,74 Rose St. Moonie Ponds,Melbourne,3058,Australia,(03) 444-2343
146,10302,28,28,Rössle Sauerkraut,12,7,25 - 825 g cans,45.6,7,Produce,Dried fruit and bean curd,76,4,1996-09-10,2,Suprêmes délices,Pascale Cartrain,"Boulevard Tirou, 255",Charleroi,B-6000,Belgium,Peacock,Margaret,1958-09-19,EmpID4.pic,Margaret holds a BA in English literature from Concordia College and an MA from the American Institute of Culinary Arts. She was temporarily assigned to the London office before returning to her permanent post in Seattle.,United Package,(503) 555-3199,12,Plutzer Lebensmittelgroßmärkte AG,Martin Bein,Bogenallee 51,Frankfurt,60439,Germany,(069) 992755
147,10302,43,12,Ipoh Coffee,20,1,16 - 500 g tins,46.0,1,Beverages,"Soft drinks, coffees, teas, beers, and ales",76,4,1996-09-10,2,Suprêmes délices,Pascale Cartrain,"Boulevard Tirou, 255",Charleroi,B-6000,Belgium,Peacock,Margaret,1958-09-19,EmpID4.pic,Margaret holds a BA in English literature from Concordia College and an MA from the American Institute of Culinary Arts. She was temporarily assigned to the London office before returning to her permanent post in Seattle.,United Package,(503) 555-3199,20,Leka Trading,Chandra Leka,"471 Serangoon Loop, Suite #402",Singapore,0512,Singapore,555-8787
148,10303,40,40,Boston Crab Meat,19,8,24 - 4 oz tins,18.4,8,Seafood,Seaweed and fish,30,7,1996-09-11,2,Godos Cocina Típica,José Pedro Freyre,"C/ Romero, 33",Sevilla,41101,Spain,King,Robert,1960-05-29,EmpID7.pic,"Robert King served in the Peace Corps and traveled extensively before completing his degree in English at the University of Michigan and then joining the company. After completing a course entitled 'Selling in Europe', he was transferred to the London office.",United Package,(503) 555-3199,19,New England Seafood Cannery,Robb Merchant,Order Processing Dept. 2100 Paul Revere Blvd.,Boston,02134,USA,(617) 555-3267
149,10303,65,30,Louisiana Fiery Hot Pepper Sauce,2,2,32 - 8 oz bottles,21.05,2,Condiments,"Sweet and savory sauces, relishes, spreads, and seasonings",30,7,1996-09-11,2,Godos Cocina Típica,José Pedro Freyre,"C/ Romero, 33",Sevilla,41101,Spain,King,Robert,1960-05-29,EmpID7.pic,"Robert King served in the Peace Corps and traveled extensively before completing his degree in English at the University of Michigan and then joining the company. After completing a course entitled 'Selling in Europe', he was transferred to the London office.",United Package,(503) 555-3199,2,New Orleans Cajun Delights,Shelley Burke,P.O. Box 78934,New Orleans,70117,USA,(100) 555-4822
150,10303,68,15,Scottish Longbreads,8,3,10 boxes x 8 pieces,12.5,3,Confections,"Desserts, candies, and sweet breads",30,7,1996-09-11,2,Godos Cocina Típica,José Pedro Freyre,"C/ Romero, 33",Sevilla,41101,Spain,King,Robert,1960-05-29,EmpID7.pic,"Robert King served in the Peace Corps and traveled extensively before completing his degree in English at the University of Michigan and then joining the company. After completing a course entitled 'Selling in Europe', he was transferred to the London office.",United Package,(503) 555-3199,8,"Specialty Biscuits, Ltd.",Peter Wilson,29 King's Way,Manchester,M14 GSD,UK,(161) 555-4448
151,10304,49,30,Maxilaku,23,3,24 - 50 g pkgs.,20.0,3,Confections,"Desserts, candies, and sweet breads",80,1,1996-09-12,2,Tortuga Restaurante,Miguel Angel Paolino,Avda. Azteca 123,México D.F.,05033,Mexico,Davolio,Nancy,1968-12-08,EmpID1.pic,Education includes a BA in psychology from Colorado State University. She also completed (The Art of the Cold Call). Nancy is a member of 'Toastmasters International'.,United Package,(503) 555-3199,23,Karkki Oy,Anne Heikkonen,Valtakatu 12,Lappeenranta,53120,Finland,(953) 10956
152,10304,59,10,Raclette Courdavault,28,4,5 kg pkg.,55.0,4,Dairy Products,Cheeses,80,1,1996-09-12,2,Tortuga Restaurante,Miguel Angel Paolino,Avda. Azteca 123,México D.F.,05033,Mexico,Davolio,Nancy,1968-12-08,EmpID1.pic,Education includes a BA in psychology from Colorado State University. She also completed (The Art of the Cold Call). Nancy is a member of 'Toastmasters International'.,United Package,(503) 555-3199,28,Gai pâturage,Eliane Noz,"Bat. B 3, rue des Alpes",Annecy,74000,France,38.76.98.06
153,10304,71,2,Fløtemysost,15,4,10 - 500 g pkgs.,21.5,4,Dairy Products,Cheeses,80,1,1996-09-12,2,Tortuga Restaurante,Miguel Angel Paolino,Avda. Azteca 123,México D.F.,05033,Mexico,Davolio,Nancy,1968-12-08,EmpID1.pic,Education includes a BA in psychology from Colorado State University. She also completed (The Art of the Cold Call). Nancy is a member of 'Toastmasters International'.,United Package,(503) 555-3199,15,Norske Meierier,Beate Vileid,Hatlevegen 5,Sandvika,1320,Norway,(0)2-953010
154,10305,18,25,Carnarvon Tigers,7,8,16 kg pkg.,62.5,8,Seafood,Seaweed and fish,55,8,1996-09-13,3,Old World Delicatessen,Rene Phillips,2743 Bering St.,Anchorage,99508,USA,Callahan,Laura,1958-01-09,EmpID8.pic,Laura received a BA in psychology from the University of Washington. She has also completed a course in business French. She reads and writes French.,Federal Shipping,(503) 555-9931,7,"Pavlova, Ltd.",Ian Devling,74 Rose St. Moonie Ponds,Melbourne,3058,Australia,(03) 444-2343
155,10305,29,25,Thüringer Rostbratwurst,12,6,50 bags x 30 sausgs.,123.79,6,Meat/Poultry,Prepared meats,55,8,1996-09-13,3,Old World Delicatessen,Rene Phillips,2743 Bering St.,Anchorage,99508,USA,Callahan,Laura,1958-01-09,EmpID8.pic,Laura received a BA in psychology from the University of Washington. She has also completed a course in business French. She reads and writes French.,Federal Shipping,(503) 555-9931,12,Plutzer Lebensmittelgroßmärkte AG,Martin Bein,Bogenallee 51,Frankfurt,60439,Germany,(069) 992755
156,10305,39,30,Chartreuse verte,18,1,750 cc per bottle,18.0,1,Beverages,"Soft drinks, coffees, teas, beers, and ales",55,8,1996-09-13,3,Old World Delicatessen,Rene Phillips,2743 Bering St.,Anchorage,99508,USA,Callahan,Laura,1958-01-09,EmpID8.pic,Laura received a BA in psychology from the University of Washington. She has also completed a course in business French. She reads and writes French.,Federal Shipping,(503) 555-9931,18,Aux joyeux ecclésiastiques,Guylène Nodier,"203, Rue des Francs-Bourgeois",Paris,75004,France,(1) 03.83.00.68
157,10306,30,10,Nord-Ost Matjeshering,13,8,10 - 200 g glasses,25.89,8,Seafood,Seaweed and fish,69,1,1996-09-16,3,Romero y tomillo,Alejandra Camino,"Gran Vía, 1",Madrid,28001,Spain,Davolio,Nancy,1968-12-08,EmpID1.pic,Education includes a BA in psychology from Colorado State University. She also completed (The Art of the Cold Call). Nancy is a member of 'Toastmasters International'.,Federal Shipping,(503) 555-9931,13,Nord-Ost-Fisch Handelsgesellschaft mbH,Sven Petersen,Frahmredder 112a,Cuxhaven,27478,Germany,(04721) 8713
158,10306,53,10,Perth Pasties,24,6,48 pieces,32.8,6,Meat/Poultry,Prepared meats,69,1,1996-09-16,3,Romero y tomillo,Alejandra Camino,"Gran Vía, 1",Madrid,28001,Spain,Davolio,Nancy,1968-12-08,EmpID1.pic,Education includes a BA in psychology from Colorado State University. She also completed (The Art of the Cold Call). Nancy is a member of 'Toastmasters International'.,Federal Shipping,(503) 555-9931,24,"G'day, Mate",Wendy Mackenzie,170 Prince Edward Parade Hunter's Hill,Sydney,2042,Australia,(02) 555-5914
159,10306,54,5,Tourtière,25,6,16 pies,7.45,6,Meat/Poultry,Prepared meats,69,1,1996-09-16,3,Romero y tomillo,Alejandra Camino,"Gran Vía, 1",Madrid,28001,Spain,Davolio,Nancy,1968-12-08,EmpID1.pic,Education includes a BA in psychology from Colorado State University. She also completed (The Art of the Cold Call). Nancy is a member of 'Toastmasters International'.,Federal Shipping,(503) 555-9931,25,Ma Maison,Jean-Guy Lauzon,2960 Rue St. Laurent,Montréal,H1J 1C3,Canada,(514) 555-9022
160,10307,62,10,Tarte au sucre,29,3,48 pies,49.3,3,Confections,"Desserts, candies, and sweet breads",48,2,1996-09-17,2,Lonesome Pine Restaurant,Fran Wilson,89 Chiaroscuro Rd.,Portland,97219,USA,Fuller,Andrew,1952-02-19,EmpID2.pic,"Andrew received his BTS commercial and a Ph.D. in international marketing from the University of Dallas. He is fluent in French and Italian and reads German. He joined the company as a sales representative, was promoted to sales manager and was then named vice president of sales. Andrew is a member of the Sales Management Roundtable, the Seattle Chamber of Commerce, and the Pacific Rim Importers Association.",United Package,(503) 555-3199,29,Forêts d'érables,Chantal Goulet,148 rue Chasseur,Ste-Hyacinthe,J2S 7S8,Canada,(514) 555-2955
161,10307,68,3,Scottish Longbreads,8,3,10 boxes x 8 pieces,12.5,3,Confections,"Desserts, candies, and sweet breads",48,2,1996-09-17,2,Lonesome Pine Restaurant,Fran Wilson,89 Chiaroscuro Rd.,Portland,97219,USA,Fuller,Andrew,1952-02-19,EmpID2.pic,"Andrew received his BTS commercial and a Ph.D. in international marketing from the University of Dallas. He is fluent in French and Italian and reads German. He joined the company as a sales representative, was promoted to sales manager and was then named vice president of sales. Andrew is a member of the Sales Management Roundtable, the Seattle Chamber of Commerce, and the Pacific Rim Importers Association.",United Package,(503) 555-3199,8,"Specialty Biscuits, Ltd.",Peter Wilson,29 King's Way,Manchester,M14 GSD,UK,(161) 555-4448
162,10308,69,1,Gudbrandsdalsost,15,4,10 kg pkg.,36.0,4,Dairy Products,Cheeses,2,7,1996-09-18,3,Ana Trujillo Emparedados y helados,Ana Trujillo,Avda. de la Constitución 2222,México D.F.,05021,Mexico,King,Robert,1960-05-29,EmpID7.pic,"Robert King served in the Peace Corps and traveled extensively before completing his degree in English at the University of Michigan and then joining the company. After completing a course entitled 'Selling in Europe', he was transferred to the London office.",Federal Shipping,(503) 555-9931,15,Norske Meierier,Beate Vileid,Hatlevegen 5,Sandvika,1320,Norway,(0)2-953010
163,10308,70,5,Outback Lager,7,1,24 - 355 ml bottles,15.0,1,Beverages,"Soft drinks, coffees, teas, beers, and ales",2,7,1996-09-18,3,Ana Trujillo Emparedados y helados,Ana Trujillo,Avda. de la Constitución 2222,México D.F.,05021,Mexico,King,Robert,1960-05-29,EmpID7.pic,"Robert King served in the Peace Corps and traveled extensively before completing his degree in English at the University of Michigan and then joining the company. After completing a course entitled 'Selling in Europe', he was transferred to the London office.",Federal Shipping,(503) 555-9931,7,"Pavlova, Ltd.",Ian Devling,74 Rose St. Moonie Ponds,Melbourne,3058,Australia,(03) 444-2343
164,10309,4,20,Chef Anton's Cajun Seasoning,2,2,48 - 6 oz jars,22.0,2,Condiments,"Sweet and savory sauces, relishes, spreads, and seasonings",37,3,1996-09-19,1,Hungry Owl All-Night Grocers,Patricia McKenna,8 Johnstown Road,Cork,,Ireland,Leverling,Janet,1963-08-30,EmpID3.pic,Janet has a BS degree in chemistry from Boston College). She has also completed a certificate program in food retailing management. Janet was hired as a sales associate and was promoted to sales representative.,Speedy Express,(503) 555-9831,2,New Orleans Cajun Delights,Shelley Burke,P.O. Box 78934,New Orleans,70117,USA,(100) 555-4822
165,10309,6,30,Grandma's Boysenberry Spread,3,2,12 - 8 oz jars,25.0,2,Condiments,"Sweet and savory sauces, relishes, spreads, and seasonings",37,3,1996-09-19,1,Hungry Owl All-Night Grocers,Patricia McKenna,8 Johnstown Road,Cork,,Ireland,Leverling,Janet,1963-08-30,EmpID3.pic,Janet has a BS degree in chemistry from Boston College). She has also completed a certificate program in food retailing management. Janet was hired as a sales associate and was promoted to sales representative.,Speedy Express,(503) 555-9831,3,Grandma Kelly's Homestead,Regina Murphy,707 Oxford Rd.,Ann Arbor,48104,USA,(313) 555-5735
166,10309,42,2,Singaporean Hokkien Fried Mee,20,5,32 - 1 kg pkgs.,14.0,5,Grains/Cereals,"Breads, crackers, pasta, and cereal",37,3,1996-09-19,1,Hungry Owl All-Night Grocers,Patricia McKenna,8 Johnstown Road,Cork,,Ireland,Leverling,Janet,1963-08-30,EmpID3.pic,Janet has a BS degree in chemistry from Boston College). She has also completed a certificate program in food retailing management. Janet was hired as a sales associate and was promoted to sales representative.,Speedy Express,(503) 555-9831,20,Leka Trading,Chandra Leka,"471 Serangoon Loop, Suite #402",Singapore,0512,Singapore,555-8787
167,10309,43,20,Ipoh Coffee,20,1,16 - 500 g tins,46.0,1,Beverages,"Soft drinks, coffees, teas, beers, and ales",37,3,1996-09-19,1,Hungry Owl All-Night Grocers,Patricia McKenna,8 Johnstown Road,Cork,,Ireland,Leverling,Janet,1963-08-30,EmpID3.pic,Janet has a BS degree in chemistry from Boston College). She has also completed a certificate program in food retailing management. Janet was hired as a sales associate and was promoted to sales representative.,Speedy Express,(503) 555-9831,20,Leka Trading,Chandra Leka,"471 Serangoon Loop, Suite #402",Singapore,0512,Singapore,555-8787
168,10309,71,3,Fløtemysost,15,4,10 - 500 g pkgs.,21.5,4,Dairy Products,Cheeses,37,3,1996-09-19,1,Hungry Owl All-Night Grocers,Patricia McKenna,8 Johnstown Road,Cork,,Ireland,Leverling,Janet,1963-08-30,EmpID3.pic,Janet has a BS degree in chemistry from Boston College). She has also completed a certificate program in food retailing management. Janet was hired as a sales associate and was promoted to sales representative.,Speedy Express,(503) 555-9831,15,Norske Meierier,Beate Vileid,Hatlevegen 5,Sandvika,1320,Norway,(0)2-953010
169,10310,16,10,Pavlova,7,3,32 - 500 g boxes,17.45,3,Confections,"Desserts, candies, and sweet breads",77,8,1996-09-20,2,The Big Cheese,Liz Nixon,89 Jefferson Way Suite 2,Portland,97201,USA,Callahan,Laura,1958-01-09,EmpID8.pic,Laura received a BA in psychology from the University of Washington. She has also completed a course in business French. She reads and writes French.,United Package,(503) 555-3199,7,"Pavlova, Ltd.",Ian Devling,74 Rose St. Moonie Ponds,Melbourne,3058,Australia,(03) 444-2343
170,10310,62,5,Tarte au sucre,29,3,48 pies,49.3,3,Confections,"Desserts, candies, and sweet breads",77,8,1996-09-20,2,The Big Cheese,Liz Nixon,89 Jefferson Way Suite 2,Portland,97201,USA,Callahan,Laura,1958-01-09,EmpID8.pic,Laura received a BA in psychology from the University of Washington. She has also completed a course in business French. She reads and writes French.,United Package,(503) 555-3199,29,Forêts d'érables,Chantal Goulet,148 rue Chasseur,Ste-Hyacinthe,J2S 7S8,Canada,(514) 555-2955
171,10311,42,6,Singaporean Hokkien Fried Mee,20,5,32 - 1 kg pkgs.,14.0,5,Grains/Cereals,"Breads, crackers, pasta, and cereal",18,1,1996-09-20,3,Du monde entier,Janine Labrune,"67, rue des Cinquante Otages",Nantes,44000,France,Davolio,Nancy,1968-12-08,EmpID1.pic,Education includes a BA in psychology from Colorado State University. She also completed (The Art of the Cold Call). Nancy is a member of 'Toastmasters International'.,Federal Shipping,(503) 555-9931,20,Leka Trading,Chandra Leka,"471 Serangoon Loop, Suite #402",Singapore,0512,Singapore,555-8787
172,10311,69,7,Gudbrandsdalsost,15,4,10 kg pkg.,36.0,4,Dairy Products,Cheeses,18,1,1996-09-20,3,Du monde entier,Janine Labrune,"67, rue des Cinquante Otages",Nantes,44000,France,Davolio,Nancy,1968-12-08,EmpID1.pic,Education includes a BA in psychology from Colorado State University. She also completed (The Art of the Cold Call). Nancy is a member of 'Toastmasters International'.,Federal Shipping,(503) 555-9931,15,Norske Meierier,Beate Vileid,Hatlevegen 5,Sandvika,1320,Norway,(0)2-953010
173,10312,28,4,Rössle Sauerkraut,12,7,25 - 825 g cans,45.6,7,Produce,Dried fruit and bean curd,86,2,1996-09-23,2,Die Wandernde Kuh,Rita Müller,Adenauerallee 900,Stuttgart,70563,Germany,Fuller,Andrew,1952-02-19,EmpID2.pic,"Andrew received his BTS commercial and a Ph.D. in international marketing from the University of Dallas. He is fluent in French and Italian and reads German. He joined the company as a sales representative, was promoted to sales manager and was then named vice president of sales. Andrew is a member of the Sales Management Roundtable, the Seattle Chamber of Commerce, and the Pacific Rim Importers Association.",United Package,(503) 555-3199,12,Plutzer Lebensmittelgroßmärkte AG,Martin Bein,Bogenallee 51,Frankfurt,60439,Germany,(069) 992755
174,10312,43,24,Ipoh Coffee,20,1,16 - 500 g tins,46.0,1,Beverages,"Soft drinks, coffees, teas, beers, and ales",86,2,1996-09-23,2,Die Wandernde Kuh,Rita Müller,Adenauerallee 900,Stuttgart,70563,Germany,Fuller,Andrew,1952-02-19,EmpID2.pic,"Andrew received his BTS commercial and a Ph.D. in international marketing from the University of Dallas. He is fluent in French and Italian and reads German. He joined the company as a sales representative, was promoted to sales manager and was then named vice president of sales. Andrew is a member of the Sales Management Roundtable, the Seattle Chamber of Commerce, and the Pacific Rim Importers Association.",United Package,(503) 555-3199,20,Leka Trading,Chandra Leka,"471 Serangoon Loop, Suite #402",Singapore,0512,Singapore,555-8787
175,10312,53,20,Perth Pasties,24,6,48 pieces,32.8,6,Meat/Poultry,Prepared meats,86,2,1996-09-23,2,Die Wandernde Kuh,Rita Müller,Adenauerallee 900,Stuttgart,70563,Germany,Fuller,Andrew,1952-02-19,EmpID2.pic,"Andrew received his BTS commercial and a Ph.D. in international marketing from the University of Dallas. He is fluent in French and Italian and reads German. He joined the company as a sales representative, was promoted to sales manager and was then named vice president of sales. Andrew is a member of the Sales Management Roundtable, the Seattle Chamber of Commerce, and the Pacific Rim Importers Association.",United Package,(503) 555-3199,24,"G'day, Mate",Wendy Mackenzie,170 Prince Edward Parade Hunter's Hill,Sydney,2042,Australia,(02) 555-5914
176,10312,75,10,Rhönbräu Klosterbier,12,1,24 - 0.5 l bottles,7.75,1,Beverages,"Soft drinks, coffees, teas, beers, and ales",86,2,1996-09-23,2,Die Wandernde Kuh,Rita Müller,Adenauerallee 900,Stuttgart,70563,Germany,Fuller,Andrew,1952-02-19,EmpID2.pic,"Andrew received his BTS commercial and a Ph.D. in international marketing from the University of Dallas. He is fluent in French and Italian and reads German. He joined the company as a sales representative, was promoted to sales manager and was then named vice president of sales. Andrew is a member of the Sales Management Roundtable, the Seattle Chamber of Commerce, and the Pacific Rim Importers Association.",United Package,(503) 555-3199,12,Plutzer Lebensmittelgroßmärkte AG,Martin Bein,Bogenallee 51,Frankfurt,60439,Germany,(069) 992755
177,10313,36,12,Inlagd Sill,17,8,24 - 250 g jars,19.0,8,Seafood,Seaweed and fish,63,2,1996-09-24,2,QUICK-Stop,Horst Kloss,Taucherstraße 10,Cunewalde,01307,Germany,Fuller,Andrew,1952-02-19,EmpID2.pic,"Andrew received his BTS commercial and a Ph.D. in international marketing from the University of Dallas. He is fluent in French and Italian and reads German. He joined the company as a sales representative, was promoted to sales manager and was then named vice president of sales. Andrew is a member of the Sales Management Roundtable, the Seattle Chamber of Commerce, and the Pacific Rim Importers Association.",United Package,(503) 555-3199,17,Svensk Sjöföda AB,Michael Björn,Brovallavägen 231,Stockholm,S-123 45,Sweden,08-123 45 67
178,10314,32,40,Mascarpone Fabioli,14,4,24 - 200 g pkgs.,32.0,4,Dairy Products,Cheeses,65,1,1996-09-25,2,Rattlesnake Canyon Grocery,Paula Wilson,2817 Milton Dr.,Albuquerque,87110,USA,Davolio,Nancy,1968-12-08,EmpID1.pic,Education includes a BA in psychology from Colorado State University. She also completed (The Art of the Cold Call). Nancy is a member of 'Toastmasters International'.,United Package,(503) 555-3199,14,Formaggi Fortini s.r.l.,Elio Rossi,"Viale Dante, 75",Ravenna,48100,Italy,(0544) 60323
179,10314,58,30,Escargots de Bourgogne,27,8,24 pieces,13.25,8,Seafood,Seaweed and fish,65,1,1996-09-25,2,Rattlesnake Canyon Grocery,Paula Wilson,2817 Milton Dr.,Albuquerque,87110,USA,Davolio,Nancy,1968-12-08,EmpID1.pic,Education includes a BA in psychology from Colorado State University. She also completed (The Art of the Cold Call). Nancy is a member of 'Toastmasters International'.,United Package,(503) 555-3199,27,Escargots Nouveaux,Marie Delamare,"22, rue H. Voiron",Montceau,71300,France,85.57.00.07
180,10314,62,25,Tarte au sucre,29,3,48 pies,49.3,3,Confections,"Desserts, candies, and sweet breads",65,1,1996-09-25,2,Rattlesnake Canyon Grocery,Paula Wilson,2817 Milton Dr.,Albuquerque,87110,USA,Davolio,Nancy,1968-12-08,EmpID1.pic,Education includes a BA in psychology from Colorado State University. She also completed (The Art of the Cold Call). Nancy is a member of 'Toastmasters International'.,United Package,(503) 555-3199,29,Forêts d'érables,Chantal Goulet,148 rue Chasseur,Ste-Hyacinthe,J2S 7S8,Canada,(514) 555-2955
181,10315,34,14,Sasquatch Ale,16,1,24 - 12 oz bottles,14.0,1,Beverages,"Soft drinks, coffees, teas, beers, and ales",38,4,1996-09-26,2,Island Trading,Helen Bennett,Garden House Crowther Way,Cowes,PO31 7PJ,UK,Peacock,Margaret,1958-09-19,EmpID4.pic,Margaret holds a BA in English literature from Concordia College and an MA from the American Institute of Culinary Arts. She was temporarily assigned to the London office before returning to her permanent post in Seattle.,United Package,(503) 555-3199,16,Bigfoot Breweries,Cheryl Saylor,3400 - 8th Avenue Suite 210,Bend,97101,USA,(503) 555-9931
182,10315,70,30,Outback Lager,7,1,24 - 355 ml bottles,15.0,1,Beverages,"Soft drinks, coffees, teas, beers, and ales",38,4,1996-09-26,2,Island Trading,Helen Bennett,Garden House Crowther Way,Cowes,PO31 7PJ,UK,Peacock,Margaret,1958-09-19,EmpID4.pic,Margaret holds a BA in English literature from Concordia College and an MA from the American Institute of Culinary Arts. She was temporarily assigned to the London office before returning to her permanent post in Seattle.,United Package,(503) 555-3199,7,"Pavlova, Ltd.",Ian Devling,74 Rose St. Moonie Ponds,Melbourne,3058,Australia,(03) 444-2343
183,10316,41,10,Jack's New England Clam Chowder,19,8,12 - 12 oz cans,9.65,8,Seafood,Seaweed and fish,65,1,1996-09-27,3,Rattlesnake Canyon Grocery,Paula Wilson,2817 Milton Dr.,Albuquerque,87110,USA,Davolio,Nancy,1968-12-08,EmpID1.pic,Education includes a BA in psychology from Colorado State University. She also completed (The Art of the Cold Call). Nancy is a member of 'Toastmasters International'.,Federal Shipping,(503) 555-9931,19,New England Seafood Cannery,Robb Merchant,Order Processing Dept. 2100 Paul Revere Blvd.,Boston,02134,USA,(617) 555-3267
184,10316,62,70,Tarte au sucre,29,3,48 pies,49.3,3,Confections,"Desserts, candies, and sweet breads",65,1,1996-09-27,3,Rattlesnake Canyon Grocery,Paula Wilson,2817 Milton Dr.,Albuquerque,87110,USA,Davolio,Nancy,1968-12-08,EmpID1.pic,Education includes a BA in psychology from Colorado State University. She also completed (The Art of the Cold Call). Nancy is a member of 'Toastmasters International'.,Federal Shipping,(503) 555-9931,29,Forêts d'érables,Chantal Goulet,148 rue Chasseur,Ste-Hyacinthe,J2S 7S8,Canada,(514) 555-2955
185,10317,1,20,Chais,1,1,10 boxes x 20 bags,18.0,1,Beverages,"Soft drinks, coffees, teas, beers, and ales",48,6,1996-09-30,1,Lonesome Pine Restaurant,Fran Wilson,89 Chiaroscuro Rd.,Portland,97219,USA,Suyama,Michael,1963-07-02,EmpID6.pic,"Michael is a graduate of Sussex University (MA, economics) and the University of California at Los Angeles (MBA, marketing). He has also taken the courses 'Multi-Cultural Selling' and 'Time Management for the Sales Professional'. He is fluent in Japanese and can read and write French, Portuguese, and Spanish.",Speedy Express,(503) 555-9831,1,Exotic Liquid,Charlotte Cooper,49 Gilbert St.,Londona,EC1 4SD,UK,(171) 555-2222
186,10318,41,20,Jack's New England Clam Chowder,19,8,12 - 12 oz cans,9.65,8,Seafood,Seaweed and fish,38,8,1996-10-01,2,Island Trading,Helen Bennett,Garden House Crowther Way,Cowes,PO31 7PJ,UK,Callahan,Laura,1958-01-09,EmpID8.pic,Laura received a BA in psychology from the University of Washington. She has also completed a course in business French. She reads and writes French.,United Package,(503) 555-3199,19,New England Seafood Cannery,Robb Merchant,Order Processing Dept. 2100 Paul Revere Blvd.,Boston,02134,USA,(617) 555-3267
187,10318,76,6,Lakkalikööri,23,1,500 ml,18.0,1,Beverages,"Soft drinks, coffees, teas, beers, and ales",38,8,1996-10-01,2,Island Trading,Helen Bennett,Garden House Crowther Way,Cowes,PO31 7PJ,UK,Callahan,Laura,1958-01-09,EmpID8.pic,Laura received a BA in psychology from the University of Washington. She has also completed a course in business French. She reads and writes French.,United Package,(503) 555-3199,23,Karkki Oy,Anne Heikkonen,Valtakatu 12,Lappeenranta,53120,Finland,(953) 10956
188,10319,17,8,Alice Mutton,7,6,20 - 1 kg tins,39.0,6,Meat/Poultry,Prepared meats,80,7,1996-10-02,3,Tortuga Restaurante,Miguel Angel Paolino,Avda. Azteca 123,México D.F.,05033,Mexico,King,Robert,1960-05-29,EmpID7.pic,"Robert King served in the Peace Corps and traveled extensively before completing his degree in English at the University of Michigan and then joining the company. After completing a course entitled 'Selling in Europe', he was transferred to the London office.",Federal Shipping,(503) 555-9931,7,"Pavlova, Ltd.",Ian Devling,74 Rose St. Moonie Ponds,Melbourne,3058,Australia,(03) 444-2343
189,10319,28,14,Rössle Sauerkraut,12,7,25 - 825 g cans,45.6,7,Produce,Dried fruit and bean curd,80,7,1996-10-02,3,Tortuga Restaurante,Miguel Angel Paolino,Avda. Azteca 123,México D.F.,05033,Mexico,King,Robert,1960-05-29,EmpID7.pic,"Robert King served in the Peace Corps and traveled extensively before completing his degree in English at the University of Michigan and then joining the company. After completing a course entitled 'Selling in Europe', he was transferred to the London office.",Federal Shipping,(503) 555-9931,12,Plutzer Lebensmittelgroßmärkte AG,Martin Bein,Bogenallee 51,Frankfurt,60439,Germany,(069) 992755
190,10319,76,30,Lakkalikööri,23,1,500 ml,18.0,1,Beverages,"Soft drinks, coffees, teas, beers, and ales",80,7,1996-10-02,3,Tortuga Restaurante,Miguel Angel Paolino,Avda. Azteca 123,México D.F.,05033,Mexico,King,Robert,1960-05-29,EmpID7.pic,"Robert King served in the Peace Corps and traveled extensively before completing his degree in English at the University of Michigan and then joining the company. After completing a course entitled 'Selling in Europe', he was transferred to the London office.",Federal Shipping,(503) 555-9931,23,Karkki Oy,Anne Heikkonen,Valtakatu 12,Lappeenranta,53120,Finland,(953) 10956
191,10320,71,30,Fløtemysost,15,4,10 - 500 g pkgs.,21.5,4,Dairy Products,Cheeses,87,5,1996-10-03,3,Wartian Herkku,Pirkko Koskitalo,Torikatu 38,Oulu,90110,Finland,Buchanan,Steven,1955-03-04,EmpID5.pic,"Steven Buchanan graduated from St. Andrews University, Scotland, with a BSC degree. Upon joining the company as a sales representative, he spent 6 months in an orientation program at the Seattle office and then returned to his permanent post in London, where he was promoted to sales manager. Mr. Buchanan has completed the courses 'Successful Telemarketing' and 'International Sales Management'. He is fluent in French.",Federal Shipping,(503) 555-9931,15,Norske Meierier,Beate Vileid,Hatlevegen 5,Sandvika,1320,Norway,(0)2-953010
192,10321,35,10,Steeleye Stout,16,1,24 - 12 oz bottles,18.0,1,Beverages,"Soft drinks, coffees, teas, beers, and ales",38,3,1996-10-03,2,Island Trading,Helen Bennett,Garden House Crowther Way,Cowes,PO31 7PJ,UK,Leverling,Janet,1963-08-30,EmpID3.pic,Janet has a BS degree in chemistry from Boston College). She has also completed a certificate program in food retailing management. Janet was hired as a sales associate and was promoted to sales representative.,United Package,(503) 555-3199,16,Bigfoot Breweries,Cheryl Saylor,3400 - 8th Avenue Suite 210,Bend,97101,USA,(503) 555-9931
193,10322,52,20,Filo Mix,24,5,16 - 2 kg boxes,7.0,5,Grains/Cereals,"Breads, crackers, pasta, and cereal",58,7,1996-10-04,3,Pericles Comidas clásicas,Guillermo Fernández,Calle Dr. Jorge Cash 321,México D.F.,05033,Mexico,King,Robert,1960-05-29,EmpID7.pic,"Robert King served in the Peace Corps and traveled extensively before completing his degree in English at the University of Michigan and then joining the company. After completing a course entitled 'Selling in Europe', he was transferred to the London office.",Federal Shipping,(503) 555-9931,24,"G'day, Mate",Wendy Mackenzie,170 Prince Edward Parade Hunter's Hill,Sydney,2042,Australia,(02) 555-5914
194,10323,15,5,Genen Shouyu,6,2,24 - 250 ml bottles,15.5,2,Condiments,"Sweet and savory sauces, relishes, spreads, and seasonings",39,4,1996-10-07,1,Königlich Essen,Philip Cramer,Maubelstr. 90,Brandenburg,14776,Germany,Peacock,Margaret,1958-09-19,EmpID4.pic,Margaret holds a BA in English literature from Concordia College and an MA from the American Institute of Culinary Arts. She was temporarily assigned to the London office before returning to her permanent post in Seattle.,Speedy Express,(503) 555-9831,6,Mayumi's,Mayumi Ohno,92 Setsuko Chuo-ku,Osaka,545,Japan,(06) 431-7877
195,10323,25,4,NuNuCa Nuß-Nougat-Creme,11,3,20 - 450 g glasses,14.0,3,Confections,"Desserts, candies, and sweet breads",39,4,1996-10-07,1,Königlich Essen,Philip Cramer,Maubelstr. 90,Brandenburg,14776,Germany,Peacock,Margaret,1958-09-19,EmpID4.pic,Margaret holds a BA in English literature from Concordia College and an MA from the American Institute of Culinary Arts. She was temporarily assigned to the London office before returning to her permanent post in Seattle.,Speedy Express,(503) 555-9831,11,Heli Süßwaren GmbH & Co. KG,Petra Winkler,Tiergartenstraße 5,Berlin,10785,Germany,(010) 9984510
196,10323,39,4,Chartreuse verte,18,1,750 cc per bottle,18.0,1,Beverages,"Soft drinks, coffees, teas, beers, and ales",39,4,1996-10-07,1,Königlich Essen,Philip Cramer,Maubelstr. 90,Brandenburg,14776,Germany,Peacock,Margaret,1958-09-19,EmpID4.pic,Margaret holds a BA in English literature from Concordia College and an MA from the American Institute of Culinary Arts. She was temporarily assigned to the London office before returning to her permanent post in Seattle.,Speedy Express,(503) 555-9831,18,Aux joyeux ecclésiastiques,Guylène Nodier,"203, Rue des Francs-Bourgeois",Paris,75004,France,(1) 03.83.00.68
197,10324,16,21,Pavlova,7,3,32 - 500 g boxes,17.45,3,Confections,"Desserts, candies, and sweet breads",71,9,1996-10-08,1,Save-a-lot Markets,Jose Pavarotti,187 Suffolk Ln.,Boise,83720,USA,Dodsworth,Anne,1969-07-02,EmpID9.pic,Anne has a BA degree in English from St. Lawrence College. She is fluent in French and German.,Speedy Express,(503) 555-9831,7,"Pavlova, Ltd.",Ian Devling,74 Rose St. Moonie Ponds,Melbourne,3058,Australia,(03) 444-2343
198,10324,35,70,Steeleye Stout,16,1,24 - 12 oz bottles,18.0,1,Beverages,"Soft drinks, coffees, teas, beers, and ales",71,9,1996-10-08,1,Save-a-lot Markets,Jose Pavarotti,187 Suffolk Ln.,Boise,83720,USA,Dodsworth,Anne,1969-07-02,EmpID9.pic,Anne has a BA degree in English from St. Lawrence College. She is fluent in French and German.,Speedy Express,(503) 555-9831,16,Bigfoot Breweries,Cheryl Saylor,3400 - 8th Avenue Suite 210,Bend,97101,USA,(503) 555-9931
199,10324,46,30,Spegesild,21,8,4 - 450 g glasses,12.0,8,Seafood,Seaweed and fish,71,9,1996-10-08,1,Save-a-lot Markets,Jose Pavarotti,187 Suffolk Ln.,Boise,83720,USA,Dodsworth,Anne,1969-07-02,EmpID9.pic,Anne has a BA degree in English from St. Lawrence College. She is fluent in French and German.,Speedy Express,(503) 555-9831,21,Lyngbysild,Niels Petersen,Lyngbysild Fiskebakken 10,Lyngby,2800,Denmark,43844108
200,10324,59,40,Raclette Courdavault,28,4,5 kg pkg.,55.0,4,Dairy Products,Cheeses,71,9,1996-10-08,1,Save-a-lot Markets,Jose Pavarotti,187 Suffolk Ln.,Boise,83720,USA,Dodsworth,Anne,1969-07-02,EmpID9.pic,Anne has a BA degree in English from St. Lawrence College. She is fluent in French and German.,Speedy Express,(503) 555-9831,28,Gai pâturage,Eliane Noz,"Bat. B 3, rue des Alpes",Annecy,74000,France,38.76.98.06
201,10324,63,80,Vegie-spread,7,2,15 - 625 g jars,43.9,2,Condiments,"Sweet and savory sauces, relishes, spreads, and seasonings",71,9,1996-10-08,1,Save-a-lot Markets,Jose Pavarotti,187 Suffolk Ln.,Boise,83720,USA,Dodsworth,Anne,1969-07-02,EmpID9.pic,Anne has a BA degree in English from St. Lawrence College. She is fluent in French and German.,Speedy Express,(503) 555-9831,7,"Pavlova, Ltd.",Ian Devling,74 Rose St. Moonie Ponds,Melbourne,3058,Australia,(03) 444-2343
202,10325,6,6,Grandma's Boysenberry Spread,3,2,12 - 8 oz jars,25.0,2,Condiments,"Sweet and savory sauces, relishes, spreads, and seasonings",39,1,1996-10-09,3,Königlich Essen,Philip Cramer,Maubelstr. 90,Brandenburg,14776,Germany,Davolio,Nancy,1968-12-08,EmpID1.pic,Education includes a BA in psychology from Colorado State University. She also completed (The Art of the Cold Call). Nancy is a member of 'Toastmasters International'.,Federal Shipping,(503) 555-9931,3,Grandma Kelly's Homestead,Regina Murphy,707 Oxford Rd.,Ann Arbor,48104,USA,(313) 555-5735
203,10325,13,12,Konbu,6,8,2 kg box,6.0,8,Seafood,Seaweed and fish,39,1,1996-10-09,3,Königlich Essen,Philip Cramer,Maubelstr. 90,Brandenburg,14776,Germany,Davolio,Nancy,1968-12-08,EmpID1.pic,Education includes a BA in psychology from Colorado State University. She also completed (The Art of the Cold Call). Nancy is a member of 'Toastmasters International'.,Federal Shipping,(503) 555-9931,6,Mayumi's,Mayumi Ohno,92 Setsuko Chuo-ku,Osaka,545,Japan,(06) 431-7877
204,10325,14,9,Tofu,6,7,40 - 100 g pkgs.,23.25,7,Produce,Dried fruit and bean curd,39,1,1996-10-09,3,Königlich Essen,Philip Cramer,Maubelstr. 90,Brandenburg,14776,Germany,Davolio,Nancy,1968-12-08,EmpID1.pic,Education includes a BA in psychology from Colorado State University. She also completed (The Art of the Cold Call). Nancy is a member of 'Toastmasters International'.,Federal Shipping,(503) 555-9931,6,Mayumi's,Mayumi Ohno,92 Setsuko Chuo-ku,Osaka,545,Japan,(06) 431-7877
205,10325,31,4,Gorgonzola Telino,14,4,12 - 100 g pkgs,12.5,4,Dairy Products,Cheeses,39,1,1996-10-09,3,Königlich Essen,Philip Cramer,Maubelstr. 90,Brandenburg,14776,Germany,Davolio,Nancy,1968-12-08,EmpID1.pic,Education includes a BA in psychology from Colorado State University. She also completed (The Art of the Cold Call). Nancy is a member of 'Toastmasters International'.,Federal Shipping,(503) 555-9931,14,Formaggi Fortini s.r.l.,Elio Rossi,"Viale Dante, 75",Ravenna,48100,Italy,(0544) 60323
206,10325,72,40,Mozzarella di Giovanni,14,4,24 - 200 g pkgs.,34.8,4,Dairy Products,Cheeses,39,1,1996-10-09,3,Königlich Essen,Philip Cramer,Maubelstr. 90,Brandenburg,14776,Germany,Davolio,Nancy,1968-12-08,EmpID1.pic,Education includes a BA in psychology from Colorado State University. She also completed (The Art of the Cold Call). Nancy is a member of 'Toastmasters International'.,Federal Shipping,(503) 555-9931,14,Formaggi Fortini s.r.l.,Elio Rossi,"Viale Dante, 75",Ravenna,48100,Italy,(0544) 60323
207,10326,4,24,Chef Anton's Cajun Seasoning,2,2,48 - 6 oz jars,22.0,2,Condiments,"Sweet and savory sauces, relishes, spreads, and seasonings",8,4,1996-10-10,2,Bólido Comidas preparadas,Martín Sommer,"C/ Araquil, 67",Madrid,28023,Spain,Peacock,Margaret,1958-09-19,EmpID4.pic,Margaret holds a BA in English literature from Concordia College and an MA from the American Institute of Culinary Arts. She was temporarily assigned to the London office before returning to her permanent post in Seattle.,United Package,(503) 555-3199,2,New Orleans Cajun Delights,Shelley Burke,P.O. Box 78934,New Orleans,70117,USA,(100) 555-4822
208,10326,57,16,Ravioli Angelo,26,5,24 - 250 g pkgs.,19.5,5,Grains/Cereals,"Breads, crackers, pasta, and cereal",8,4,1996-10-10,2,Bólido Comidas preparadas,Martín Sommer,"C/ Araquil, 67",Madrid,28023,Spain,Peacock,Margaret,1958-09-19,EmpID4.pic,Margaret holds a BA in English literature from Concordia College and an MA from the American Institute of Culinary Arts. She was temporarily assigned to the London office before returning to her permanent post in Seattle.,United Package,(503) 555-3199,26,Pasta Buttini s.r.l.,Giovanni Giudici,"Via dei Gelsomini, 153",Salerno,84100,Italy,(089) 6547665
209,10326,75,50,Rhönbräu Klosterbier,12,1,24 - 0.5 l bottles,7.75,1,Beverages,"Soft drinks, coffees, teas, beers, and ales",8,4,1996-10-10,2,Bólido Comidas preparadas,Martín Sommer,"C/ Araquil, 67",Madrid,28023,Spain,Peacock,Margaret,1958-09-19,EmpID4.pic,Margaret holds a BA in English literature from Concordia College and an MA from the American Institute of Culinary Arts. She was temporarily assigned to the London office before returning to her permanent post in Seattle.,United Package,(503) 555-3199,12,Plutzer Lebensmittelgroßmärkte AG,Martin Bein,Bogenallee 51,Frankfurt,60439,Germany,(069) 992755
210,10327,2,25,Chang,1,1,24 - 12 oz bottles,19.0,1,Beverages,"Soft drinks, coffees, teas, beers, and ales",24,2,1996-10-11,1,Folk och fä HB,Maria Larsson,Åkergatan 24,Bräcke,S-844 67,Sweden,Fuller,Andrew,1952-02-19,EmpID2.pic,"Andrew received his BTS commercial and a Ph.D. in international marketing from the University of Dallas. He is fluent in French and Italian and reads German. He joined the company as a sales representative, was promoted to sales manager and was then named vice president of sales. Andrew is a member of the Sales Management Roundtable, the Seattle Chamber of Commerce, and the Pacific Rim Importers Association.",Speedy Express,(503) 555-9831,1,Exotic Liquid,Charlotte Cooper,49 Gilbert St.,Londona,EC1 4SD,UK,(171) 555-2222
211,10327,11,50,Queso Cabrales,5,4,1 kg pkg.,21.0,4,Dairy Products,Cheeses,24,2,1996-10-11,1,Folk och fä HB,Maria Larsson,Åkergatan 24,Bräcke,S-844 67,Sweden,Fuller,Andrew,1952-02-19,EmpID2.pic,"Andrew received his BTS commercial and a Ph.D. in international marketing from the University of Dallas. He is fluent in French and Italian and reads German. He joined the company as a sales representative, was promoted to sales manager and was then named vice president of sales. Andrew is a member of the Sales Management Roundtable, the Seattle Chamber of Commerce, and the Pacific Rim Importers Association.",Speedy Express,(503) 555-9831,5,Cooperativa de Quesos 'Las Cabras',Antonio del Valle Saavedra,Calle del Rosal 4,Oviedo,33007,Spain,(98) 598 76 54
212,10327,30,35,Nord-Ost Matjeshering,13,8,10 - 200 g glasses,25.89,8,Seafood,Seaweed and fish,24,2,1996-10-11,1,Folk och fä HB,Maria Larsson,Åkergatan 24,Bräcke,S-844 67,Sweden,Fuller,Andrew,1952-02-19,EmpID2.pic,"Andrew received his BTS commercial and a Ph.D. in international marketing from the University of Dallas. He is fluent in French and Italian and reads German. He joined the company as a sales representative, was promoted to sales manager and was then named vice president of sales. Andrew is a member of the Sales Management Roundtable, the Seattle Chamber of Commerce, and the Pacific Rim Importers Association.",Speedy Express,(503) 555-9831,13,Nord-Ost-Fisch Handelsgesellschaft mbH,Sven Petersen,Frahmredder 112a,Cuxhaven,27478,Germany,(04721) 8713
213,10327,58,30,Escargots de Bourgogne,27,8,24 pieces,13.25,8,Seafood,Seaweed and fish,24,2,1996-10-11,1,Folk och fä HB,Maria Larsson,Åkergatan 24,Bräcke,S-844 67,Sweden,Fuller,Andrew,1952-02-19,EmpID2.pic,"Andrew received his BTS commercial and a Ph.D. in international marketing from the University of Dallas. He is fluent in French and Italian and reads German. He joined the company as a sales representative, was promoted to sales manager and was then named vice president of sales. Andrew is a member of the Sales Management Roundtable, the Seattle Chamber of Commerce, and the Pacific Rim Importers Association.",Speedy Express,(503) 555-9831,27,Escargots Nouveaux,Marie Delamare,"22, rue H. Voiron",Montceau,71300,France,85.57.00.07
214,10328,59,9,Raclette Courdavault,28,4,5 kg pkg.,55.0,4,Dairy Products,Cheeses,28,4,1996-10-14,3,Furia Bacalhau e Frutos do Mar,Lino Rodriguez,Jardim das rosas n. 32,Lisboa,1675,Portugal,Peacock,Margaret,1958-09-19,EmpID4.pic,Margaret holds a BA in English literature from Concordia College and an MA from the American Institute of Culinary Arts. She was temporarily assigned to the London office before returning to her permanent post in Seattle.,Federal Shipping,(503) 555-9931,28,Gai pâturage,Eliane Noz,"Bat. B 3, rue des Alpes",Annecy,74000,France,38.76.98.06
215,10328,65,40,Louisiana Fiery Hot Pepper Sauce,2,2,32 - 8 oz bottles,21.05,2,Condiments,"Sweet and savory sauces, relishes, spreads, and seasonings",28,4,1996-10-14,3,Furia Bacalhau e Frutos do Mar,Lino Rodriguez,Jardim das rosas n. 32,Lisboa,1675,Portugal,Peacock,Margaret,1958-09-19,EmpID4.pic,Margaret holds a BA in English literature from Concordia College and an MA from the American Institute of Culinary Arts. She was temporarily assigned to the London office before returning to her permanent post in Seattle.,Federal Shipping,(503) 555-9931,2,New Orleans Cajun Delights,Shelley Burke,P.O. Box 78934,New Orleans,70117,USA,(100) 555-4822
216,10328,68,10,Scottish Longbreads,8,3,10 boxes x 8 pieces,12.5,3,Confections,"Desserts, candies, and sweet breads",28,4,1996-10-14,3,Furia Bacalhau e Frutos do Mar,Lino Rodriguez,Jardim das rosas n. 32,Lisboa,1675,Portugal,Peacock,Margaret,1958-09-19,EmpID4.pic,Margaret holds a BA in English literature from Concordia College and an MA from the American Institute of Culinary Arts. She was temporarily assigned to the London office before returning to her permanent post in Seattle.,Federal Shipping,(503) 555-9931,8,"Specialty Biscuits, Ltd.",Peter Wilson,29 King's Way,Manchester,M14 GSD,UK,(161) 555-4448
217,10329,19,10,Teatime Chocolate Biscuits,8,3,10 boxes x 12 pieces,9.2,3,Confections,"Desserts, candies, and sweet breads",75,4,1996-10-15,2,Split Rail Beer & Ale,Art Braunschweiger,P.O. Box 555,Lander,82520,USA,Peacock,Margaret,1958-09-19,EmpID4.pic,Margaret holds a BA in English literature from Concordia College and an MA from the American Institute of Culinary Arts. She was temporarily assigned to the London office before returning to her permanent post in Seattle.,United Package,(503) 555-3199,8,"Specialty Biscuits, Ltd.",Peter Wilson,29 King's Way,Manchester,M14 GSD,UK,(161) 555-4448
218,10329,30,8,Nord-Ost Matjeshering,13,8,10 - 200 g glasses,25.89,8,Seafood,Seaweed and fish,75,4,1996-10-15,2,Split Rail Beer & Ale,Art Braunschweiger,P.O. Box 555,Lander,82520,USA,Peacock,Margaret,1958-09-19,EmpID4.pic,Margaret holds a BA in English literature from Concordia College and an MA from the American Institute of Culinary Arts. She was temporarily assigned to the London office before returning to her permanent post in Seattle.,United Package,(503) 555-3199,13,Nord-Ost-Fisch Handelsgesellschaft mbH,Sven Petersen,Frahmredder 112a,Cuxhaven,27478,Germany,(04721) 8713
219,10329,38,20,Côte de Blaye,18,1,12 - 75 cl bottles,263.5,1,Beverages,"Soft drinks, coffees, teas, beers, and ales",75,4,1996-10-15,2,Split Rail Beer & Ale,Art Braunschweiger,P.O. Box 555,Lander,82520,USA,Peacock,Margaret,1958-09-19,EmpID4.pic,Margaret holds a BA in English literature from Concordia College and an MA from the American Institute of Culinary Arts. She was temporarily assigned to the London office before returning to her permanent post in Seattle.,United Package,(503) 555-3199,18,Aux joyeux ecclésiastiques,Guylène Nodier,"203, Rue des Francs-Bourgeois",Paris,75004,France,(1) 03.83.00.68
220,10329,56,12,Gnocchi di nonna Alice,26,5,24 - 250 g pkgs.,38.0,5,Grains/Cereals,"Breads, crackers, pasta, and cereal",75,4,1996-10-15,2,Split Rail Beer & Ale,Art Braunschweiger,P.O. Box 555,Lander,82520,USA,Peacock,Margaret,1958-09-19,EmpID4.pic,Margaret holds a BA in English literature from Concordia College and an MA from the American Institute of Culinary Arts. She was temporarily assigned to the London office before returning to her permanent post in Seattle.,United Package,(503) 555-3199,26,Pasta Buttini s.r.l.,Giovanni Giudici,"Via dei Gelsomini, 153",Salerno,84100,Italy,(089) 6547665
221,10330,26,50,Gumbär Gummibärchen,11,3,100 - 250 g bags,31.23,3,Confections,"Desserts, candies, and sweet breads",46,3,1996-10-16,1,LILA-Supermercado,Carlos González,Carrera 52 con Ave. Bolívar #65-98 Llano Largo,Barquisimeto,3508,Venezuela,Leverling,Janet,1963-08-30,EmpID3.pic,Janet has a BS degree in chemistry from Boston College). She has also completed a certificate program in food retailing management. Janet was hired as a sales associate and was promoted to sales representative.,Speedy Express,(503) 555-9831,11,Heli Süßwaren GmbH & Co. KG,Petra Winkler,Tiergartenstraße 5,Berlin,10785,Germany,(010) 9984510
222,10330,72,25,Mozzarella di Giovanni,14,4,24 - 200 g pkgs.,34.8,4,Dairy Products,Cheeses,46,3,1996-10-16,1,LILA-Supermercado,Carlos González,Carrera 52 con Ave. Bolívar #65-98 Llano Largo,Barquisimeto,3508,Venezuela,Leverling,Janet,1963-08-30,EmpID3.pic,Janet has a BS degree in chemistry from Boston College). She has also completed a certificate program in food retailing management. Janet was hired as a sales associate and was promoted to sales representative.,Speedy Express,(503) 555-9831,14,Formaggi Fortini s.r.l.,Elio Rossi,"Viale Dante, 75",Ravenna,48100,Italy,(0544) 60323
223,10331,54,15,Tourtière,25,6,16 pies,7.45,6,Meat/Poultry,Prepared meats,9,9,1996-10-16,1,Bon app',Laurence Lebihans,"12, rue des Bouchers",Marseille,13008,France,Dodsworth,Anne,1969-07-02,EmpID9.pic,Anne has a BA degree in English from St. Lawrence College. She is fluent in French and German.,Speedy Express,(503) 555-9831,25,Ma Maison,Jean-Guy Lauzon,2960 Rue St. Laurent,Montréal,H1J 1C3,Canada,(514) 555-9022
224,10332,18,40,Carnarvon Tigers,7,8,16 kg pkg.,62.5,8,Seafood,Seaweed and fish,51,3,1996-10-17,2,Mère Paillarde,Jean Fresnière,43 rue St. Laurent,Montréal,H1J 1C3,Canada,Leverling,Janet,1963-08-30,EmpID3.pic,Janet has a BS degree in chemistry from Boston College). She has also completed a certificate program in food retailing management. Janet was hired as a sales associate and was promoted to sales representative.,United Package,(503) 555-3199,7,"Pavlova, Ltd.",Ian Devling,74 Rose St. Moonie Ponds,Melbourne,3058,Australia,(03) 444-2343
225,10332,42,10,Singaporean Hokkien Fried Mee,20,5,32 - 1 kg pkgs.,14.0,5,Grains/Cereals,"Breads, crackers, pasta, and cereal",51,3,1996-10-17,2,Mère Paillarde,Jean Fresnière,43 rue St. Laurent,Montréal,H1J 1C3,Canada,Leverling,Janet,1963-08-30,EmpID3.pic,Janet has a BS degree in chemistry from Boston College). She has also completed a certificate program in food retailing management. Janet was hired as a sales associate and was promoted to sales representative.,United Package,(503) 555-3199,20,Leka Trading,Chandra Leka,"471 Serangoon Loop, Suite #402",Singapore,0512,Singapore,555-8787
226,10332,47,16,Zaanse koeken,22,3,10 - 4 oz boxes,9.5,3,Confections,"Desserts, candies, and sweet breads",51,3,1996-10-17,2,Mère Paillarde,Jean Fresnière,43 rue St. Laurent,Montréal,H1J 1C3,Canada,Leverling,Janet,1963-08-30,EmpID3.pic,Janet has a BS degree in chemistry from Boston College). She has also completed a certificate program in food retailing management. Janet was hired as a sales associate and was promoted to sales representative.,United Package,(503) 555-3199,22,Zaanse Snoepfabriek,Dirk Luchte,Verkoop Rijnweg 22,Zaandam,9999 ZZ,Netherlands,(12345) 1212
227,10333,14,10,Tofu,6,7,40 - 100 g pkgs.,23.25,7,Produce,Dried fruit and bean curd,87,5,1996-10-18,3,Wartian Herkku,Pirkko Koskitalo,Torikatu 38,Oulu,90110,Finland,Buchanan,Steven,1955-03-04,EmpID5.pic,"Steven Buchanan graduated from St. Andrews University, Scotland, with a BSC degree. Upon joining the company as a sales representative, he spent 6 months in an orientation program at the Seattle office and then returned to his permanent post in London, where he was promoted to sales manager. Mr. Buchanan has completed the courses 'Successful Telemarketing' and 'International Sales Management'. He is fluent in French.",Federal Shipping,(503) 555-9931,6,Mayumi's,Mayumi Ohno,92 Setsuko Chuo-ku,Osaka,545,Japan,(06) 431-7877
228,10333,21,10,Sir Rodney's Scones,8,3,24 pkgs. x 4 pieces,10.0,3,Confections,"Desserts, candies, and sweet breads",87,5,1996-10-18,3,Wartian Herkku,Pirkko Koskitalo,Torikatu 38,Oulu,90110,Finland,Buchanan,Steven,1955-03-04,EmpID5.pic,"Steven Buchanan graduated from St. Andrews University, Scotland, with a BSC degree. Upon joining the company as a sales representative, he spent 6 months in an orientation program at the Seattle office and then returned to his permanent post in London, where he was promoted to sales manager. Mr. Buchanan has completed the courses 'Successful Telemarketing' and 'International Sales Management'. He is fluent in French.",Federal Shipping,(503) 555-9931,8,"Specialty Biscuits, Ltd.",Peter Wilson,29 King's Way,Manchester,M14 GSD,UK,(161) 555-4448
229,10333,71,40,Fløtemysost,15,4,10 - 500 g pkgs.,21.5,4,Dairy Products,Cheeses,87,5,1996-10-18,3,Wartian Herkku,Pirkko Koskitalo,Torikatu 38,Oulu,90110,Finland,Buchanan,Steven,1955-03-04,EmpID5.pic,"Steven Buchanan graduated from St. Andrews University, Scotland, with a BSC degree. Upon joining the company as a sales representative, he spent 6 months in an orientation program at the Seattle office and then returned to his permanent post in London, where he was promoted to sales manager. Mr. Buchanan has completed the courses 'Successful Telemarketing' and 'International Sales Management'. He is fluent in French.",Federal Shipping,(503) 555-9931,15,Norske Meierier,Beate Vileid,Hatlevegen 5,Sandvika,1320,Norway,(0)2-953010
230,10334,52,8,Filo Mix,24,5,16 - 2 kg boxes,7.0,5,Grains/Cereals,"Breads, crackers, pasta, and cereal",84,8,1996-10-21,2,Victuailles en stock,Mary Saveley,"2, rue du Commerce",Lyon,69004,France,Callahan,Laura,1958-01-09,EmpID8.pic,Laura received a BA in psychology from the University of Washington. She has also completed a course in business French. She reads and writes French.,United Package,(503) 555-3199,24,"G'day, Mate",Wendy Mackenzie,170 Prince Edward Parade Hunter's Hill,Sydney,2042,Australia,(02) 555-5914
231,10334,68,10,Scottish Longbreads,8,3,10 boxes x 8 pieces,12.5,3,Confections,"Desserts, candies, and sweet breads",84,8,1996-10-21,2,Victuailles en stock,Mary Saveley,"2, rue du Commerce",Lyon,69004,France,Callahan,Laura,1958-01-09,EmpID8.pic,Laura received a BA in psychology from the University of Washington. She has also completed a course in business French. She reads and writes French.,United Package,(503) 555-3199,8,"Specialty Biscuits, Ltd.",Peter Wilson,29 King's Way,Manchester,M14 GSD,UK,(161) 555-4448
232,10335,2,7,Chang,1,1,24 - 12 oz bottles,19.0,1,Beverages,"Soft drinks, coffees, teas, beers, and ales",37,7,1996-10-22,2,Hungry Owl All-Night Grocers,Patricia McKenna,8 Johnstown Road,Cork,,Ireland,King,Robert,1960-05-29,EmpID7.pic,"Robert King served in the Peace Corps and traveled extensively before completing his degree in English at the University of Michigan and then joining the company. After completing a course entitled 'Selling in Europe', he was transferred to the London office.",United Package,(503) 555-3199,1,Exotic Liquid,Charlotte Cooper,49 Gilbert St.,Londona,EC1 4SD,UK,(171) 555-2222
233,10335,31,25,Gorgonzola Telino,14,4,12 - 100 g pkgs,12.5,4,Dairy Products,Cheeses,37,7,1996-10-22,2,Hungry Owl All-Night Grocers,Patricia McKenna,8 Johnstown Road,Cork,,Ireland,King,Robert,1960-05-29,EmpID7.pic,"Robert King served in the Peace Corps and traveled extensively before completing his degree in English at the University of Michigan and then joining the company. After completing a course entitled 'Selling in Europe', he was transferred to the London office.",United Package,(503) 555-3199,14,Formaggi Fortini s.r.l.,Elio Rossi,"Viale Dante, 75",Ravenna,48100,Italy,(0544) 60323
234,10335,32,6,Mascarpone Fabioli,14,4,24 - 200 g pkgs.,32.0,4,Dairy Products,Cheeses,37,7,1996-10-22,2,Hungry Owl All-Night Grocers,Patricia McKenna,8 Johnstown Road,Cork,,Ireland,King,Robert,1960-05-29,EmpID7.pic,"Robert King served in the Peace Corps and traveled extensively before completing his degree in English at the University of Michigan and then joining the company. After completing a course entitled 'Selling in Europe', he was transferred to the London office.",United Package,(503) 555-3199,14,Formaggi Fortini s.r.l.,Elio Rossi,"Viale Dante, 75",Ravenna,48100,Italy,(0544) 60323
235,10335,51,48,Manjimup Dried Apples,24,7,50 - 300 g pkgs.,53.0,7,Produce,Dried fruit and bean curd,37,7,1996-10-22,2,Hungry Owl All-Night Grocers,Patricia McKenna,8 Johnstown Road,Cork,,Ireland,King,Robert,1960-05-29,EmpID7.pic,"Robert King served in the Peace Corps and traveled extensively before completing his degree in English at the University of Michigan and then joining the company. After completing a course entitled 'Selling in Europe', he was transferred to the London office.",United Package,(503) 555-3199,24,"G'day, Mate",Wendy Mackenzie,170 Prince Edward Parade Hunter's Hill,Sydney,2042,Australia,(02) 555-5914
236,10336,4,18,Chef Anton's Cajun Seasoning,2,2,48 - 6 oz jars,22.0,2,Condiments,"Sweet and savory sauces, relishes, spreads, and seasonings",60,7,1996-10-23,2,Princesa Isabel Vinhoss,Isabel de Castro,Estrada da saúde n. 58,Lisboa,1756,Portugal,King,Robert,1960-05-29,EmpID7.pic,"Robert King served in the Peace Corps and traveled extensively before completing his degree in English at the University of Michigan and then joining the company. After completing a course entitled 'Selling in Europe', he was transferred to the London office.",United Package,(503) 555-3199,2,New Orleans Cajun Delights,Shelley Burke,P.O. Box 78934,New Orleans,70117,USA,(100) 555-4822
237,10337,23,40,Tunnbröd,9,5,12 - 250 g pkgs.,9.0,5,Grains/Cereals,"Breads, crackers, pasta, and cereal",25,4,1996-10-24,3,Frankenversand,Peter Franken,Berliner Platz 43,München,80805,Germany,Peacock,Margaret,1958-09-19,EmpID4.pic,Margaret holds a BA in English literature from Concordia College and an MA from the American Institute of Culinary Arts. She was temporarily assigned to the London office before returning to her permanent post in Seattle.,Federal Shipping,(503) 555-9931,9,PB Knäckebröd AB,Lars Peterson,Kaloadagatan 13,Göteborg,S-345 67,Sweden,031-987 65 43
238,10337,26,24,Gumbär Gummibärchen,11,3,100 - 250 g bags,31.23,3,Confections,"Desserts, candies, and sweet breads",25,4,1996-10-24,3,Frankenversand,Peter Franken,Berliner Platz 43,München,80805,Germany,Peacock,Margaret,1958-09-19,EmpID4.pic,Margaret holds a BA in English literature from Concordia College and an MA from the American Institute of Culinary Arts. She was temporarily assigned to the London office before returning to her permanent post in Seattle.,Federal Shipping,(503) 555-9931,11,Heli Süßwaren GmbH & Co. KG,Petra Winkler,Tiergartenstraße 5,Berlin,10785,Germany,(010) 9984510
239,10337,36,20,Inlagd Sill,17,8,24 - 250 g jars,19.0,8,Seafood,Seaweed and fish,25,4,1996-10-24,3,Frankenversand,Peter Franken,Berliner Platz 43,München,80805,Germany,Peacock,Margaret,1958-09-19,EmpID4.pic,Margaret holds a BA in English literature from Concordia College and an MA from the American Institute of Culinary Arts. She was temporarily assigned to the London office before returning to her permanent post in Seattle.,Federal Shipping,(503) 555-9931,17,Svensk Sjöföda AB,Michael Björn,Brovallavägen 231,Stockholm,S-123 45,Sweden,08-123 45 67
240,10337,37,28,Gravad lax,17,8,12 - 500 g pkgs.,26.0,8,Seafood,Seaweed and fish,25,4,1996-10-24,3,Frankenversand,Peter Franken,Berliner Platz 43,München,80805,Germany,Peacock,Margaret,1958-09-19,EmpID4.pic,Margaret holds a BA in English literature from Concordia College and an MA from the American Institute of Culinary Arts. She was temporarily assigned to the London office before returning to her permanent post in Seattle.,Federal Shipping,(503) 555-9931,17,Svensk Sjöföda AB,Michael Björn,Brovallavägen 231,Stockholm,S-123 45,Sweden,08-123 45 67
241,10337,72,25,Mozzarella di Giovanni,14,4,24 - 200 g pkgs.,34.8,4,Dairy Products,Cheeses,25,4,1996-10-24,3,Frankenversand,Peter Franken,Berliner Platz 43,München,80805,Germany,Peacock,Margaret,1958-09-19,EmpID4.pic,Margaret holds a BA in English literature from Concordia College and an MA from the American Institute of Culinary Arts. She was temporarily assigned to the London office before returning to her permanent post in Seattle.,Federal Shipping,(503) 555-9931,14,Formaggi Fortini s.r.l.,Elio Rossi,"Viale Dante, 75",Ravenna,48100,Italy,(0544) 60323
242,10338,17,20,Alice Mutton,7,6,20 - 1 kg tins,39.0,6,Meat/Poultry,Prepared meats,55,4,1996-10-25,3,Old World Delicatessen,Rene Phillips,2743 Bering St.,Anchorage,99508,USA,Peacock,Margaret,1958-09-19,EmpID4.pic,Margaret holds a BA in English literature from Concordia College and an MA from the American Institute of Culinary Arts. She was temporarily assigned to the London office before returning to her permanent post in Seattle.,Federal Shipping,(503) 555-9931,7,"Pavlova, Ltd.",Ian Devling,74 Rose St. Moonie Ponds,Melbourne,3058,Australia,(03) 444-2343
243,10338,30,15,Nord-Ost Matjeshering,13,8,10 - 200 g glasses,25.89,8,Seafood,Seaweed and fish,55,4,1996-10-25,3,Old World Delicatessen,Rene Phillips,2743 Bering St.,Anchorage,99508,USA,Peacock,Margaret,1958-09-19,EmpID4.pic,Margaret holds a BA in English literature from Concordia College and an MA from the American Institute of Culinary Arts. She was temporarily assigned to the London office before returning to her permanent post in Seattle.,Federal Shipping,(503) 555-9931,13,Nord-Ost-Fisch Handelsgesellschaft mbH,Sven Petersen,Frahmredder 112a,Cuxhaven,27478,Germany,(04721) 8713
244,10339,4,10,Chef Anton's Cajun Seasoning,2,2,48 - 6 oz jars,22.0,2,Condiments,"Sweet and savory sauces, relishes, spreads, and seasonings",51,2,1996-10-28,2,Mère Paillarde,Jean Fresnière,43 rue St. Laurent,Montréal,H1J 1C3,Canada,Fuller,Andrew,1952-02-19,EmpID2.pic,"Andrew received his BTS commercial and a Ph.D. in international marketing from the University of Dallas. He is fluent in French and Italian and reads German. He joined the company as a sales representative, was promoted to sales manager and was then named vice president of sales. Andrew is a member of the Sales Management Roundtable, the Seattle Chamber of Commerce, and the Pacific Rim Importers Association.",United Package,(503) 555-3199,2,New Orleans Cajun Delights,Shelley Burke,P.O. Box 78934,New Orleans,70117,USA,(100) 555-4822
245,10339,17,70,Alice Mutton,7,6,20 - 1 kg tins,39.0,6,Meat/Poultry,Prepared meats,51,2,1996-10-28,2,Mère Paillarde,Jean Fresnière,43 rue St. Laurent,Montréal,H1J 1C3,Canada,Fuller,Andrew,1952-02-19,EmpID2.pic,"Andrew received his BTS commercial and a Ph.D. in international marketing from the University of Dallas. He is fluent in French and Italian and reads German. He joined the company as a sales representative, was promoted to sales manager and was then named vice president of sales. Andrew is a member of the Sales Management Roundtable, the Seattle Chamber of Commerce, and the Pacific Rim Importers Association.",United Package,(503) 555-3199,7,"Pavlova, Ltd.",Ian Devling,74 Rose St. Moonie Ponds,Melbourne,3058,Australia,(03) 444-2343
246,10339,62,28,Tarte au sucre,29,3,48 pies,49.3,3,Confections,"Desserts, candies, and sweet breads",51,2,1996-10-28,2,Mère Paillarde,Jean Fresnière,43 rue St. Laurent,Montréal,H1J 1C3,Canada,Fuller,Andrew,1952-02-19,EmpID2.pic,"Andrew received his BTS commercial and a Ph.D. in international marketing from the University of Dallas. He is fluent in French and Italian and reads German. He joined the company as a sales representative, was promoted to sales manager and was then named vice president of sales. Andrew is a member of the Sales Management Roundtable, the Seattle Chamber of Commerce, and the Pacific Rim Importers Association.",United Package,(503) 555-3199,29,Forêts d'érables,Chantal Goulet,148 rue Chasseur,Ste-Hyacinthe,J2S 7S8,Canada,(514) 555-2955
247,10340,18,20,Carnarvon Tigers,7,8,16 kg pkg.,62.5,8,Seafood,Seaweed and fish,9,1,1996-10-29,3,Bon app',Laurence Lebihans,"12, rue des Bouchers",Marseille,13008,France,Davolio,Nancy,1968-12-08,EmpID1.pic,Education includes a BA in psychology from Colorado State University. She also completed (The Art of the Cold Call). Nancy is a member of 'Toastmasters International'.,Federal Shipping,(503) 555-9931,7,"Pavlova, Ltd.",Ian Devling,74 Rose St. Moonie Ponds,Melbourne,3058,Australia,(03) 444-2343
248,10340,41,12,Jack's New England Clam Chowder,19,8,12 - 12 oz cans,9.65,8,Seafood,Seaweed and fish,9,1,1996-10-29,3,Bon app',Laurence Lebihans,"12, rue des Bouchers",Marseille,13008,France,Davolio,Nancy,1968-12-08,EmpID1.pic,Education includes a BA in psychology from Colorado State University. She also completed (The Art of the Cold Call). Nancy is a member of 'Toastmasters International'.,Federal Shipping,(503) 555-9931,19,New England Seafood Cannery,Robb Merchant,Order Processing Dept. 2100 Paul Revere Blvd.,Boston,02134,USA,(617) 555-3267
249,10340,43,40,Ipoh Coffee,20,1,16 - 500 g tins,46.0,1,Beverages,"Soft drinks, coffees, teas, beers, and ales",9,1,1996-10-29,3,Bon app',Laurence Lebihans,"12, rue des Bouchers",Marseille,13008,France,Davolio,Nancy,1968-12-08,EmpID1.pic,Education includes a BA in psychology from Colorado State University. She also completed (The Art of the Cold Call). Nancy is a member of 'Toastmasters International'.,Federal Shipping,(503) 555-9931,20,Leka Trading,Chandra Leka,"471 Serangoon Loop, Suite #402",Singapore,0512,Singapore,555-8787
250,10341,33,8,Geitost,15,4,500 g,2.5,4,Dairy Products,Cheeses,73,7,1996-10-29,3,Simons bistro,Jytte Petersen,Vinbæltet 34,København,1734,Denmark,King,Robert,1960-05-29,EmpID7.pic,"Robert King served in the Peace Corps and traveled extensively before completing his degree in English at the University of Michigan and then joining the company. After completing a course entitled 'Selling in Europe', he was transferred to the London office.",Federal Shipping,(503) 555-9931,15,Norske Meierier,Beate Vileid,Hatlevegen 5,Sandvika,1320,Norway,(0)2-953010
251,10341,59,9,Raclette Courdavault,28,4,5 kg pkg.,55.0,4,Dairy Products,Cheeses,73,7,1996-10-29,3,Simons bistro,Jytte Petersen,Vinbæltet 34,København,1734,Denmark,King,Robert,1960-05-29,EmpID7.pic,"Robert King served in the Peace Corps and traveled extensively before completing his degree in English at the University of Michigan and then joining the company. After completing a course entitled 'Selling in Europe', he was transferred to the London office.",Federal Shipping,(503) 555-9931,28,Gai pâturage,Eliane Noz,"Bat. B 3, rue des Alpes",Annecy,74000,France,38.76.98.06
252,10342,2,24,Chang,1,1,24 - 12 oz bottles,19.0,1,Beverages,"Soft drinks, coffees, teas, beers, and ales",25,4,1996-10-30,2,Frankenversand,Peter Franken,Berliner Platz 43,München,80805,Germany,Peacock,Margaret,1958-09-19,EmpID4.pic,Margaret holds a BA in English literature from Concordia College and an MA from the American Institute of Culinary Arts. She was temporarily assigned to the London office before returning to her permanent post in Seattle.,United Package,(503) 555-3199,1,Exotic Liquid,Charlotte Cooper,49 Gilbert St.,Londona,EC1 4SD,UK,(171) 555-2222
253,10342,31,56,Gorgonzola Telino,14,4,12 - 100 g pkgs,12.5,4,Dairy Products,Cheeses,25,4,1996-10-30,2,Frankenversand,Peter Franken,Berliner Platz 43,München,80805,Germany,Peacock,Margaret,1958-09-19,EmpID4.pic,Margaret holds a BA in English literature from Concordia College and an MA from the American Institute of Culinary Arts. She was temporarily assigned to the London office before returning to her permanent post in Seattle.,United Package,(503) 555-3199,14,Formaggi Fortini s.r.l.,Elio Rossi,"Viale Dante, 75",Ravenna,48100,Italy,(0544) 60323
254,10342,36,40,Inlagd Sill,17,8,24 - 250 g jars,19.0,8,Seafood,Seaweed and fish,25,4,1996-10-30,2,Frankenversand,Peter Franken,Berliner Platz 43,München,80805,Germany,Peacock,Margaret,1958-09-19,EmpID4.pic,Margaret holds a BA in English literature from Concordia College and an MA from the American Institute of Culinary Arts. She was temporarily assigned to the London office before returning to her permanent post in Seattle.,United Package,(503) 555-3199,17,Svensk Sjöföda AB,Michael Björn,Brovallavägen 231,Stockholm,S-123 45,Sweden,08-123 45 67
255,10342,55,40,Pâté chinois,25,6,24 boxes x 2 pies,24.0,6,Meat/Poultry,Prepared meats,25,4,1996-10-30,2,Frankenversand,Peter Franken,Berliner Platz 43,München,80805,Germany,Peacock,Margaret,1958-09-19,EmpID4.pic,Margaret holds a BA in English literature from Concordia College and an MA from the American Institute of Culinary Arts. She was temporarily assigned to the London office before returning to her permanent post in Seattle.,United Package,(503) 555-3199,25,Ma Maison,Jean-Guy Lauzon,2960 Rue St. Laurent,Montréal,H1J 1C3,Canada,(514) 555-9022
256,10343,64,50,Wimmers gute Semmelknödel,12,5,20 bags x 4 pieces,33.25,5,Grains/Cereals,"Breads, crackers, pasta, and cereal",44,4,1996-10-31,1,Lehmanns Marktstand,Renate Messner,Magazinweg 7,Frankfurt a.M.,60528,Germany,Peacock,Margaret,1958-09-19,EmpID4.pic,Margaret holds a BA in English literature from Concordia College and an MA from the American Institute of Culinary Arts. She was temporarily assigned to the London office before returning to her permanent post in Seattle.,Speedy Express,(503) 555-9831,12,Plutzer Lebensmittelgroßmärkte AG,Martin Bein,Bogenallee 51,Frankfurt,60439,Germany,(069) 992755
257,10343,68,4,Scottish Longbreads,8,3,10 boxes x 8 pieces,12.5,3,Confections,"Desserts, candies, and sweet breads",44,4,1996-10-31,1,Lehmanns Marktstand,Renate Messner,Magazinweg 7,Frankfurt a.M.,60528,Germany,Peacock,Margaret,1958-09-19,EmpID4.pic,Margaret holds a BA in English literature from Concordia College and an MA from the American Institute of Culinary Arts. She was temporarily assigned to the London office before returning to her permanent post in Seattle.,Speedy Express,(503) 555-9831,8,"Specialty Biscuits, Ltd.",Peter Wilson,29 King's Way,Manchester,M14 GSD,UK,(161) 555-4448
258,10343,76,15,Lakkalikööri,23,1,500 ml,18.0,1,Beverages,"Soft drinks, coffees, teas, beers, and ales",44,4,1996-10-31,1,Lehmanns Marktstand,Renate Messner,Magazinweg 7,Frankfurt a.M.,60528,Germany,Peacock,Margaret,1958-09-19,EmpID4.pic,Margaret holds a BA in English literature from Concordia College and an MA from the American Institute of Culinary Arts. She was temporarily assigned to the London office before returning to her permanent post in Seattle.,Speedy Express,(503) 555-9831,23,Karkki Oy,Anne Heikkonen,Valtakatu 12,Lappeenranta,53120,Finland,(953) 10956
259,10344,4,35,Chef Anton's Cajun Seasoning,2,2,48 - 6 oz jars,22.0,2,Condiments,"Sweet and savory sauces, relishes, spreads, and seasonings",89,4,1996-11-01,2,White Clover Markets,Karl Jablonski,305 - 14th Ave. S. Suite 3B,Seattle,98128,USA,Peacock,Margaret,1958-09-19,EmpID4.pic,Margaret holds a BA in English literature from Concordia College and an MA from the American Institute of Culinary Arts. She was temporarily assigned to the London office before returning to her permanent post in Seattle.,United Package,(503) 555-3199,2,New Orleans Cajun Delights,Shelley Burke,P.O. Box 78934,New Orleans,70117,USA,(100) 555-4822
260,10344,8,70,Northwoods Cranberry Sauce,3,2,12 - 12 oz jars,40.0,2,Condiments,"Sweet and savory sauces, relishes, spreads, and seasonings",89,4,1996-11-01,2,White Clover Markets,Karl Jablonski,305 - 14th Ave. S. Suite 3B,Seattle,98128,USA,Peacock,Margaret,1958-09-19,EmpID4.pic,Margaret holds a BA in English literature from Concordia College and an MA from the American Institute of Culinary Arts. She was temporarily assigned to the London office before returning to her permanent post in Seattle.,United Package,(503) 555-3199,3,Grandma Kelly's Homestead,Regina Murphy,707 Oxford Rd.,Ann Arbor,48104,USA,(313) 555-5735
261,10345,8,70,Northwoods Cranberry Sauce,3,2,12 - 12 oz jars,40.0,2,Condiments,"Sweet and savory sauces, relishes, spreads, and seasonings",63,2,1996-11-04,2,QUICK-Stop,Horst Kloss,Taucherstraße 10,Cunewalde,01307,Germany,Fuller,Andrew,1952-02-19,EmpID2.pic,"Andrew received his BTS commercial and a Ph.D. in international marketing from the University of Dallas. He is fluent in French and Italian and reads German. He joined the company as a sales representative, was promoted to sales manager and was then named vice president of sales. Andrew is a member of the Sales Management Roundtable, the Seattle Chamber of Commerce, and the Pacific Rim Importers Association.",United Package,(503) 555-3199,3,Grandma Kelly's Homestead,Regina Murphy,707 Oxford Rd.,Ann Arbor,48104,USA,(313) 555-5735
262,10345,19,80,Teatime Chocolate Biscuits,8,3,10 boxes x 12 pieces,9.2,3,Confections,"Desserts, candies, and sweet breads",63,2,1996-11-04,2,QUICK-Stop,Horst Kloss,Taucherstraße 10,Cunewalde,01307,Germany,Fuller,Andrew,1952-02-19,EmpID2.pic,"Andrew received his BTS commercial and a Ph.D. in international marketing from the University of Dallas. He is fluent in French and Italian and reads German. He joined the company as a sales representative, was promoted to sales manager and was then named vice president of sales. Andrew is a member of the Sales Management Roundtable, the Seattle Chamber of Commerce, and the Pacific Rim Importers Association.",United Package,(503) 555-3199,8,"Specialty Biscuits, Ltd.",Peter Wilson,29 King's Way,Manchester,M14 GSD,UK,(161) 555-4448
263,10345,42,9,Singaporean Hokkien Fried Mee,20,5,32 - 1 kg pkgs.,14.0,5,Grains/Cereals,"Breads, crackers, pasta, and cereal",63,2,1996-11-04,2,QUICK-Stop,Horst Kloss,Taucherstraße 10,Cunewalde,01307,Germany,Fuller,Andrew,1952-02-19,EmpID2.pic,"Andrew received his BTS commercial and a Ph.D. in international marketing from the University of Dallas. He is fluent in French and Italian and reads German. He joined the company as a sales representative, was promoted to sales manager and was then named vice president of sales. Andrew is a member of the Sales Management Roundtable, the Seattle Chamber of Commerce, and the Pacific Rim Importers Association.",United Package,(503) 555-3199,20,Leka Trading,Chandra Leka,"471 Serangoon Loop, Suite #402",Singapore,0512,Singapore,555-8787
264,10346,17,36,Alice Mutton,7,6,20 - 1 kg tins,39.0,6,Meat/Poultry,Prepared meats,65,3,1996-11-05,3,Rattlesnake Canyon Grocery,Paula Wilson,2817 Milton Dr.,Albuquerque,87110,USA,Leverling,Janet,1963-08-30,EmpID3.pic,Janet has a BS degree in chemistry from Boston College). She has also completed a certificate program in food retailing management. Janet was hired as a sales associate and was promoted to sales representative.,Federal Shipping,(503) 555-9931,7,"Pavlova, Ltd.",Ian Devling,74 Rose St. Moonie Ponds,Melbourne,3058,Australia,(03) 444-2343
265,10346,56,20,Gnocchi di nonna Alice,26,5,24 - 250 g pkgs.,38.0,5,Grains/Cereals,"Breads, crackers, pasta, and cereal",65,3,1996-11-05,3,Rattlesnake Canyon Grocery,Paula Wilson,2817 Milton Dr.,Albuquerque,87110,USA,Leverling,Janet,1963-08-30,EmpID3.pic,Janet has a BS degree in chemistry from Boston College). She has also completed a certificate program in food retailing management. Janet was hired as a sales associate and was promoted to sales representative.,Federal Shipping,(503) 555-9931,26,Pasta Buttini s.r.l.,Giovanni Giudici,"Via dei Gelsomini, 153",Salerno,84100,Italy,(089) 6547665
266,10347,25,10,NuNuCa Nuß-Nougat-Creme,11,3,20 - 450 g glasses,14.0,3,Confections,"Desserts, candies, and sweet breads",21,4,1996-11-06,3,Familia Arquibaldo,Aria Cruz,"Rua Orós, 92",São Paulo,05442-030,Brazil,Peacock,Margaret,1958-09-19,EmpID4.pic,Margaret holds a BA in English literature from Concordia College and an MA from the American Institute of Culinary Arts. She was temporarily assigned to the London office before returning to her permanent post in Seattle.,Federal Shipping,(503) 555-9931,11,Heli Süßwaren GmbH & Co. KG,Petra Winkler,Tiergartenstraße 5,Berlin,10785,Germany,(010) 9984510
267,10347,39,50,Chartreuse verte,18,1,750 cc per bottle,18.0,1,Beverages,"Soft drinks, coffees, teas, beers, and ales",21,4,1996-11-06,3,Familia Arquibaldo,Aria Cruz,"Rua Orós, 92",São Paulo,05442-030,Brazil,Peacock,Margaret,1958-09-19,EmpID4.pic,Margaret holds a BA in English literature from Concordia College and an MA from the American Institute of Culinary Arts. She was temporarily assigned to the London office before returning to her permanent post in Seattle.,Federal Shipping,(503) 555-9931,18,Aux joyeux ecclésiastiques,Guylène Nodier,"203, Rue des Francs-Bourgeois",Paris,75004,France,(1) 03.83.00.68
268,10347,40,4,Boston Crab Meat,19,8,24 - 4 oz tins,18.4,8,Seafood,Seaweed and fish,21,4,1996-11-06,3,Familia Arquibaldo,Aria Cruz,"Rua Orós, 92",São Paulo,05442-030,Brazil,Peacock,Margaret,1958-09-19,EmpID4.pic,Margaret holds a BA in English literature from Concordia College and an MA from the American Institute of Culinary Arts. She was temporarily assigned to the London office before returning to her permanent post in Seattle.,Federal Shipping,(503) 555-9931,19,New England Seafood Cannery,Robb Merchant,Order Processing Dept. 2100 Paul Revere Blvd.,Boston,02134,USA,(617) 555-3267
269,10347,75,6,Rhönbräu Klosterbier,12,1,24 - 0.5 l bottles,7.75,1,Beverages,"Soft drinks, coffees, teas, beers, and ales",21,4,1996-11-06,3,Familia Arquibaldo,Aria Cruz,"Rua Orós, 92",São Paulo,05442-030,Brazil,Peacock,Margaret,1958-09-19,EmpID4.pic,Margaret holds a BA in English literature from Concordia College and an MA from the American Institute of Culinary Arts. She was temporarily assigned to the London office before returning to her permanent post in Seattle.,Federal Shipping,(503) 555-9931,12,Plutzer Lebensmittelgroßmärkte AG,Martin Bein,Bogenallee 51,Frankfurt,60439,Germany,(069) 992755
270,10348,1,15,Chais,1,1,10 boxes x 20 bags,18.0,1,Beverages,"Soft drinks, coffees, teas, beers, and ales",86,4,1996-11-07,2,Die Wandernde Kuh,Rita Müller,Adenauerallee 900,Stuttgart,70563,Germany,Peacock,Margaret,1958-09-19,EmpID4.pic,Margaret holds a BA in English literature from Concordia College and an MA from the American Institute of Culinary Arts. She was temporarily assigned to the London office before returning to her permanent post in Seattle.,United Package,(503) 555-3199,1,Exotic Liquid,Charlotte Cooper,49 Gilbert St.,Londona,EC1 4SD,UK,(171) 555-2222
271,10348,23,25,Tunnbröd,9,5,12 - 250 g pkgs.,9.0,5,Grains/Cereals,"Breads, crackers, pasta, and cereal",86,4,1996-11-07,2,Die Wandernde Kuh,Rita Müller,Adenauerallee 900,Stuttgart,70563,Germany,Peacock,Margaret,1958-09-19,EmpID4.pic,Margaret holds a BA in English literature from Concordia College and an MA from the American Institute of Culinary Arts. She was temporarily assigned to the London office before returning to her permanent post in Seattle.,United Package,(503) 555-3199,9,PB Knäckebröd AB,Lars Peterson,Kaloadagatan 13,Göteborg,S-345 67,Sweden,031-987 65 43
272,10349,54,24,Tourtière,25,6,16 pies,7.45,6,Meat/Poultry,Prepared meats,75,7,1996-11-08,1,Split Rail Beer & Ale,Art Braunschweiger,P.O. Box 555,Lander,82520,USA,King,Robert,1960-05-29,EmpID7.pic,"Robert King served in the Peace Corps and traveled extensively before completing his degree in English at the University of Michigan and then joining the company. After completing a course entitled 'Selling in Europe', he was transferred to the London office.",Speedy Express,(503) 555-9831,25,Ma Maison,Jean-Guy Lauzon,2960 Rue St. Laurent,Montréal,H1J 1C3,Canada,(514) 555-9022
273,10350,50,15,Valkoinen suklaa,23,3,12 - 100 g bars,16.25,3,Confections,"Desserts, candies, and sweet breads",41,6,1996-11-11,2,La maison d'Asie,Annette Roulet,1 rue Alsace-Lorraine,Toulouse,31000,France,Suyama,Michael,1963-07-02,EmpID6.pic,"Michael is a graduate of Sussex University (MA, economics) and the University of California at Los Angeles (MBA, marketing). He has also taken the courses 'Multi-Cultural Selling' and 'Time Management for the Sales Professional'. He is fluent in Japanese and can read and write French, Portuguese, and Spanish.",United Package,(503) 555-3199,23,Karkki Oy,Anne Heikkonen,Valtakatu 12,Lappeenranta,53120,Finland,(953) 10956
274,10350,69,18,Gudbrandsdalsost,15,4,10 kg pkg.,36.0,4,Dairy Products,Cheeses,41,6,1996-11-11,2,La maison d'Asie,Annette Roulet,1 rue Alsace-Lorraine,Toulouse,31000,France,Suyama,Michael,1963-07-02,EmpID6.pic,"Michael is a graduate of Sussex University (MA, economics) and the University of California at Los Angeles (MBA, marketing). He has also taken the courses 'Multi-Cultural Selling' and 'Time Management for the Sales Professional'. He is fluent in Japanese and can read and write French, Portuguese, and Spanish.",United Package,(503) 555-3199,15,Norske Meierier,Beate Vileid,Hatlevegen 5,Sandvika,1320,Norway,(0)2-953010
275,10351,38,20,Côte de Blaye,18,1,12 - 75 cl bottles,263.5,1,Beverages,"Soft drinks, coffees, teas, beers, and ales",20,1,1996-11-11,1,Ernst Handel,Roland Mendel,Kirchgasse 6,Graz,8010,Austria,Davolio,Nancy,1968-12-08,EmpID1.pic,Education includes a BA in psychology from Colorado State University. She also completed (The Art of the Cold Call). Nancy is a member of 'Toastmasters International'.,Speedy Express,(503) 555-9831,18,Aux joyeux ecclésiastiques,Guylène Nodier,"203, Rue des Francs-Bourgeois",Paris,75004,France,(1) 03.83.00.68
276,10351,41,13,Jack's New England Clam Chowder,19,8,12 - 12 oz cans,9.65,8,Seafood,Seaweed and fish,20,1,1996-11-11,1,Ernst Handel,Roland Mendel,Kirchgasse 6,Graz,8010,Austria,Davolio,Nancy,1968-12-08,EmpID1.pic,Education includes a BA in psychology from Colorado State University. She also completed (The Art of the Cold Call). Nancy is a member of 'Toastmasters International'.,Speedy Express,(503) 555-9831,19,New England Seafood Cannery,Robb Merchant,Order Processing Dept. 2100 Paul Revere Blvd.,Boston,02134,USA,(617) 555-3267
277,10351,44,77,Gula Malacca,20,2,20 - 2 kg bags,19.45,2,Condiments,"Sweet and savory sauces, relishes, spreads, and seasonings",20,1,1996-11-11,1,Ernst Handel,Roland Mendel,Kirchgasse 6,Graz,8010,Austria,Davolio,Nancy,1968-12-08,EmpID1.pic,Education includes a BA in psychology from Colorado State University. She also completed (The Art of the Cold Call). Nancy is a member of 'Toastmasters International'.,Speedy Express,(503) 555-9831,20,Leka Trading,Chandra Leka,"471 Serangoon Loop, Suite #402",Singapore,0512,Singapore,555-8787
278,10351,65,10,Louisiana Fiery Hot Pepper Sauce,2,2,32 - 8 oz bottles,21.05,2,Condiments,"Sweet and savory sauces, relishes, spreads, and seasonings",20,1,1996-11-11,1,Ernst Handel,Roland Mendel,Kirchgasse 6,Graz,8010,Austria,Davolio,Nancy,1968-12-08,EmpID1.pic,Education includes a BA in psychology from Colorado State University. She also completed (The Art of the Cold Call). Nancy is a member of 'Toastmasters International'.,Speedy Express,(503) 555-9831,2,New Orleans Cajun Delights,Shelley Burke,P.O. Box 78934,New Orleans,70117,USA,(100) 555-4822
279,10352,24,10,Guaraná Fantástica,10,1,12 - 355 ml cans,4.5,1,Beverages,"Soft drinks, coffees, teas, beers, and ales",28,3,1996-11-12,3,Furia Bacalhau e Frutos do Mar,Lino Rodriguez,Jardim das rosas n. 32,Lisboa,1675,Portugal,Leverling,Janet,1963-08-30,EmpID3.pic,Janet has a BS degree in chemistry from Boston College). She has also completed a certificate program in food retailing management. Janet was hired as a sales associate and was promoted to sales representative.,Federal Shipping,(503) 555-9931,10,Refrescos Americanas LTDA,Carlos Diaz,Av. das Americanas 12.890,São Paulo,5442,Brazil,(11) 555 4640
280,10352,54,20,Tourtière,25,6,16 pies,7.45,6,Meat/Poultry,Prepared meats,28,3,1996-11-12,3,Furia Bacalhau e Frutos do Mar,Lino Rodriguez,Jardim das rosas n. 32,Lisboa,1675,Portugal,Leverling,Janet,1963-08-30,EmpID3.pic,Janet has a BS degree in chemistry from Boston College). She has also completed a certificate program in food retailing management. Janet was hired as a sales associate and was promoted to sales representative.,Federal Shipping,(503) 555-9931,25,Ma Maison,Jean-Guy Lauzon,2960 Rue St. Laurent,Montréal,H1J 1C3,Canada,(514) 555-9022
281,10353,11,12,Queso Cabrales,5,4,1 kg pkg.,21.0,4,Dairy Products,Cheeses,59,7,1996-11-13,3,Piccolo und mehr,Georg Pipps,Geislweg 14,Salzburg,5020,Austria,King,Robert,1960-05-29,EmpID7.pic,"Robert King served in the Peace Corps and traveled extensively before completing his degree in English at the University of Michigan and then joining the company. After completing a course entitled 'Selling in Europe', he was transferred to the London office.",Federal Shipping,(503) 555-9931,5,Cooperativa de Quesos 'Las Cabras',Antonio del Valle Saavedra,Calle del Rosal 4,Oviedo,33007,Spain,(98) 598 76 54
282,10353,38,50,Côte de Blaye,18,1,12 - 75 cl bottles,263.5,1,Beverages,"Soft drinks, coffees, teas, beers, and ales",59,7,1996-11-13,3,Piccolo und mehr,Georg Pipps,Geislweg 14,Salzburg,5020,Austria,King,Robert,1960-05-29,EmpID7.pic,"Robert King served in the Peace Corps and traveled extensively before completing his degree in English at the University of Michigan and then joining the company. After completing a course entitled 'Selling in Europe', he was transferred to the London office.",Federal Shipping,(503) 555-9931,18,Aux joyeux ecclésiastiques,Guylène Nodier,"203, Rue des Francs-Bourgeois",Paris,75004,France,(1) 03.83.00.68
283,10354,1,12,Chais,1,1,10 boxes x 20 bags,18.0,1,Beverages,"Soft drinks, coffees, teas, beers, and ales",58,8,1996-11-14,3,Pericles Comidas clásicas,Guillermo Fernández,Calle Dr. Jorge Cash 321,México D.F.,05033,Mexico,Callahan,Laura,1958-01-09,EmpID8.pic,Laura received a BA in psychology from the University of Washington. She has also completed a course in business French. She reads and writes French.,Federal Shipping,(503) 555-9931,1,Exotic Liquid,Charlotte Cooper,49 Gilbert St.,Londona,EC1 4SD,UK,(171) 555-2222
284,10354,29,4,Thüringer Rostbratwurst,12,6,50 bags x 30 sausgs.,123.79,6,Meat/Poultry,Prepared meats,58,8,1996-11-14,3,Pericles Comidas clásicas,Guillermo Fernández,Calle Dr. Jorge Cash 321,México D.F.,05033,Mexico,Callahan,Laura,1958-01-09,EmpID8.pic,Laura received a BA in psychology from the University of Washington. She has also completed a course in business French. She reads and writes French.,Federal Shipping,(503) 555-9931,12,Plutzer Lebensmittelgroßmärkte AG,Martin Bein,Bogenallee 51,Frankfurt,60439,Germany,(069) 992755
285,10355,24,25,Guaraná Fantástica,10,1,12 - 355 ml cans,4.5,1,Beverages,"Soft drinks, coffees, teas, beers, and ales",4,6,1996-11-15,1,Around the Horn,Thomas Hardy,120 Hanover Sq.,London,WA1 1DP,UK,Suyama,Michael,1963-07-02,EmpID6.pic,"Michael is a graduate of Sussex University (MA, economics) and the University of California at Los Angeles (MBA, marketing). He has also taken the courses 'Multi-Cultural Selling' and 'Time Management for the Sales Professional'. He is fluent in Japanese and can read and write French, Portuguese, and Spanish.",Speedy Express,(503) 555-9831,10,Refrescos Americanas LTDA,Carlos Diaz,Av. das Americanas 12.890,São Paulo,5442,Brazil,(11) 555 4640
286,10355,57,25,Ravioli Angelo,26,5,24 - 250 g pkgs.,19.5,5,Grains/Cereals,"Breads, crackers, pasta, and cereal",4,6,1996-11-15,1,Around the Horn,Thomas Hardy,120 Hanover Sq.,London,WA1 1DP,UK,Suyama,Michael,1963-07-02,EmpID6.pic,"Michael is a graduate of Sussex University (MA, economics) and the University of California at Los Angeles (MBA, marketing). He has also taken the courses 'Multi-Cultural Selling' and 'Time Management for the Sales Professional'. He is fluent in Japanese and can read and write French, Portuguese, and Spanish.",Speedy Express,(503) 555-9831,26,Pasta Buttini s.r.l.,Giovanni Giudici,"Via dei Gelsomini, 153",Salerno,84100,Italy,(089) 6547665
287,10356,31,30,Gorgonzola Telino,14,4,12 - 100 g pkgs,12.5,4,Dairy Products,Cheeses,86,6,1996-11-18,2,Die Wandernde Kuh,Rita Müller,Adenauerallee 900,Stuttgart,70563,Germany,Suyama,Michael,1963-07-02,EmpID6.pic,"Michael is a graduate of Sussex University (MA, economics) and the University of California at Los Angeles (MBA, marketing). He has also taken the courses 'Multi-Cultural Selling' and 'Time Management for the Sales Professional'. He is fluent in Japanese and can read and write French, Portuguese, and Spanish.",United Package,(503) 555-3199,14,Formaggi Fortini s.r.l.,Elio Rossi,"Viale Dante, 75",Ravenna,48100,Italy,(0544) 60323
288,10356,55,12,Pâté chinois,25,6,24 boxes x 2 pies,24.0,6,Meat/Poultry,Prepared meats,86,6,1996-11-18,2,Die Wandernde Kuh,Rita Müller,Adenauerallee 900,Stuttgart,70563,Germany,Suyama,Michael,1963-07-02,EmpID6.pic,"Michael is a graduate of Sussex University (MA, economics) and the University of California at Los Angeles (MBA, marketing). He has also taken the courses 'Multi-Cultural Selling' and 'Time Management for the Sales Professional'. He is fluent in Japanese and can read and write French, Portuguese, and Spanish.",United Package,(503) 555-3199,25,Ma Maison,Jean-Guy Lauzon,2960 Rue St. Laurent,Montréal,H1J 1C3,Canada,(514) 555-9022
289,10356,69,20,Gudbrandsdalsost,15,4,10 kg pkg.,36.0,4,Dairy Products,Cheeses,86,6,1996-11-18,2,Die Wandernde Kuh,Rita Müller,Adenauerallee 900,Stuttgart,70563,Germany,Suyama,Michael,1963-07-02,EmpID6.pic,"Michael is a graduate of Sussex University (MA, economics) and the University of California at Los Angeles (MBA, marketing). He has also taken the courses 'Multi-Cultural Selling' and 'Time Management for the Sales Professional'. He is fluent in Japanese and can read and write French, Portuguese, and Spanish.",United Package,(503) 555-3199,15,Norske Meierier,Beate Vileid,Hatlevegen 5,Sandvika,1320,Norway,(0)2-953010
290,10357,10,30,Ikura,4,8,12 - 200 ml jars,31.0,8,Seafood,Seaweed and fish,46,1,1996-11-19,3,LILA-Supermercado,Carlos González,Carrera 52 con Ave. Bolívar #65-98 Llano Largo,Barquisimeto,3508,Venezuela,Davolio,Nancy,1968-12-08,EmpID1.pic,Education includes a BA in psychology from Colorado State University. She also completed (The Art of the Cold Call). Nancy is a member of 'Toastmasters International'.,Federal Shipping,(503) 555-9931,4,Tokyo Traders,Yoshi Nagase,9-8 Sekimai Musashino-shi,Tokyo,100,Japan,(03) 3555-5011
291,10357,26,16,Gumbär Gummibärchen,11,3,100 - 250 g bags,31.23,3,Confections,"Desserts, candies, and sweet breads",46,1,1996-11-19,3,LILA-Supermercado,Carlos González,Carrera 52 con Ave. Bolívar #65-98 Llano Largo,Barquisimeto,3508,Venezuela,Davolio,Nancy,1968-12-08,EmpID1.pic,Education includes a BA in psychology from Colorado State University. She also completed (The Art of the Cold Call). Nancy is a member of 'Toastmasters International'.,Federal Shipping,(503) 555-9931,11,Heli Süßwaren GmbH & Co. KG,Petra Winkler,Tiergartenstraße 5,Berlin,10785,Germany,(010) 9984510
292,10357,60,8,Camembert Pierrot,28,4,15 - 300 g rounds,34.0,4,Dairy Products,Cheeses,46,1,1996-11-19,3,LILA-Supermercado,Carlos González,Carrera 52 con Ave. Bolívar #65-98 Llano Largo,Barquisimeto,3508,Venezuela,Davolio,Nancy,1968-12-08,EmpID1.pic,Education includes a BA in psychology from Colorado State University. She also completed (The Art of the Cold Call). Nancy is a member of 'Toastmasters International'.,Federal Shipping,(503) 555-9931,28,Gai pâturage,Eliane Noz,"Bat. B 3, rue des Alpes",Annecy,74000,France,38.76.98.06
293,10358,24,10,Guaraná Fantástica,10,1,12 - 355 ml cans,4.5,1,Beverages,"Soft drinks, coffees, teas, beers, and ales",41,5,1996-11-20,1,La maison d'Asie,Annette Roulet,1 rue Alsace-Lorraine,Toulouse,31000,France,Buchanan,Steven,1955-03-04,EmpID5.pic,"Steven Buchanan graduated from St. Andrews University, Scotland, with a BSC degree. Upon joining the company as a sales representative, he spent 6 months in an orientation program at the Seattle office and then returned to his permanent post in London, where he was promoted to sales manager. Mr. Buchanan has completed the courses 'Successful Telemarketing' and 'International Sales Management'. He is fluent in French.",Speedy Express,(503) 555-9831,10,Refrescos Americanas LTDA,Carlos Diaz,Av. das Americanas 12.890,São Paulo,5442,Brazil,(11) 555 4640
294,10358,34,10,Sasquatch Ale,16,1,24 - 12 oz bottles,14.0,1,Beverages,"Soft drinks, coffees, teas, beers, and ales",41,5,1996-11-20,1,La maison d'Asie,Annette Roulet,1 rue Alsace-Lorraine,Toulouse,31000,France,Buchanan,Steven,1955-03-04,EmpID5.pic,"Steven Buchanan graduated from St. Andrews University, Scotland, with a BSC degree. Upon joining the company as a sales representative, he spent 6 months in an orientation program at the Seattle office and then returned to his permanent post in London, where he was promoted to sales manager. Mr. Buchanan has completed the courses 'Successful Telemarketing' and 'International Sales Management'. He is fluent in French.",Speedy Express,(503) 555-9831,16,Bigfoot Breweries,Cheryl Saylor,3400 - 8th Avenue Suite 210,Bend,97101,USA,(503) 555-9931
295,10358,36,20,Inlagd Sill,17,8,24 - 250 g jars,19.0,8,Seafood,Seaweed and fish,41,5,1996-11-20,1,La maison d'Asie,Annette Roulet,1 rue Alsace-Lorraine,Toulouse,31000,France,Buchanan,Steven,1955-03-04,EmpID5.pic,"Steven Buchanan graduated from St. Andrews University, Scotland, with a BSC degree. Upon joining the company as a sales representative, he spent 6 months in an orientation program at the Seattle office and then returned to his permanent post in London, where he was promoted to sales manager. Mr. Buchanan has completed the courses 'Successful Telemarketing' and 'International Sales Management'. He is fluent in French.",Speedy Express,(503) 555-9831,17,Svensk Sjöföda AB,Michael Björn,Brovallavägen 231,Stockholm,S-123 45,Sweden,08-123 45 67
296,10359,16,56,Pavlova,7,3,32 - 500 g boxes,17.45,3,Confections,"Desserts, candies, and sweet breads",72,5,1996-11-21,3,Seven Seas Imports,Hari Kumar,90 Wadhurst Rd.,London,OX15 4NB,UK,Buchanan,Steven,1955-03-04,EmpID5.pic,"Steven Buchanan graduated from St. Andrews University, Scotland, with a BSC degree. Upon joining the company as a sales representative, he spent 6 months in an orientation program at the Seattle office and then returned to his permanent post in London, where he was promoted to sales manager. Mr. Buchanan has completed the courses 'Successful Telemarketing' and 'International Sales Management'. He is fluent in French.",Federal Shipping,(503) 555-9931,7,"Pavlova, Ltd.",Ian Devling,74 Rose St. Moonie Ponds,Melbourne,3058,Australia,(03) 444-2343
297,10359,31,70,Gorgonzola Telino,14,4,12 - 100 g pkgs,12.5,4,Dairy Products,Cheeses,72,5,1996-11-21,3,Seven Seas Imports,Hari Kumar,90 Wadhurst Rd.,London,OX15 4NB,UK,Buchanan,Steven,1955-03-04,EmpID5.pic,"Steven Buchanan graduated from St. Andrews University, Scotland, with a BSC degree. Upon joining the company as a sales representative, he spent 6 months in an orientation program at the Seattle office and then returned to his permanent post in London, where he was promoted to sales manager. Mr. Buchanan has completed the courses 'Successful Telemarketing' and 'International Sales Management'. He is fluent in French.",Federal Shipping,(503) 555-9931,14,Formaggi Fortini s.r.l.,Elio Rossi,"Viale Dante, 75",Ravenna,48100,Italy,(0544) 60323
298,10359,60,80,Camembert Pierrot,28,4,15 - 300 g rounds,34.0,4,Dairy Products,Cheeses,72,5,1996-11-21,3,Seven Seas Imports,Hari Kumar,90 Wadhurst Rd.,London,OX15 4NB,UK,Buchanan,Steven,1955-03-04,EmpID5.pic,"Steven Buchanan graduated from St. Andrews University, Scotland, with a BSC degree. Upon joining the company as a sales representative, he spent 6 months in an orientation program at the Seattle office and then returned to his permanent post in London, where he was promoted to sales manager. Mr. Buchanan has completed the courses 'Successful Telemarketing' and 'International Sales Management'. He is fluent in French.",Federal Shipping,(503) 555-9931,28,Gai pâturage,Eliane Noz,"Bat. B 3, rue des Alpes",Annecy,74000,France,38.76.98.06
299,10360,28,30,Rössle Sauerkraut,12,7,25 - 825 g cans,45.6,7,Produce,Dried fruit and bean curd,7,4,1996-11-22,3,Blondel père et fils,Frédérique Citeaux,"24, place Kléber",Strasbourg,67000,France,Peacock,Margaret,1958-09-19,EmpID4.pic,Margaret holds a BA in English literature from Concordia College and an MA from the American Institute of Culinary Arts. She was temporarily assigned to the London office before returning to her permanent post in Seattle.,Federal Shipping,(503) 555-9931,12,Plutzer Lebensmittelgroßmärkte AG,Martin Bein,Bogenallee 51,Frankfurt,60439,Germany,(069) 992755
300,10360,29,35,Thüringer Rostbratwurst,12,6,50 bags x 30 sausgs.,123.79,6,Meat/Poultry,Prepared meats,7,4,1996-11-22,3,Blondel père et fils,Frédérique Citeaux,"24, place Kléber",Strasbourg,67000,France,Peacock,Margaret,1958-09-19,EmpID4.pic,Margaret holds a BA in English literature from Concordia College and an MA from the American Institute of Culinary Arts. She was temporarily assigned to the London office before returning to her permanent post in Seattle.,Federal Shipping,(503) 555-9931,12,Plutzer Lebensmittelgroßmärkte AG,Martin Bein,Bogenallee 51,Frankfurt,60439,Germany,(069) 992755
301,10360,38,10,Côte de Blaye,18,1,12 - 75 cl bottles,263.5,1,Beverages,"Soft drinks, coffees, teas, beers, and ales",7,4,1996-11-22,3,Blondel père et fils,Frédérique Citeaux,"24, place Kléber",Strasbourg,67000,France,Peacock,Margaret,1958-09-19,EmpID4.pic,Margaret holds a BA in English literature from Concordia College and an MA from the American Institute of Culinary Arts. She was temporarily assigned to the London office before returning to her permanent post in Seattle.,Federal Shipping,(503) 555-9931,18,Aux joyeux ecclésiastiques,Guylène Nodier,"203, Rue des Francs-Bourgeois",Paris,75004,France,(1) 03.83.00.68
302,10360,49,35,Maxilaku,23,3,24 - 50 g pkgs.,20.0,3,Confections,"Desserts, candies, and sweet breads",7,4,1996-11-22,3,Blondel père et fils,Frédérique Citeaux,"24, place Kléber",Strasbourg,67000,France,Peacock,Margaret,1958-09-19,EmpID4.pic,Margaret holds a BA in English literature from Concordia College and an MA from the American Institute of Culinary Arts. She was temporarily assigned to the London office before returning to her permanent post in Seattle.,Federal Shipping,(503) 555-9931,23,Karkki Oy,Anne Heikkonen,Valtakatu 12,Lappeenranta,53120,Finland,(953) 10956
303,10360,54,28,Tourtière,25,6,16 pies,7.45,6,Meat/Poultry,Prepared meats,7,4,1996-11-22,3,Blondel père et fils,Frédérique Citeaux,"24, place Kléber",Strasbourg,67000,France,Peacock,Margaret,1958-09-19,EmpID4.pic,Margaret holds a BA in English literature from Concordia College and an MA from the American Institute of Culinary Arts. She was temporarily assigned to the London office before returning to her permanent post in Seattle.,Federal Shipping,(503) 555-9931,25,Ma Maison,Jean-Guy Lauzon,2960 Rue St. Laurent,Montréal,H1J 1C3,Canada,(514) 555-9022
304,10361,39,54,Chartreuse verte,18,1,750 cc per bottle,18.0,1,Beverages,"Soft drinks, coffees, teas, beers, and ales",63,1,1996-11-22,2,QUICK-Stop,Horst Kloss,Taucherstraße 10,Cunewalde,01307,Germany,Davolio,Nancy,1968-12-08,EmpID1.pic,Education includes a BA in psychology from Colorado State University. She also completed (The Art of the Cold Call). Nancy is a member of 'Toastmasters International'.,United Package,(503) 555-3199,18,Aux joyeux ecclésiastiques,Guylène Nodier,"203, Rue des Francs-Bourgeois",Paris,75004,France,(1) 03.83.00.68
305,10361,60,55,Camembert Pierrot,28,4,15 - 300 g rounds,34.0,4,Dairy Products,Cheeses,63,1,1996-11-22,2,QUICK-Stop,Horst Kloss,Taucherstraße 10,Cunewalde,01307,Germany,Davolio,Nancy,1968-12-08,EmpID1.pic,Education includes a BA in psychology from Colorado State University. She also completed (The Art of the Cold Call). Nancy is a member of 'Toastmasters International'.,United Package,(503) 555-3199,28,Gai pâturage,Eliane Noz,"Bat. B 3, rue des Alpes",Annecy,74000,France,38.76.98.06
306,10362,25,50,NuNuCa Nuß-Nougat-Creme,11,3,20 - 450 g glasses,14.0,3,Confections,"Desserts, candies, and sweet breads",9,3,1996-11-25,1,Bon app',Laurence Lebihans,"12, rue des Bouchers",Marseille,13008,France,Leverling,Janet,1963-08-30,EmpID3.pic,Janet has a BS degree in chemistry from Boston College). She has also completed a certificate program in food retailing management. Janet was hired as a sales associate and was promoted to sales representative.,Speedy Express,(503) 555-9831,11,Heli Süßwaren GmbH & Co. KG,Petra Winkler,Tiergartenstraße 5,Berlin,10785,Germany,(010) 9984510
307,10362,51,20,Manjimup Dried Apples,24,7,50 - 300 g pkgs.,53.0,7,Produce,Dried fruit and bean curd,9,3,1996-11-25,1,Bon app',Laurence Lebihans,"12, rue des Bouchers",Marseille,13008,France,Leverling,Janet,1963-08-30,EmpID3.pic,Janet has a BS degree in chemistry from Boston College). She has also completed a certificate program in food retailing management. Janet was hired as a sales associate and was promoted to sales representative.,Speedy Express,(503) 555-9831,24,"G'day, Mate",Wendy Mackenzie,170 Prince Edward Parade Hunter's Hill,Sydney,2042,Australia,(02) 555-5914
308,10362,54,24,Tourtière,25,6,16 pies,7.45,6,Meat/Poultry,Prepared meats,9,3,1996-11-25,1,Bon app',Laurence Lebihans,"12, rue des Bouchers",Marseille,13008,France,Leverling,Janet,1963-08-30,EmpID3.pic,Janet has a BS degree in chemistry from Boston College). She has also completed a certificate program in food retailing management. Janet was hired as a sales associate and was promoted to sales representative.,Speedy Express,(503) 555-9831,25,Ma Maison,Jean-Guy Lauzon,2960 Rue St. Laurent,Montréal,H1J 1C3,Canada,(514) 555-9022
309,10363,31,20,Gorgonzola Telino,14,4,12 - 100 g pkgs,12.5,4,Dairy Products,Cheeses,17,4,1996-11-26,3,Drachenblut Delikatessend,Sven Ottlieb,Walserweg 21,Aachen,52066,Germany,Peacock,Margaret,1958-09-19,EmpID4.pic,Margaret holds a BA in English literature from Concordia College and an MA from the American Institute of Culinary Arts. She was temporarily assigned to the London office before returning to her permanent post in Seattle.,Federal Shipping,(503) 555-9931,14,Formaggi Fortini s.r.l.,Elio Rossi,"Viale Dante, 75",Ravenna,48100,Italy,(0544) 60323
310,10363,75,12,Rhönbräu Klosterbier,12,1,24 - 0.5 l bottles,7.75,1,Beverages,"Soft drinks, coffees, teas, beers, and ales",17,4,1996-11-26,3,Drachenblut Delikatessend,Sven Ottlieb,Walserweg 21,Aachen,52066,Germany,Peacock,Margaret,1958-09-19,EmpID4.pic,Margaret holds a BA in English literature from Concordia College and an MA from the American Institute of Culinary Arts. She was temporarily assigned to the London office before returning to her permanent post in Seattle.,Federal Shipping,(503) 555-9931,12,Plutzer Lebensmittelgroßmärkte AG,Martin Bein,Bogenallee 51,Frankfurt,60439,Germany,(069) 992755
311,10363,76,12,Lakkalikööri,23,1,500 ml,18.0,1,Beverages,"Soft drinks, coffees, teas, beers, and ales",17,4,1996-11-26,3,Drachenblut Delikatessend,Sven Ottlieb,Walserweg 21,Aachen,52066,Germany,Peacock,Margaret,1958-09-19,EmpID4.pic,Margaret holds a BA in English literature from Concordia College and an MA from the American Institute of Culinary Arts. She was temporarily assigned to the London office before returning to her permanent post in Seattle.,Federal Shipping,(503) 555-9931,23,Karkki Oy,Anne Heikkonen,Valtakatu 12,Lappeenranta,53120,Finland,(953) 10956
312,10364,69,30,Gudbrandsdalsost,15,4,10 kg pkg.,36.0,4,Dairy Products,Cheeses,19,1,1996-11-26,1,Eastern Connection,Ann Devon,35 King George,London,WX3 6FW,UK,Davolio,Nancy,1968-12-08,EmpID1.pic,Education includes a BA in psychology from Colorado State University. She also completed (The Art of the Cold Call). Nancy is a member of 'Toastmasters International'.,Speedy Express,(503) 555-9831,15,Norske Meierier,Beate Vileid,Hatlevegen 5,Sandvika,1320,Norway,(0)2-953010
313,10364,71,5,Fløtemysost,15,4,10 - 500 g pkgs.,21.5,4,Dairy Products,Cheeses,19,1,1996-11-26,1,Eastern Connection,Ann Devon,35 King George,London,WX3 6FW,UK,Davolio,Nancy,1968-12-08,EmpID1.pic,Education includes a BA in psychology from Colorado State University. She also completed (The Art of the Cold Call). Nancy is a member of 'Toastmasters International'.,Speedy Express,(503) 555-9831,15,Norske Meierier,Beate Vileid,Hatlevegen 5,Sandvika,1320,Norway,(0)2-953010
314,10365,11,24,Queso Cabrales,5,4,1 kg pkg.,21.0,4,Dairy Products,Cheeses,3,3,1996-11-27,2,Antonio Moreno Taquería,Antonio Moreno,Mataderos 2312,México D.F.,05023,Mexico,Leverling,Janet,1963-08-30,EmpID3.pic,Janet has a BS degree in chemistry from Boston College). She has also completed a certificate program in food retailing management. Janet was hired as a sales associate and was promoted to sales representative.,United Package,(503) 555-3199,5,Cooperativa de Quesos 'Las Cabras',Antonio del Valle Saavedra,Calle del Rosal 4,Oviedo,33007,Spain,(98) 598 76 54
315,10366,65,5,Louisiana Fiery Hot Pepper Sauce,2,2,32 - 8 oz bottles,21.05,2,Condiments,"Sweet and savory sauces, relishes, spreads, and seasonings",29,8,1996-11-28,2,Galería del gastrónomo,Eduardo Saavedra,"Rambla de Cataluña, 23",Barcelona,08022,Spain,Callahan,Laura,1958-01-09,EmpID8.pic,Laura received a BA in psychology from the University of Washington. She has also completed a course in business French. She reads and writes French.,United Package,(503) 555-3199,2,New Orleans Cajun Delights,Shelley Burke,P.O. Box 78934,New Orleans,70117,USA,(100) 555-4822
316,10366,77,5,Original Frankfurter grüne Soße,12,2,12 boxes,13.0,2,Condiments,"Sweet and savory sauces, relishes, spreads, and seasonings",29,8,1996-11-28,2,Galería del gastrónomo,Eduardo Saavedra,"Rambla de Cataluña, 23",Barcelona,08022,Spain,Callahan,Laura,1958-01-09,EmpID8.pic,Laura received a BA in psychology from the University of Washington. She has also completed a course in business French. She reads and writes French.,United Package,(503) 555-3199,12,Plutzer Lebensmittelgroßmärkte AG,Martin Bein,Bogenallee 51,Frankfurt,60439,Germany,(069) 992755
317,10367,34,36,Sasquatch Ale,16,1,24 - 12 oz bottles,14.0,1,Beverages,"Soft drinks, coffees, teas, beers, and ales",83,7,1996-11-28,3,Vaffeljernet,Palle Ibsen,Smagsløget 45,Århus,8200,Denmark,King,Robert,1960-05-29,EmpID7.pic,"Robert King served in the Peace Corps and traveled extensively before completing his degree in English at the University of Michigan and then joining the company. After completing a course entitled 'Selling in Europe', he was transferred to the London office.",Federal Shipping,(503) 555-9931,16,Bigfoot Breweries,Cheryl Saylor,3400 - 8th Avenue Suite 210,Bend,97101,USA,(503) 555-9931
318,10367,54,18,Tourtière,25,6,16 pies,7.45,6,Meat/Poultry,Prepared meats,83,7,1996-11-28,3,Vaffeljernet,Palle Ibsen,Smagsløget 45,Århus,8200,Denmark,King,Robert,1960-05-29,EmpID7.pic,"Robert King served in the Peace Corps and traveled extensively before completing his degree in English at the University of Michigan and then joining the company. After completing a course entitled 'Selling in Europe', he was transferred to the London office.",Federal Shipping,(503) 555-9931,25,Ma Maison,Jean-Guy Lauzon,2960 Rue St. Laurent,Montréal,H1J 1C3,Canada,(514) 555-9022
319,10367,65,15,Louisiana Fiery Hot Pepper Sauce,2,2,32 - 8 oz bottles,21.05,2,Condiments,"Sweet and savory sauces, relishes, spreads, and seasonings",83,7,1996-11-28,3,Vaffeljernet,Palle Ibsen,Smagsløget 45,Århus,8200,Denmark,King,Robert,1960-05-29,EmpID7.pic,"Robert King served in the Peace Corps and traveled extensively before completing his degree in English at the University of Michigan and then joining the company. After completing a course entitled 'Selling in Europe', he was transferred to the London office.",Federal Shipping,(503) 555-9931,2,New Orleans Cajun Delights,Shelley Burke,P.O. Box 78934,New Orleans,70117,USA,(100) 555-4822
320,10367,77,7,Original Frankfurter grüne Soße,12,2,12 boxes,13.0,2,Condiments,"Sweet and savory sauces, relishes, spreads, and seasonings",83,7,1996-11-28,3,Vaffeljernet,Palle Ibsen,Smagsløget 45,Århus,8200,Denmark,King,Robert,1960-05-29,EmpID7.pic,"Robert King served in the Peace Corps and traveled extensively before completing his degree in English at the University of Michigan and then joining the company. After completing a course entitled 'Selling in Europe', he was transferred to the London office.",Federal Shipping,(503) 555-9931,12,Plutzer Lebensmittelgroßmärkte AG,Martin Bein,Bogenallee 51,Frankfurt,60439,Germany,(069) 992755
321,10368,21,5,Sir Rodney's Scones,8,3,24 pkgs. x 4 pieces,10.0,3,Confections,"Desserts, candies, and sweet breads",20,2,1996-11-29,2,Ernst Handel,Roland Mendel,Kirchgasse 6,Graz,8010,Austria,Fuller,Andrew,1952-02-19,EmpID2.pic,"Andrew received his BTS commercial and a Ph.D. in international marketing from the University of Dallas. He is fluent in French and Italian and reads German. He joined the company as a sales representative, was promoted to sales manager and was then named vice president of sales. Andrew is a member of the Sales Management Roundtable, the Seattle Chamber of Commerce, and the Pacific Rim Importers Association.",United Package,(503) 555-3199,8,"Specialty Biscuits, Ltd.",Peter Wilson,29 King's Way,Manchester,M14 GSD,UK,(161) 555-4448
322,10368,28,13,Rössle Sauerkraut,12,7,25 - 825 g cans,45.6,7,Produce,Dried fruit and bean curd,20,2,1996-11-29,2,Ernst Handel,Roland Mendel,Kirchgasse 6,Graz,8010,Austria,Fuller,Andrew,1952-02-19,EmpID2.pic,"Andrew received his BTS commercial and a Ph.D. in international marketing from the University of Dallas. He is fluent in French and Italian and reads German. He joined the company as a sales representative, was promoted to sales manager and was then named vice president of sales. Andrew is a member of the Sales Management Roundtable, the Seattle Chamber of Commerce, and the Pacific Rim Importers Association.",United Package,(503) 555-3199,12,Plutzer Lebensmittelgroßmärkte AG,Martin Bein,Bogenallee 51,Frankfurt,60439,Germany,(069) 992755
323,10368,57,25,Ravioli Angelo,26,5,24 - 250 g pkgs.,19.5,5,Grains/Cereals,"Breads, crackers, pasta, and cereal",20,2,1996-11-29,2,Ernst Handel,Roland Mendel,Kirchgasse 6,Graz,8010,Austria,Fuller,Andrew,1952-02-19,EmpID2.pic,"Andrew received his BTS commercial and a Ph.D. in international marketing from the University of Dallas. He is fluent in French and Italian and reads German. He joined the company as a sales representative, was promoted to sales manager and was then named vice president of sales. Andrew is a member of the Sales Management Roundtable, the Seattle Chamber of Commerce, and the Pacific Rim Importers Association.",United Package,(503) 555-3199,26,Pasta Buttini s.r.l.,Giovanni Giudici,"Via dei Gelsomini, 153",Salerno,84100,Italy,(089) 6547665
324,10368,64,35,Wimmers gute Semmelknödel,12,5,20 bags x 4 pieces,33.25,5,Grains/Cereals,"Breads, crackers, pasta, and cereal",20,2,1996-11-29,2,Ernst Handel,Roland Mendel,Kirchgasse 6,Graz,8010,Austria,Fuller,Andrew,1952-02-19,EmpID2.pic,"Andrew received his BTS commercial and a Ph.D. in international marketing from the University of Dallas. He is fluent in French and Italian and reads German. He joined the company as a sales representative, was promoted to sales manager and was then named vice president of sales. Andrew is a member of the Sales Management Roundtable, the Seattle Chamber of Commerce, and the Pacific Rim Importers Association.",United Package,(503) 555-3199,12,Plutzer Lebensmittelgroßmärkte AG,Martin Bein,Bogenallee 51,Frankfurt,60439,Germany,(069) 992755
325,10369,29,20,Thüringer Rostbratwurst,12,6,50 bags x 30 sausgs.,123.79,6,Meat/Poultry,Prepared meats,75,8,1996-12-02,2,Split Rail Beer & Ale,Art Braunschweiger,P.O. Box 555,Lander,82520,USA,Callahan,Laura,1958-01-09,EmpID8.pic,Laura received a BA in psychology from the University of Washington. She has also completed a course in business French. She reads and writes French.,United Package,(503) 555-3199,12,Plutzer Lebensmittelgroßmärkte AG,Martin Bein,Bogenallee 51,Frankfurt,60439,Germany,(069) 992755
326,10369,56,18,Gnocchi di nonna Alice,26,5,24 - 250 g pkgs.,38.0,5,Grains/Cereals,"Breads, crackers, pasta, and cereal",75,8,1996-12-02,2,Split Rail Beer & Ale,Art Braunschweiger,P.O. Box 555,Lander,82520,USA,Callahan,Laura,1958-01-09,EmpID8.pic,Laura received a BA in psychology from the University of Washington. She has also completed a course in business French. She reads and writes French.,United Package,(503) 555-3199,26,Pasta Buttini s.r.l.,Giovanni Giudici,"Via dei Gelsomini, 153",Salerno,84100,Italy,(089) 6547665
327,10370,1,15,Chais,1,1,10 boxes x 20 bags,18.0,1,Beverages,"Soft drinks, coffees, teas, beers, and ales",14,6,1996-12-03,2,Chop-suey Chinese,Yang Wang,Hauptstr. 29,Bern,3012,Switzerland,Suyama,Michael,1963-07-02,EmpID6.pic,"Michael is a graduate of Sussex University (MA, economics) and the University of California at Los Angeles (MBA, marketing). He has also taken the courses 'Multi-Cultural Selling' and 'Time Management for the Sales Professional'. He is fluent in Japanese and can read and write French, Portuguese, and Spanish.",United Package,(503) 555-3199,1,Exotic Liquid,Charlotte Cooper,49 Gilbert St.,Londona,EC1 4SD,UK,(171) 555-2222
328,10370,64,30,Wimmers gute Semmelknödel,12,5,20 bags x 4 pieces,33.25,5,Grains/Cereals,"Breads, crackers, pasta, and cereal",14,6,1996-12-03,2,Chop-suey Chinese,Yang Wang,Hauptstr. 29,Bern,3012,Switzerland,Suyama,Michael,1963-07-02,EmpID6.pic,"Michael is a graduate of Sussex University (MA, economics) and the University of California at Los Angeles (MBA, marketing). He has also taken the courses 'Multi-Cultural Selling' and 'Time Management for the Sales Professional'. He is fluent in Japanese and can read and write French, Portuguese, and Spanish.",United Package,(503) 555-3199,12,Plutzer Lebensmittelgroßmärkte AG,Martin Bein,Bogenallee 51,Frankfurt,60439,Germany,(069) 992755
329,10370,74,20,Longlife Tofu,4,7,5 kg pkg.,10.0,7,Produce,Dried fruit and bean curd,14,6,1996-12-03,2,Chop-suey Chinese,Yang Wang,Hauptstr. 29,Bern,3012,Switzerland,Suyama,Michael,1963-07-02,EmpID6.pic,"Michael is a graduate of Sussex University (MA, economics) and the University of California at Los Angeles (MBA, marketing). He has also taken the courses 'Multi-Cultural Selling' and 'Time Management for the Sales Professional'. He is fluent in Japanese and can read and write French, Portuguese, and Spanish.",United Package,(503) 555-3199,4,Tokyo Traders,Yoshi Nagase,9-8 Sekimai Musashino-shi,Tokyo,100,Japan,(03) 3555-5011
330,10371,36,6,Inlagd Sill,17,8,24 - 250 g jars,19.0,8,Seafood,Seaweed and fish,41,1,1996-12-03,1,La maison d'Asie,Annette Roulet,1 rue Alsace-Lorraine,Toulouse,31000,France,Davolio,Nancy,1968-12-08,EmpID1.pic,Education includes a BA in psychology from Colorado State University. She also completed (The Art of the Cold Call). Nancy is a member of 'Toastmasters International'.,Speedy Express,(503) 555-9831,17,Svensk Sjöföda AB,Michael Björn,Brovallavägen 231,Stockholm,S-123 45,Sweden,08-123 45 67
331,10372,20,12,Sir Rodney's Marmalade,8,3,30 gift boxes,81.0,3,Confections,"Desserts, candies, and sweet breads",62,5,1996-12-04,2,Queen Cozinha,Lúcia Carvalho,"Alameda dos Canàrios, 891",São Paulo,05487-020,Brazil,Buchanan,Steven,1955-03-04,EmpID5.pic,"Steven Buchanan graduated from St. Andrews University, Scotland, with a BSC degree. Upon joining the company as a sales representative, he spent 6 months in an orientation program at the Seattle office and then returned to his permanent post in London, where he was promoted to sales manager. Mr. Buchanan has completed the courses 'Successful Telemarketing' and 'International Sales Management'. He is fluent in French.",United Package,(503) 555-3199,8,"Specialty Biscuits, Ltd.",Peter Wilson,29 King's Way,Manchester,M14 GSD,UK,(161) 555-4448
332,10372,38,40,Côte de Blaye,18,1,12 - 75 cl bottles,263.5,1,Beverages,"Soft drinks, coffees, teas, beers, and ales",62,5,1996-12-04,2,Queen Cozinha,Lúcia Carvalho,"Alameda dos Canàrios, 891",São Paulo,05487-020,Brazil,Buchanan,Steven,1955-03-04,EmpID5.pic,"Steven Buchanan graduated from St. Andrews University, Scotland, with a BSC degree. Upon joining the company as a sales representative, he spent 6 months in an orientation program at the Seattle office and then returned to his permanent post in London, where he was promoted to sales manager. Mr. Buchanan has completed the courses 'Successful Telemarketing' and 'International Sales Management'. He is fluent in French.",United Package,(503) 555-3199,18,Aux joyeux ecclésiastiques,Guylène Nodier,"203, Rue des Francs-Bourgeois",Paris,75004,France,(1) 03.83.00.68
333,10372,60,70,Camembert Pierrot,28,4,15 - 300 g rounds,34.0,4,Dairy Products,Cheeses,62,5,1996-12-04,2,Queen Cozinha,Lúcia Carvalho,"Alameda dos Canàrios, 891",São Paulo,05487-020,Brazil,Buchanan,Steven,1955-03-04,EmpID5.pic,"Steven Buchanan graduated from St. Andrews University, Scotland, with a BSC degree. Upon joining the company as a sales representative, he spent 6 months in an orientation program at the Seattle office and then returned to his permanent post in London, where he was promoted to sales manager. Mr. Buchanan has completed the courses 'Successful Telemarketing' and 'International Sales Management'. He is fluent in French.",United Package,(503) 555-3199,28,Gai pâturage,Eliane Noz,"Bat. B 3, rue des Alpes",Annecy,74000,France,38.76.98.06
334,10372,72,42,Mozzarella di Giovanni,14,4,24 - 200 g pkgs.,34.8,4,Dairy Products,Cheeses,62,5,1996-12-04,2,Queen Cozinha,Lúcia Carvalho,"Alameda dos Canàrios, 891",São Paulo,05487-020,Brazil,Buchanan,Steven,1955-03-04,EmpID5.pic,"Steven Buchanan graduated from St. Andrews University, Scotland, with a BSC degree. Upon joining the company as a sales representative, he spent 6 months in an orientation program at the Seattle office and then returned to his permanent post in London, where he was promoted to sales manager. Mr. Buchanan has completed the courses 'Successful Telemarketing' and 'International Sales Management'. He is fluent in French.",United Package,(503) 555-3199,14,Formaggi Fortini s.r.l.,Elio Rossi,"Viale Dante, 75",Ravenna,48100,Italy,(0544) 60323
335,10373,58,80,Escargots de Bourgogne,27,8,24 pieces,13.25,8,Seafood,Seaweed and fish,37,4,1996-12-05,3,Hungry Owl All-Night Grocers,Patricia McKenna,8 Johnstown Road,Cork,,Ireland,Peacock,Margaret,1958-09-19,EmpID4.pic,Margaret holds a BA in English literature from Concordia College and an MA from the American Institute of Culinary Arts. She was temporarily assigned to the London office before returning to her permanent post in Seattle.,Federal Shipping,(503) 555-9931,27,Escargots Nouveaux,Marie Delamare,"22, rue H. Voiron",Montceau,71300,France,85.57.00.07
336,10373,71,50,Fløtemysost,15,4,10 - 500 g pkgs.,21.5,4,Dairy Products,Cheeses,37,4,1996-12-05,3,Hungry Owl All-Night Grocers,Patricia McKenna,8 Johnstown Road,Cork,,Ireland,Peacock,Margaret,1958-09-19,EmpID4.pic,Margaret holds a BA in English literature from Concordia College and an MA from the American Institute of Culinary Arts. She was temporarily assigned to the London office before returning to her permanent post in Seattle.,Federal Shipping,(503) 555-9931,15,Norske Meierier,Beate Vileid,Hatlevegen 5,Sandvika,1320,Norway,(0)2-953010
337,10374,31,30,Gorgonzola Telino,14,4,12 - 100 g pkgs,12.5,4,Dairy Products,Cheeses,91,1,1996-12-05,3,Wolski,Zbyszek,ul. Filtrowa 68,Walla,01-012,Poland,Davolio,Nancy,1968-12-08,EmpID1.pic,Education includes a BA in psychology from Colorado State University. She also completed (The Art of the Cold Call). Nancy is a member of 'Toastmasters International'.,Federal Shipping,(503) 555-9931,14,Formaggi Fortini s.r.l.,Elio Rossi,"Viale Dante, 75",Ravenna,48100,Italy,(0544) 60323
338,10374,58,15,Escargots de Bourgogne,27,8,24 pieces,13.25,8,Seafood,Seaweed and fish,91,1,1996-12-05,3,Wolski,Zbyszek,ul. Filtrowa 68,Walla,01-012,Poland,Davolio,Nancy,1968-12-08,EmpID1.pic,Education includes a BA in psychology from Colorado State University. She also completed (The Art of the Cold Call). Nancy is a member of 'Toastmasters International'.,Federal Shipping,(503) 555-9931,27,Escargots Nouveaux,Marie Delamare,"22, rue H. Voiron",Montceau,71300,France,85.57.00.07
339,10375,14,15,Tofu,6,7,40 - 100 g pkgs.,23.25,7,Produce,Dried fruit and bean curd,36,3,1996-12-06,2,Hungry Coyote Import Store,Yoshi Latimer,City Center Plaza 516 Main St.,Elgin,97827,USA,Leverling,Janet,1963-08-30,EmpID3.pic,Janet has a BS degree in chemistry from Boston College). She has also completed a certificate program in food retailing management. Janet was hired as a sales associate and was promoted to sales representative.,United Package,(503) 555-3199,6,Mayumi's,Mayumi Ohno,92 Setsuko Chuo-ku,Osaka,545,Japan,(06) 431-7877
340,10375,54,10,Tourtière,25,6,16 pies,7.45,6,Meat/Poultry,Prepared meats,36,3,1996-12-06,2,Hungry Coyote Import Store,Yoshi Latimer,City Center Plaza 516 Main St.,Elgin,97827,USA,Leverling,Janet,1963-08-30,EmpID3.pic,Janet has a BS degree in chemistry from Boston College). She has also completed a certificate program in food retailing management. Janet was hired as a sales associate and was promoted to sales representative.,United Package,(503) 555-3199,25,Ma Maison,Jean-Guy Lauzon,2960 Rue St. Laurent,Montréal,H1J 1C3,Canada,(514) 555-9022
341,10376,31,42,Gorgonzola Telino,14,4,12 - 100 g pkgs,12.5,4,Dairy Products,Cheeses,51,1,1996-12-09,2,Mère Paillarde,Jean Fresnière,43 rue St. Laurent,Montréal,H1J 1C3,Canada,Davolio,Nancy,1968-12-08,EmpID1.pic,Education includes a BA in psychology from Colorado State University. She also completed (The Art of the Cold Call). Nancy is a member of 'Toastmasters International'.,United Package,(503) 555-3199,14,Formaggi Fortini s.r.l.,Elio Rossi,"Viale Dante, 75",Ravenna,48100,Italy,(0544) 60323
342,10377,28,20,Rössle Sauerkraut,12,7,25 - 825 g cans,45.6,7,Produce,Dried fruit and bean curd,72,1,1996-12-09,3,Seven Seas Imports,Hari Kumar,90 Wadhurst Rd.,London,OX15 4NB,UK,Davolio,Nancy,1968-12-08,EmpID1.pic,Education includes a BA in psychology from Colorado State University. She also completed (The Art of the Cold Call). Nancy is a member of 'Toastmasters International'.,Federal Shipping,(503) 555-9931,12,Plutzer Lebensmittelgroßmärkte AG,Martin Bein,Bogenallee 51,Frankfurt,60439,Germany,(069) 992755
343,10377,39,20,Chartreuse verte,18,1,750 cc per bottle,18.0,1,Beverages,"Soft drinks, coffees, teas, beers, and ales",72,1,1996-12-09,3,Seven Seas Imports,Hari Kumar,90 Wadhurst Rd.,London,OX15 4NB,UK,Davolio,Nancy,1968-12-08,EmpID1.pic,Education includes a BA in psychology from Colorado State University. She also completed (The Art of the Cold Call). Nancy is a member of 'Toastmasters International'.,Federal Shipping,(503) 555-9931,18,Aux joyeux ecclésiastiques,Guylène Nodier,"203, Rue des Francs-Bourgeois",Paris,75004,France,(1) 03.83.00.68
344,10378,71,6,Fløtemysost,15,4,10 - 500 g pkgs.,21.5,4,Dairy Products,Cheeses,24,5,1996-12-10,3,Folk och fä HB,Maria Larsson,Åkergatan 24,Bräcke,S-844 67,Sweden,Buchanan,Steven,1955-03-04,EmpID5.pic,"Steven Buchanan graduated from St. Andrews University, Scotland, with a BSC degree. Upon joining the company as a sales representative, he spent 6 months in an orientation program at the Seattle office and then returned to his permanent post in London, where he was promoted to sales manager. Mr. Buchanan has completed the courses 'Successful Telemarketing' and 'International Sales Management'. He is fluent in French.",Federal Shipping,(503) 555-9931,15,Norske Meierier,Beate Vileid,Hatlevegen 5,Sandvika,1320,Norway,(0)2-953010
345,10379,41,8,Jack's New England Clam Chowder,19,8,12 - 12 oz cans,9.65,8,Seafood,Seaweed and fish,61,2,1996-12-11,1,Que Delícia,Bernardo Batista,"Rua da Panificadora, 12",Rio de Janeiro,02389-673,Brazil,Fuller,Andrew,1952-02-19,EmpID2.pic,"Andrew received his BTS commercial and a Ph.D. in international marketing from the University of Dallas. He is fluent in French and Italian and reads German. He joined the company as a sales representative, was promoted to sales manager and was then named vice president of sales. Andrew is a member of the Sales Management Roundtable, the Seattle Chamber of Commerce, and the Pacific Rim Importers Association.",Speedy Express,(503) 555-9831,19,New England Seafood Cannery,Robb Merchant,Order Processing Dept. 2100 Paul Revere Blvd.,Boston,02134,USA,(617) 555-3267
346,10379,63,16,Vegie-spread,7,2,15 - 625 g jars,43.9,2,Condiments,"Sweet and savory sauces, relishes, spreads, and seasonings",61,2,1996-12-11,1,Que Delícia,Bernardo Batista,"Rua da Panificadora, 12",Rio de Janeiro,02389-673,Brazil,Fuller,Andrew,1952-02-19,EmpID2.pic,"Andrew received his BTS commercial and a Ph.D. in international marketing from the University of Dallas. He is fluent in French and Italian and reads German. He joined the company as a sales representative, was promoted to sales manager and was then named vice president of sales. Andrew is a member of the Sales Management Roundtable, the Seattle Chamber of Commerce, and the Pacific Rim Importers Association.",Speedy Express,(503) 555-9831,7,"Pavlova, Ltd.",Ian Devling,74 Rose St. Moonie Ponds,Melbourne,3058,Australia,(03) 444-2343
347,10379,65,20,Louisiana Fiery Hot Pepper Sauce,2,2,32 - 8 oz bottles,21.05,2,Condiments,"Sweet and savory sauces, relishes, spreads, and seasonings",61,2,1996-12-11,1,Que Delícia,Bernardo Batista,"Rua da Panificadora, 12",Rio de Janeiro,02389-673,Brazil,Fuller,Andrew,1952-02-19,EmpID2.pic,"Andrew received his BTS commercial and a Ph.D. in international marketing from the University of Dallas. He is fluent in French and Italian and reads German. He joined the company as a sales representative, was promoted to sales manager and was then named vice president of sales. Andrew is a member of the Sales Management Roundtable, the Seattle Chamber of Commerce, and the Pacific Rim Importers Association.",Speedy Express,(503) 555-9831,2,New Orleans Cajun Delights,Shelley Burke,P.O. Box 78934,New Orleans,70117,USA,(100) 555-4822
348,10380,30,18,Nord-Ost Matjeshering,13,8,10 - 200 g glasses,25.89,8,Seafood,Seaweed and fish,37,8,1996-12-12,3,Hungry Owl All-Night Grocers,Patricia McKenna,8 Johnstown Road,Cork,,Ireland,Callahan,Laura,1958-01-09,EmpID8.pic,Laura received a BA in psychology from the University of Washington. She has also completed a course in business French. She reads and writes French.,Federal Shipping,(503) 555-9931,13,Nord-Ost-Fisch Handelsgesellschaft mbH,Sven Petersen,Frahmredder 112a,Cuxhaven,27478,Germany,(04721) 8713
349,10380,53,20,Perth Pasties,24,6,48 pieces,32.8,6,Meat/Poultry,Prepared meats,37,8,1996-12-12,3,Hungry Owl All-Night Grocers,Patricia McKenna,8 Johnstown Road,Cork,,Ireland,Callahan,Laura,1958-01-09,EmpID8.pic,Laura received a BA in psychology from the University of Washington. She has also completed a course in business French. She reads and writes French.,Federal Shipping,(503) 555-9931,24,"G'day, Mate",Wendy Mackenzie,170 Prince Edward Parade Hunter's Hill,Sydney,2042,Australia,(02) 555-5914
350,10380,60,6,Camembert Pierrot,28,4,15 - 300 g rounds,34.0,4,Dairy Products,Cheeses,37,8,1996-12-12,3,Hungry Owl All-Night Grocers,Patricia McKenna,8 Johnstown Road,Cork,,Ireland,Callahan,Laura,1958-01-09,EmpID8.pic,Laura received a BA in psychology from the University of Washington. She has also completed a course in business French. She reads and writes French.,Federal Shipping,(503) 555-9931,28,Gai pâturage,Eliane Noz,"Bat. B 3, rue des Alpes",Annecy,74000,France,38.76.98.06
351,10380,70,30,Outback Lager,7,1,24 - 355 ml bottles,15.0,1,Beverages,"Soft drinks, coffees, teas, beers, and ales",37,8,1996-12-12,3,Hungry Owl All-Night Grocers,Patricia McKenna,8 Johnstown Road,Cork,,Ireland,Callahan,Laura,1958-01-09,EmpID8.pic,Laura received a BA in psychology from the University of Washington. She has also completed a course in business French. She reads and writes French.,Federal Shipping,(503) 555-9931,7,"Pavlova, Ltd.",Ian Devling,74 Rose St. Moonie Ponds,Melbourne,3058,Australia,(03) 444-2343
352,10381,74,14,Longlife Tofu,4,7,5 kg pkg.,10.0,7,Produce,Dried fruit and bean curd,46,3,1996-12-12,3,LILA-Supermercado,Carlos González,Carrera 52 con Ave. Bolívar #65-98 Llano Largo,Barquisimeto,3508,Venezuela,Leverling,Janet,1963-08-30,EmpID3.pic,Janet has a BS degree in chemistry from Boston College). She has also completed a certificate program in food retailing management. Janet was hired as a sales associate and was promoted to sales representative.,Federal Shipping,(503) 555-9931,4,Tokyo Traders,Yoshi Nagase,9-8 Sekimai Musashino-shi,Tokyo,100,Japan,(03) 3555-5011
353,10382,5,32,Chef Anton's Gumbo Mix,2,2,36 boxes,21.35,2,Condiments,"Sweet and savory sauces, relishes, spreads, and seasonings",20,4,1996-12-13,1,Ernst Handel,Roland Mendel,Kirchgasse 6,Graz,8010,Austria,Peacock,Margaret,1958-09-19,EmpID4.pic,Margaret holds a BA in English literature from Concordia College and an MA from the American Institute of Culinary Arts. She was temporarily assigned to the London office before returning to her permanent post in Seattle.,Speedy Express,(503) 555-9831,2,New Orleans Cajun Delights,Shelley Burke,P.O. Box 78934,New Orleans,70117,USA,(100) 555-4822
354,10382,18,9,Carnarvon Tigers,7,8,16 kg pkg.,62.5,8,Seafood,Seaweed and fish,20,4,1996-12-13,1,Ernst Handel,Roland Mendel,Kirchgasse 6,Graz,8010,Austria,Peacock,Margaret,1958-09-19,EmpID4.pic,Margaret holds a BA in English literature from Concordia College and an MA from the American Institute of Culinary Arts. She was temporarily assigned to the London office before returning to her permanent post in Seattle.,Speedy Express,(503) 555-9831,7,"Pavlova, Ltd.",Ian Devling,74 Rose St. Moonie Ponds,Melbourne,3058,Australia,(03) 444-2343
355,10382,29,14,Thüringer Rostbratwurst,12,6,50 bags x 30 sausgs.,123.79,6,Meat/Poultry,Prepared meats,20,4,1996-12-13,1,Ernst Handel,Roland Mendel,Kirchgasse 6,Graz,8010,Austria,Peacock,Margaret,1958-09-19,EmpID4.pic,Margaret holds a BA in English literature from Concordia College and an MA from the American Institute of Culinary Arts. She was temporarily assigned to the London office before returning to her permanent post in Seattle.,Speedy Express,(503) 555-9831,12,Plutzer Lebensmittelgroßmärkte AG,Martin Bein,Bogenallee 51,Frankfurt,60439,Germany,(069) 992755
356,10382,33,60,Geitost,15,4,500 g,2.5,4,Dairy Products,Cheeses,20,4,1996-12-13,1,Ernst Handel,Roland Mendel,Kirchgasse 6,Graz,8010,Austria,Peacock,Margaret,1958-09-19,EmpID4.pic,Margaret holds a BA in English literature from Concordia College and an MA from the American Institute of Culinary Arts. She was temporarily assigned to the London office before returning to her permanent post in Seattle.,Speedy Express,(503) 555-9831,15,Norske Meierier,Beate Vileid,Hatlevegen 5,Sandvika,1320,Norway,(0)2-953010
357,10382,74,50,Longlife Tofu,4,7,5 kg pkg.,10.0,7,Produce,Dried fruit and bean curd,20,4,1996-12-13,1,Ernst Handel,Roland Mendel,Kirchgasse 6,Graz,8010,Austria,Peacock,Margaret,1958-09-19,EmpID4.pic,Margaret holds a BA in English literature from Concordia College and an MA from the American Institute of Culinary Arts. She was temporarily assigned to the London office before returning to her permanent post in Seattle.,Speedy Express,(503) 555-9831,4,Tokyo Traders,Yoshi Nagase,9-8 Sekimai Musashino-shi,Tokyo,100,Japan,(03) 3555-5011
358,10383,13,20,Konbu,6,8,2 kg box,6.0,8,Seafood,Seaweed and fish,4,8,1996-12-16,3,Around the Horn,Thomas Hardy,120 Hanover Sq.,London,WA1 1DP,UK,Callahan,Laura,1958-01-09,EmpID8.pic,Laura received a BA in psychology from the University of Washington. She has also completed a course in business French. She reads and writes French.,Federal Shipping,(503) 555-9931,6,Mayumi's,Mayumi Ohno,92 Setsuko Chuo-ku,Osaka,545,Japan,(06) 431-7877
359,10383,50,15,Valkoinen suklaa,23,3,12 - 100 g bars,16.25,3,Confections,"Desserts, candies, and sweet breads",4,8,1996-12-16,3,Around the Horn,Thomas Hardy,120 Hanover Sq.,London,WA1 1DP,UK,Callahan,Laura,1958-01-09,EmpID8.pic,Laura received a BA in psychology from the University of Washington. She has also completed a course in business French. She reads and writes French.,Federal Shipping,(503) 555-9931,23,Karkki Oy,Anne Heikkonen,Valtakatu 12,Lappeenranta,53120,Finland,(953) 10956
360,10383,56,20,Gnocchi di nonna Alice,26,5,24 - 250 g pkgs.,38.0,5,Grains/Cereals,"Breads, crackers, pasta, and cereal",4,8,1996-12-16,3,Around the Horn,Thomas Hardy,120 Hanover Sq.,London,WA1 1DP,UK,Callahan,Laura,1958-01-09,EmpID8.pic,Laura received a BA in psychology from the University of Washington. She has also completed a course in business French. She reads and writes French.,Federal Shipping,(503) 555-9931,26,Pasta Buttini s.r.l.,Giovanni Giudici,"Via dei Gelsomini, 153",Salerno,84100,Italy,(089) 6547665
361,10384,20,28,Sir Rodney's Marmalade,8,3,30 gift boxes,81.0,3,Confections,"Desserts, candies, and sweet breads",5,3,1996-12-16,3,Berglunds snabbköp,Christina Berglund,Berguvsvägen 8,Luleå,S-958 22,Sweden,Leverling,Janet,1963-08-30,EmpID3.pic,Janet has a BS degree in chemistry from Boston College). She has also completed a certificate program in food retailing management. Janet was hired as a sales associate and was promoted to sales representative.,Federal Shipping,(503) 555-9931,8,"Specialty Biscuits, Ltd.",Peter Wilson,29 King's Way,Manchester,M14 GSD,UK,(161) 555-4448
362,10384,60,15,Camembert Pierrot,28,4,15 - 300 g rounds,34.0,4,Dairy Products,Cheeses,5,3,1996-12-16,3,Berglunds snabbköp,Christina Berglund,Berguvsvägen 8,Luleå,S-958 22,Sweden,Leverling,Janet,1963-08-30,EmpID3.pic,Janet has a BS degree in chemistry from Boston College). She has also completed a certificate program in food retailing management. Janet was hired as a sales associate and was promoted to sales representative.,Federal Shipping,(503) 555-9931,28,Gai pâturage,Eliane Noz,"Bat. B 3, rue des Alpes",Annecy,74000,France,38.76.98.06
363,10385,7,10,Uncle Bob's Organic Dried Pears,3,7,12 - 1 lb pkgs.,30.0,7,Produce,Dried fruit and bean curd,75,1,1996-12-17,2,Split Rail Beer & Ale,Art Braunschweiger,P.O. Box 555,Lander,82520,USA,Davolio,Nancy,1968-12-08,EmpID1.pic,Education includes a BA in psychology from Colorado State University. She also completed (The Art of the Cold Call). Nancy is a member of 'Toastmasters International'.,United Package,(503) 555-3199,3,Grandma Kelly's Homestead,Regina Murphy,707 Oxford Rd.,Ann Arbor,48104,USA,(313) 555-5735
364,10385,60,20,Camembert Pierrot,28,4,15 - 300 g rounds,34.0,4,Dairy Products,Cheeses,75,1,1996-12-17,2,Split Rail Beer & Ale,Art Braunschweiger,P.O. Box 555,Lander,82520,USA,Davolio,Nancy,1968-12-08,EmpID1.pic,Education includes a BA in psychology from Colorado State University. She also completed (The Art of the Cold Call). Nancy is a member of 'Toastmasters International'.,United Package,(503) 555-3199,28,Gai pâturage,Eliane Noz,"Bat. B 3, rue des Alpes",Annecy,74000,France,38.76.98.06
365,10385,68,8,Scottish Longbreads,8,3,10 boxes x 8 pieces,12.5,3,Confections,"Desserts, candies, and sweet breads",75,1,1996-12-17,2,Split Rail Beer & Ale,Art Braunschweiger,P.O. Box 555,Lander,82520,USA,Davolio,Nancy,1968-12-08,EmpID1.pic,Education includes a BA in psychology from Colorado State University. She also completed (The Art of the Cold Call). Nancy is a member of 'Toastmasters International'.,United Package,(503) 555-3199,8,"Specialty Biscuits, Ltd.",Peter Wilson,29 King's Way,Manchester,M14 GSD,UK,(161) 555-4448
366,10386,24,15,Guaraná Fantástica,10,1,12 - 355 ml cans,4.5,1,Beverages,"Soft drinks, coffees, teas, beers, and ales",21,9,1996-12-18,3,Familia Arquibaldo,Aria Cruz,"Rua Orós, 92",São Paulo,05442-030,Brazil,Dodsworth,Anne,1969-07-02,EmpID9.pic,Anne has a BA degree in English from St. Lawrence College. She is fluent in French and German.,Federal Shipping,(503) 555-9931,10,Refrescos Americanas LTDA,Carlos Diaz,Av. das Americanas 12.890,São Paulo,5442,Brazil,(11) 555 4640
367,10386,34,10,Sasquatch Ale,16,1,24 - 12 oz bottles,14.0,1,Beverages,"Soft drinks, coffees, teas, beers, and ales",21,9,1996-12-18,3,Familia Arquibaldo,Aria Cruz,"Rua Orós, 92",São Paulo,05442-030,Brazil,Dodsworth,Anne,1969-07-02,EmpID9.pic,Anne has a BA degree in English from St. Lawrence College. She is fluent in French and German.,Federal Shipping,(503) 555-9931,16,Bigfoot Breweries,Cheryl Saylor,3400 - 8th Avenue Suite 210,Bend,97101,USA,(503) 555-9931
368,10387,24,15,Guaraná Fantástica,10,1,12 - 355 ml cans,4.5,1,Beverages,"Soft drinks, coffees, teas, beers, and ales",70,1,1996-12-18,2,Santé Gourmet,Jonas Bergulfsen,Erling Skakkes gate 78,Stavern,4110,Norway,Davolio,Nancy,1968-12-08,EmpID1.pic,Education includes a BA in psychology from Colorado State University. She also completed (The Art of the Cold Call). Nancy is a member of 'Toastmasters International'.,United Package,(503) 555-3199,10,Refrescos Americanas LTDA,Carlos Diaz,Av. das Americanas 12.890,São Paulo,5442,Brazil,(11) 555 4640
369,10387,28,6,Rössle Sauerkraut,12,7,25 - 825 g cans,45.6,7,Produce,Dried fruit and bean curd,70,1,1996-12-18,2,Santé Gourmet,Jonas Bergulfsen,Erling Skakkes gate 78,Stavern,4110,Norway,Davolio,Nancy,1968-12-08,EmpID1.pic,Education includes a BA in psychology from Colorado State University. She also completed (The Art of the Cold Call). Nancy is a member of 'Toastmasters International'.,United Package,(503) 555-3199,12,Plutzer Lebensmittelgroßmärkte AG,Martin Bein,Bogenallee 51,Frankfurt,60439,Germany,(069) 992755
370,10387,59,12,Raclette Courdavault,28,4,5 kg pkg.,55.0,4,Dairy Products,Cheeses,70,1,1996-12-18,2,Santé Gourmet,Jonas Bergulfsen,Erling Skakkes gate 78,Stavern,4110,Norway,Davolio,Nancy,1968-12-08,EmpID1.pic,Education includes a BA in psychology from Colorado State University. She also completed (The Art of the Cold Call). Nancy is a member of 'Toastmasters International'.,United Package,(503) 555-3199,28,Gai pâturage,Eliane Noz,"Bat. B 3, rue des Alpes",Annecy,74000,France,38.76.98.06
371,10387,71,15,Fløtemysost,15,4,10 - 500 g pkgs.,21.5,4,Dairy Products,Cheeses,70,1,1996-12-18,2,Santé Gourmet,Jonas Bergulfsen,Erling Skakkes gate 78,Stavern,4110,Norway,Davolio,Nancy,1968-12-08,EmpID1.pic,Education includes a BA in psychology from Colorado State University. She also completed (The Art of the Cold Call). Nancy is a member of 'Toastmasters International'.,United Package,(503) 555-3199,15,Norske Meierier,Beate Vileid,Hatlevegen 5,Sandvika,1320,Norway,(0)2-953010
372,10388,45,15,Røgede sild,21,8,1k pkg.,9.5,8,Seafood,Seaweed and fish,72,2,1996-12-19,1,Seven Seas Imports,Hari Kumar,90 Wadhurst Rd.,London,OX15 4NB,UK,Fuller,Andrew,1952-02-19,EmpID2.pic,"Andrew received his BTS commercial and a Ph.D. in international marketing from the University of Dallas. He is fluent in French and Italian and reads German. He joined the company as a sales representative, was promoted to sales manager and was then named vice president of sales. Andrew is a member of the Sales Management Roundtable, the Seattle Chamber of Commerce, and the Pacific Rim Importers Association.",Speedy Express,(503) 555-9831,21,Lyngbysild,Niels Petersen,Lyngbysild Fiskebakken 10,Lyngby,2800,Denmark,43844108
373,10388,52,20,Filo Mix,24,5,16 - 2 kg boxes,7.0,5,Grains/Cereals,"Breads, crackers, pasta, and cereal",72,2,1996-12-19,1,Seven Seas Imports,Hari Kumar,90 Wadhurst Rd.,London,OX15 4NB,UK,Fuller,Andrew,1952-02-19,EmpID2.pic,"Andrew received his BTS commercial and a Ph.D. in international marketing from the University of Dallas. He is fluent in French and Italian and reads German. He joined the company as a sales representative, was promoted to sales manager and was then named vice president of sales. Andrew is a member of the Sales Management Roundtable, the Seattle Chamber of Commerce, and the Pacific Rim Importers Association.",Speedy Express,(503) 555-9831,24,"G'day, Mate",Wendy Mackenzie,170 Prince Edward Parade Hunter's Hill,Sydney,2042,Australia,(02) 555-5914
374,10388,53,40,Perth Pasties,24,6,48 pieces,32.8,6,Meat/Poultry,Prepared meats,72,2,1996-12-19,1,Seven Seas Imports,Hari Kumar,90 Wadhurst Rd.,London,OX15 4NB,UK,Fuller,Andrew,1952-02-19,EmpID2.pic,"Andrew received his BTS commercial and a Ph.D. in international marketing from the University of Dallas. He is fluent in French and Italian and reads German. He joined the company as a sales representative, was promoted to sales manager and was then named vice president of sales. Andrew is a member of the Sales Management Roundtable, the Seattle Chamber of Commerce, and the Pacific Rim Importers Association.",Speedy Express,(503) 555-9831,24,"G'day, Mate",Wendy Mackenzie,170 Prince Edward Parade Hunter's Hill,Sydney,2042,Australia,(02) 555-5914
375,10389,10,16,Ikura,4,8,12 - 200 ml jars,31.0,8,Seafood,Seaweed and fish,10,4,1996-12-20,2,Bottom-Dollar Marketse,Elizabeth Lincoln,23 Tsawassen Blvd.,Tsawassen,T2F 8M4,Canada,Peacock,Margaret,1958-09-19,EmpID4.pic,Margaret holds a BA in English literature from Concordia College and an MA from the American Institute of Culinary Arts. She was temporarily assigned to the London office before returning to her permanent post in Seattle.,United Package,(503) 555-3199,4,Tokyo Traders,Yoshi Nagase,9-8 Sekimai Musashino-shi,Tokyo,100,Japan,(03) 3555-5011
376,10389,55,15,Pâté chinois,25,6,24 boxes x 2 pies,24.0,6,Meat/Poultry,Prepared meats,10,4,1996-12-20,2,Bottom-Dollar Marketse,Elizabeth Lincoln,23 Tsawassen Blvd.,Tsawassen,T2F 8M4,Canada,Peacock,Margaret,1958-09-19,EmpID4.pic,Margaret holds a BA in English literature from Concordia College and an MA from the American Institute of Culinary Arts. She was temporarily assigned to the London office before returning to her permanent post in Seattle.,United Package,(503) 555-3199,25,Ma Maison,Jean-Guy Lauzon,2960 Rue St. Laurent,Montréal,H1J 1C3,Canada,(514) 555-9022
377,10389,62,20,Tarte au sucre,29,3,48 pies,49.3,3,Confections,"Desserts, candies, and sweet breads",10,4,1996-12-20,2,Bottom-Dollar Marketse,Elizabeth Lincoln,23 Tsawassen Blvd.,Tsawassen,T2F 8M4,Canada,Peacock,Margaret,1958-09-19,EmpID4.pic,Margaret holds a BA in English literature from Concordia College and an MA from the American Institute of Culinary Arts. She was temporarily assigned to the London office before returning to her permanent post in Seattle.,United Package,(503) 555-3199,29,Forêts d'érables,Chantal Goulet,148 rue Chasseur,Ste-Hyacinthe,J2S 7S8,Canada,(514) 555-2955
378,10389,70,30,Outback Lager,7,1,24 - 355 ml bottles,15.0,1,Beverages,"Soft drinks, coffees, teas, beers, and ales",10,4,1996-12-20,2,Bottom-Dollar Marketse,Elizabeth Lincoln,23 Tsawassen Blvd.,Tsawassen,T2F 8M4,Canada,Peacock,Margaret,1958-09-19,EmpID4.pic,Margaret holds a BA in English literature from Concordia College and an MA from the American Institute of Culinary Arts. She was temporarily assigned to the London office before returning to her permanent post in Seattle.,United Package,(503) 555-3199,7,"Pavlova, Ltd.",Ian Devling,74 Rose St. Moonie Ponds,Melbourne,3058,Australia,(03) 444-2343
379,10390,31,60,Gorgonzola Telino,14,4,12 - 100 g pkgs,12.5,4,Dairy Products,Cheeses,20,6,1996-12-23,1,Ernst Handel,Roland Mendel,Kirchgasse 6,Graz,8010,Austria,Suyama,Michael,1963-07-02,EmpID6.pic,"Michael is a graduate of Sussex University (MA, economics) and the University of California at Los Angeles (MBA, marketing). He has also taken the courses 'Multi-Cultural Selling' and 'Time Management for the Sales Professional'. He is fluent in Japanese and can read and write French, Portuguese, and Spanish.",Speedy Express,(503) 555-9831,14,Formaggi Fortini s.r.l.,Elio Rossi,"Viale Dante, 75",Ravenna,48100,Italy,(0544) 60323
380,10390,35,40,Steeleye Stout,16,1,24 - 12 oz bottles,18.0,1,Beverages,"Soft drinks, coffees, teas, beers, and ales",20,6,1996-12-23,1,Ernst Handel,Roland Mendel,Kirchgasse 6,Graz,8010,Austria,Suyama,Michael,1963-07-02,EmpID6.pic,"Michael is a graduate of Sussex University (MA, economics) and the University of California at Los Angeles (MBA, marketing). He has also taken the courses 'Multi-Cultural Selling' and 'Time Management for the Sales Professional'. He is fluent in Japanese and can read and write French, Portuguese, and Spanish.",Speedy Express,(503) 555-9831,16,Bigfoot Breweries,Cheryl Saylor,3400 - 8th Avenue Suite 210,Bend,97101,USA,(503) 555-9931
381,10390,46,45,Spegesild,21,8,4 - 450 g glasses,12.0,8,Seafood,Seaweed and fish,20,6,1996-12-23,1,Ernst Handel,Roland Mendel,Kirchgasse 6,Graz,8010,Austria,Suyama,Michael,1963-07-02,EmpID6.pic,"Michael is a graduate of Sussex University (MA, economics) and the University of California at Los Angeles (MBA, marketing). He has also taken the courses 'Multi-Cultural Selling' and 'Time Management for the Sales Professional'. He is fluent in Japanese and can read and write French, Portuguese, and Spanish.",Speedy Express,(503) 555-9831,21,Lyngbysild,Niels Petersen,Lyngbysild Fiskebakken 10,Lyngby,2800,Denmark,43844108
382,10390,72,24,Mozzarella di Giovanni,14,4,24 - 200 g pkgs.,34.8,4,Dairy Products,Cheeses,20,6,1996-12-23,1,Ernst Handel,Roland Mendel,Kirchgasse 6,Graz,8010,Austria,Suyama,Michael,1963-07-02,EmpID6.pic,"Michael is a graduate of Sussex University (MA, economics) and the University of California at Los Angeles (MBA, marketing). He has also taken the courses 'Multi-Cultural Selling' and 'Time Management for the Sales Professional'. He is fluent in Japanese and can read and write French, Portuguese, and Spanish.",Speedy Express,(503) 555-9831,14,Formaggi Fortini s.r.l.,Elio Rossi,"Viale Dante, 75",Ravenna,48100,Italy,(0544) 60323
383,10391,13,18,Konbu,6,8,2 kg box,6.0,8,Seafood,Seaweed and fish,17,3,1996-12-23,3,Drachenblut Delikatessend,Sven Ottlieb,Walserweg 21,Aachen,52066,Germany,Leverling,Janet,1963-08-30,EmpID3.pic,Janet has a BS degree in chemistry from Boston College). She has also completed a certificate program in food retailing management. Janet was hired as a sales associate and was promoted to sales representative.,Federal Shipping,(503) 555-9931,6,Mayumi's,Mayumi Ohno,92 Setsuko Chuo-ku,Osaka,545,Japan,(06) 431-7877
384,10392,69,50,Gudbrandsdalsost,15,4,10 kg pkg.,36.0,4,Dairy Products,Cheeses,59,2,1996-12-24,3,Piccolo und mehr,Georg Pipps,Geislweg 14,Salzburg,5020,Austria,Fuller,Andrew,1952-02-19,EmpID2.pic,"Andrew received his BTS commercial and a Ph.D. in international marketing from the University of Dallas. He is fluent in French and Italian and reads German. He joined the company as a sales representative, was promoted to sales manager and was then named vice president of sales. Andrew is a member of the Sales Management Roundtable, the Seattle Chamber of Commerce, and the Pacific Rim Importers Association.",Federal Shipping,(503) 555-9931,15,Norske Meierier,Beate Vileid,Hatlevegen 5,Sandvika,1320,Norway,(0)2-953010
385,10393,2,25,Chang,1,1,24 - 12 oz bottles,19.0,1,Beverages,"Soft drinks, coffees, teas, beers, and ales",71,1,1996-12-25,3,Save-a-lot Markets,Jose Pavarotti,187 Suffolk Ln.,Boise,83720,USA,Davolio,Nancy,1968-12-08,EmpID1.pic,Education includes a BA in psychology from Colorado State University. She also completed (The Art of the Cold Call). Nancy is a member of 'Toastmasters International'.,Federal Shipping,(503) 555-9931,1,Exotic Liquid,Charlotte Cooper,49 Gilbert St.,Londona,EC1 4SD,UK,(171) 555-2222
386,10393,14,42,Tofu,6,7,40 - 100 g pkgs.,23.25,7,Produce,Dried fruit and bean curd,71,1,1996-12-25,3,Save-a-lot Markets,Jose Pavarotti,187 Suffolk Ln.,Boise,83720,USA,Davolio,Nancy,1968-12-08,EmpID1.pic,Education includes a BA in psychology from Colorado State University. She also completed (The Art of the Cold Call). Nancy is a member of 'Toastmasters International'.,Federal Shipping,(503) 555-9931,6,Mayumi's,Mayumi Ohno,92 Setsuko Chuo-ku,Osaka,545,Japan,(06) 431-7877
387,10393,25,7,NuNuCa Nuß-Nougat-Creme,11,3,20 - 450 g glasses,14.0,3,Confections,"Desserts, candies, and sweet breads",71,1,1996-12-25,3,Save-a-lot Markets,Jose Pavarotti,187 Suffolk Ln.,Boise,83720,USA,Davolio,Nancy,1968-12-08,EmpID1.pic,Education includes a BA in psychology from Colorado State University. She also completed (The Art of the Cold Call). Nancy is a member of 'Toastmasters International'.,Federal Shipping,(503) 555-9931,11,Heli Süßwaren GmbH & Co. KG,Petra Winkler,Tiergartenstraße 5,Berlin,10785,Germany,(010) 9984510
388,10393,26,70,Gumbär Gummibärchen,11,3,100 - 250 g bags,31.23,3,Confections,"Desserts, candies, and sweet breads",71,1,1996-12-25,3,Save-a-lot Markets,Jose Pavarotti,187 Suffolk Ln.,Boise,83720,USA,Davolio,Nancy,1968-12-08,EmpID1.pic,Education includes a BA in psychology from Colorado State University. She also completed (The Art of the Cold Call). Nancy is a member of 'Toastmasters International'.,Federal Shipping,(503) 555-9931,11,Heli Süßwaren GmbH & Co. KG,Petra Winkler,Tiergartenstraße 5,Berlin,10785,Germany,(010) 9984510
389,10393,31,32,Gorgonzola Telino,14,4,12 - 100 g pkgs,12.5,4,Dairy Products,Cheeses,71,1,1996-12-25,3,Save-a-lot Markets,Jose Pavarotti,187 Suffolk Ln.,Boise,83720,USA,Davolio,Nancy,1968-12-08,EmpID1.pic,Education includes a BA in psychology from Colorado State University. She also completed (The Art of the Cold Call). Nancy is a member of 'Toastmasters International'.,Federal Shipping,(503) 555-9931,14,Formaggi Fortini s.r.l.,Elio Rossi,"Viale Dante, 75",Ravenna,48100,Italy,(0544) 60323
390,10394,13,10,Konbu,6,8,2 kg box,6.0,8,Seafood,Seaweed and fish,36,1,1996-12-25,3,Hungry Coyote Import Store,Yoshi Latimer,City Center Plaza 516 Main St.,Elgin,97827,USA,Davolio,Nancy,1968-12-08,EmpID1.pic,Education includes a BA in psychology from Colorado State University. She also completed (The Art of the Cold Call). Nancy is a member of 'Toastmasters International'.,Federal Shipping,(503) 555-9931,6,Mayumi's,Mayumi Ohno,92 Setsuko Chuo-ku,Osaka,545,Japan,(06) 431-7877
391,10394,62,10,Tarte au sucre,29,3,48 pies,49.3,3,Confections,"Desserts, candies, and sweet breads",36,1,1996-12-25,3,Hungry Coyote Import Store,Yoshi Latimer,City Center Plaza 516 Main St.,Elgin,97827,USA,Davolio,Nancy,1968-12-08,EmpID1.pic,Education includes a BA in psychology from Colorado State University. She also completed (The Art of the Cold Call). Nancy is a member of 'Toastmasters International'.,Federal Shipping,(503) 555-9931,29,Forêts d'érables,Chantal Goulet,148 rue Chasseur,Ste-Hyacinthe,J2S 7S8,Canada,(514) 555-2955
392,10395,46,28,Spegesild,21,8,4 - 450 g glasses,12.0,8,Seafood,Seaweed and fish,35,6,1996-12-26,1,HILARIÓN-Abastos,Carlos Hernández,Carrera 22 con Ave. Carlos Soublette #8-35,San Cristóbal,5022,Venezuela,Suyama,Michael,1963-07-02,EmpID6.pic,"Michael is a graduate of Sussex University (MA, economics) and the University of California at Los Angeles (MBA, marketing). He has also taken the courses 'Multi-Cultural Selling' and 'Time Management for the Sales Professional'. He is fluent in Japanese and can read and write French, Portuguese, and Spanish.",Speedy Express,(503) 555-9831,21,Lyngbysild,Niels Petersen,Lyngbysild Fiskebakken 10,Lyngby,2800,Denmark,43844108
393,10395,53,70,Perth Pasties,24,6,48 pieces,32.8,6,Meat/Poultry,Prepared meats,35,6,1996-12-26,1,HILARIÓN-Abastos,Carlos Hernández,Carrera 22 con Ave. Carlos Soublette #8-35,San Cristóbal,5022,Venezuela,Suyama,Michael,1963-07-02,EmpID6.pic,"Michael is a graduate of Sussex University (MA, economics) and the University of California at Los Angeles (MBA, marketing). He has also taken the courses 'Multi-Cultural Selling' and 'Time Management for the Sales Professional'. He is fluent in Japanese and can read and write French, Portuguese, and Spanish.",Speedy Express,(503) 555-9831,24,"G'day, Mate",Wendy Mackenzie,170 Prince Edward Parade Hunter's Hill,Sydney,2042,Australia,(02) 555-5914
394,10395,69,8,Gudbrandsdalsost,15,4,10 kg pkg.,36.0,4,Dairy Products,Cheeses,35,6,1996-12-26,1,HILARIÓN-Abastos,Carlos Hernández,Carrera 22 con Ave. Carlos Soublette #8-35,San Cristóbal,5022,Venezuela,Suyama,Michael,1963-07-02,EmpID6.pic,"Michael is a graduate of Sussex University (MA, economics) and the University of California at Los Angeles (MBA, marketing). He has also taken the courses 'Multi-Cultural Selling' and 'Time Management for the Sales Professional'. He is fluent in Japanese and can read and write French, Portuguese, and Spanish.",Speedy Express,(503) 555-9831,15,Norske Meierier,Beate Vileid,Hatlevegen 5,Sandvika,1320,Norway,(0)2-953010
395,10396,23,40,Tunnbröd,9,5,12 - 250 g pkgs.,9.0,5,Grains/Cereals,"Breads, crackers, pasta, and cereal",25,1,1996-12-27,3,Frankenversand,Peter Franken,Berliner Platz 43,München,80805,Germany,Davolio,Nancy,1968-12-08,EmpID1.pic,Education includes a BA in psychology from Colorado State University. She also completed (The Art of the Cold Call). Nancy is a member of 'Toastmasters International'.,Federal Shipping,(503) 555-9931,9,PB Knäckebröd AB,Lars Peterson,Kaloadagatan 13,Göteborg,S-345 67,Sweden,031-987 65 43
396,10396,71,60,Fløtemysost,15,4,10 - 500 g pkgs.,21.5,4,Dairy Products,Cheeses,25,1,1996-12-27,3,Frankenversand,Peter Franken,Berliner Platz 43,München,80805,Germany,Davolio,Nancy,1968-12-08,EmpID1.pic,Education includes a BA in psychology from Colorado State University. She also completed (The Art of the Cold Call). Nancy is a member of 'Toastmasters International'.,Federal Shipping,(503) 555-9931,15,Norske Meierier,Beate Vileid,Hatlevegen 5,Sandvika,1320,Norway,(0)2-953010
397,10396,72,21,Mozzarella di Giovanni,14,4,24 - 200 g pkgs.,34.8,4,Dairy Products,Cheeses,25,1,1996-12-27,3,Frankenversand,Peter Franken,Berliner Platz 43,München,80805,Germany,Davolio,Nancy,1968-12-08,EmpID1.pic,Education includes a BA in psychology from Colorado State University. She also completed (The Art of the Cold Call). Nancy is a member of 'Toastmasters International'.,Federal Shipping,(503) 555-9931,14,Formaggi Fortini s.r.l.,Elio Rossi,"Viale Dante, 75",Ravenna,48100,Italy,(0544) 60323
398,10397,21,10,Sir Rodney's Scones,8,3,24 pkgs. x 4 pieces,10.0,3,Confections,"Desserts, candies, and sweet breads",60,5,1996-12-27,1,Princesa Isabel Vinhoss,Isabel de Castro,Estrada da saúde n. 58,Lisboa,1756,Portugal,Buchanan,Steven,1955-03-04,EmpID5.pic,"Steven Buchanan graduated from St. Andrews University, Scotland, with a BSC degree. Upon joining the company as a sales representative, he spent 6 months in an orientation program at the Seattle office and then returned to his permanent post in London, where he was promoted to sales manager. Mr. Buchanan has completed the courses 'Successful Telemarketing' and 'International Sales Management'. He is fluent in French.",Speedy Express,(503) 555-9831,8,"Specialty Biscuits, Ltd.",Peter Wilson,29 King's Way,Manchester,M14 GSD,UK,(161) 555-4448
399,10397,51,18,Manjimup Dried Apples,24,7,50 - 300 g pkgs.,53.0,7,Produce,Dried fruit and bean curd,60,5,1996-12-27,1,Princesa Isabel Vinhoss,Isabel de Castro,Estrada da saúde n. 58,Lisboa,1756,Portugal,Buchanan,Steven,1955-03-04,EmpID5.pic,"Steven Buchanan graduated from St. Andrews University, Scotland, with a BSC degree. Upon joining the company as a sales representative, he spent 6 months in an orientation program at the Seattle office and then returned to his permanent post in London, where he was promoted to sales manager. Mr. Buchanan has completed the courses 'Successful Telemarketing' and 'International Sales Management'. He is fluent in French.",Speedy Express,(503) 555-9831,24,"G'day, Mate",Wendy Mackenzie,170 Prince Edward Parade Hunter's Hill,Sydney,2042,Australia,(02) 555-5914
400,10398,35,30,Steeleye Stout,16,1,24 - 12 oz bottles,18.0,1,Beverages,"Soft drinks, coffees, teas, beers, and ales",71,2,1996-12-30,3,Save-a-lot Markets,Jose Pavarotti,187 Suffolk Ln.,Boise,83720,USA,Fuller,Andrew,1952-02-19,EmpID2.pic,"Andrew received his BTS commercial and a Ph.D. in international marketing from the University of Dallas. He is fluent in French and Italian and reads German. He joined the company as a sales representative, was promoted to sales manager and was then named vice president of sales. Andrew is a member of the Sales Management Roundtable, the Seattle Chamber of Commerce, and the Pacific Rim Importers Association.",Federal Shipping,(503) 555-9931,16,Bigfoot Breweries,Cheryl Saylor,3400 - 8th Avenue Suite 210,Bend,97101,USA,(503) 555-9931
401,10398,55,120,Pâté chinois,25,6,24 boxes x 2 pies,24.0,6,Meat/Poultry,Prepared meats,71,2,1996-12-30,3,Save-a-lot Markets,Jose Pavarotti,187 Suffolk Ln.,Boise,83720,USA,Fuller,Andrew,1952-02-19,EmpID2.pic,"Andrew received his BTS commercial and a Ph.D. in international marketing from the University of Dallas. He is fluent in French and Italian and reads German. He joined the company as a sales representative, was promoted to sales manager and was then named vice president of sales. Andrew is a member of the Sales Management Roundtable, the Seattle Chamber of Commerce, and the Pacific Rim Importers Association.",Federal Shipping,(503) 555-9931,25,Ma Maison,Jean-Guy Lauzon,2960 Rue St. Laurent,Montréal,H1J 1C3,Canada,(514) 555-9022
402,10399,68,60,Scottish Longbreads,8,3,10 boxes x 8 pieces,12.5,3,Confections,"Desserts, candies, and sweet breads",83,8,1996-12-31,3,Vaffeljernet,Palle Ibsen,Smagsløget 45,Århus,8200,Denmark,Callahan,Laura,1958-01-09,EmpID8.pic,Laura received a BA in psychology from the University of Washington. She has also completed a course in business French. She reads and writes French.,Federal Shipping,(503) 555-9931,8,"Specialty Biscuits, Ltd.",Peter Wilson,29 King's Way,Manchester,M14 GSD,UK,(161) 555-4448
403,10399,71,30,Fløtemysost,15,4,10 - 500 g pkgs.,21.5,4,Dairy Products,Cheeses,83,8,1996-12-31,3,Vaffeljernet,Palle Ibsen,Smagsløget 45,Århus,8200,Denmark,Callahan,Laura,1958-01-09,EmpID8.pic,Laura received a BA in psychology from the University of Washington. She has also completed a course in business French. She reads and writes French.,Federal Shipping,(503) 555-9931,15,Norske Meierier,Beate Vileid,Hatlevegen 5,Sandvika,1320,Norway,(0)2-953010
404,10399,76,35,Lakkalikööri,23,1,500 ml,18.0,1,Beverages,"Soft drinks, coffees, teas, beers, and ales",83,8,1996-12-31,3,Vaffeljernet,Palle Ibsen,Smagsløget 45,Århus,8200,Denmark,Callahan,Laura,1958-01-09,EmpID8.pic,Laura received a BA in psychology from the University of Washington. She has also completed a course in business French. She reads and writes French.,Federal Shipping,(503) 555-9931,23,Karkki Oy,Anne Heikkonen,Valtakatu 12,Lappeenranta,53120,Finland,(953) 10956
405,10399,77,14,Original Frankfurter grüne Soße,12,2,12 boxes,13.0,2,Condiments,"Sweet and savory sauces, relishes, spreads, and seasonings",83,8,1996-12-31,3,Vaffeljernet,Palle Ibsen,Smagsløget 45,Århus,8200,Denmark,Callahan,Laura,1958-01-09,EmpID8.pic,Laura received a BA in psychology from the University of Washington. She has also completed a course in business French. She reads and writes French.,Federal Shipping,(503) 555-9931,12,Plutzer Lebensmittelgroßmärkte AG,Martin Bein,Bogenallee 51,Frankfurt,60439,Germany,(069) 992755
406,10400,29,21,Thüringer Rostbratwurst,12,6,50 bags x 30 sausgs.,123.79,6,Meat/Poultry,Prepared meats,19,1,1997-01-01,3,Eastern Connection,Ann Devon,35 King George,London,WX3 6FW,UK,Davolio,Nancy,1968-12-08,EmpID1.pic,Education includes a BA in psychology from Colorado State University. She also completed (The Art of the Cold Call). Nancy is a member of 'Toastmasters International'.,Federal Shipping,(503) 555-9931,12,Plutzer Lebensmittelgroßmärkte AG,Martin Bein,Bogenallee 51,Frankfurt,60439,Germany,(069) 992755
407,10400,35,35,Steeleye Stout,16,1,24 - 12 oz bottles,18.0,1,Beverages,"Soft drinks, coffees, teas, beers, and ales",19,1,1997-01-01,3,Eastern Connection,Ann Devon,35 King George,London,WX3 6FW,UK,Davolio,Nancy,1968-12-08,EmpID1.pic,Education includes a BA in psychology from Colorado State University. She also completed (The Art of the Cold Call). Nancy is a member of 'Toastmasters International'.,Federal Shipping,(503) 555-9931,16,Bigfoot Breweries,Cheryl Saylor,3400 - 8th Avenue Suite 210,Bend,97101,USA,(503) 555-9931
408,10400,49,30,Maxilaku,23,3,24 - 50 g pkgs.,20.0,3,Confections,"Desserts, candies, and sweet breads",19,1,1997-01-01,3,Eastern Connection,Ann Devon,35 King George,London,WX3 6FW,UK,Davolio,Nancy,1968-12-08,EmpID1.pic,Education includes a BA in psychology from Colorado State University. She also completed (The Art of the Cold Call). Nancy is a member of 'Toastmasters International'.,Federal Shipping,(503) 555-9931,23,Karkki Oy,Anne Heikkonen,Valtakatu 12,Lappeenranta,53120,Finland,(953) 10956
409,10401,30,18,Nord-Ost Matjeshering,13,8,10 - 200 g glasses,25.89,8,Seafood,Seaweed and fish,65,1,1997-01-01,1,Rattlesnake Canyon Grocery,Paula Wilson,2817 Milton Dr.,Albuquerque,87110,USA,Davolio,Nancy,1968-12-08,EmpID1.pic,Education includes a BA in psychology from Colorado State University. She also completed (The Art of the Cold Call). Nancy is a member of 'Toastmasters International'.,Speedy Express,(503) 555-9831,13,Nord-Ost-Fisch Handelsgesellschaft mbH,Sven Petersen,Frahmredder 112a,Cuxhaven,27478,Germany,(04721) 8713
410,10401,56,70,Gnocchi di nonna Alice,26,5,24 - 250 g pkgs.,38.0,5,Grains/Cereals,"Breads, crackers, pasta, and cereal",65,1,1997-01-01,1,Rattlesnake Canyon Grocery,Paula Wilson,2817 Milton Dr.,Albuquerque,87110,USA,Davolio,Nancy,1968-12-08,EmpID1.pic,Education includes a BA in psychology from Colorado State University. She also completed (The Art of the Cold Call). Nancy is a member of 'Toastmasters International'.,Speedy Express,(503) 555-9831,26,Pasta Buttini s.r.l.,Giovanni Giudici,"Via dei Gelsomini, 153",Salerno,84100,Italy,(089) 6547665
411,10401,65,20,Louisiana Fiery Hot Pepper Sauce,2,2,32 - 8 oz bottles,21.05,2,Condiments,"Sweet and savory sauces, relishes, spreads, and seasonings",65,1,1997-01-01,1,Rattlesnake Canyon Grocery,Paula Wilson,2817 Milton Dr.,Albuquerque,87110,USA,Davolio,Nancy,1968-12-08,EmpID1.pic,Education includes a BA in psychology from Colorado State University. She also completed (The Art of the Cold Call). Nancy is a member of 'Toastmasters International'.,Speedy Express,(503) 555-9831,2,New Orleans Cajun Delights,Shelley Burke,P.O. Box 78934,New Orleans,70117,USA,(100) 555-4822
412,10401,71,60,Fløtemysost,15,4,10 - 500 g pkgs.,21.5,4,Dairy Products,Cheeses,65,1,1997-01-01,1,Rattlesnake Canyon Grocery,Paula Wilson,2817 Milton Dr.,Albuquerque,87110,USA,Davolio,Nancy,1968-12-08,EmpID1.pic,Education includes a BA in psychology from Colorado State University. She also completed (The Art of the Cold Call). Nancy is a member of 'Toastmasters International'.,Speedy Express,(503) 555-9831,15,Norske Meierier,Beate Vileid,Hatlevegen 5,Sandvika,1320,Norway,(0)2-953010
413,10402,23,60,Tunnbröd,9,5,12 - 250 g pkgs.,9.0,5,Grains/Cereals,"Breads, crackers, pasta, and cereal",20,8,1997-01-02,2,Ernst Handel,Roland Mendel,Kirchgasse 6,Graz,8010,Austria,Callahan,Laura,1958-01-09,EmpID8.pic,Laura received a BA in psychology from the University of Washington. She has also completed a course in business French. She reads and writes French.,United Package,(503) 555-3199,9,PB Knäckebröd AB,Lars Peterson,Kaloadagatan 13,Göteborg,S-345 67,Sweden,031-987 65 43
414,10402,63,65,Vegie-spread,7,2,15 - 625 g jars,43.9,2,Condiments,"Sweet and savory sauces, relishes, spreads, and seasonings",20,8,1997-01-02,2,Ernst Handel,Roland Mendel,Kirchgasse 6,Graz,8010,Austria,Callahan,Laura,1958-01-09,EmpID8.pic,Laura received a BA in psychology from the University of Washington. She has also completed a course in business French. She reads and writes French.,United Package,(503) 555-3199,7,"Pavlova, Ltd.",Ian Devling,74 Rose St. Moonie Ponds,Melbourne,3058,Australia,(03) 444-2343
415,10403,16,21,Pavlova,7,3,32 - 500 g boxes,17.45,3,Confections,"Desserts, candies, and sweet breads",20,4,1997-01-03,3,Ernst Handel,Roland Mendel,Kirchgasse 6,Graz,8010,Austria,Peacock,Margaret,1958-09-19,EmpID4.pic,Margaret holds a BA in English literature from Concordia College and an MA from the American Institute of Culinary Arts. She was temporarily assigned to the London office before returning to her permanent post in Seattle.,Federal Shipping,(503) 555-9931,7,"Pavlova, Ltd.",Ian Devling,74 Rose St. Moonie Ponds,Melbourne,3058,Australia,(03) 444-2343
416,10403,48,70,Chocolade,22,3,10 pkgs.,12.75,3,Confections,"Desserts, candies, and sweet breads",20,4,1997-01-03,3,Ernst Handel,Roland Mendel,Kirchgasse 6,Graz,8010,Austria,Peacock,Margaret,1958-09-19,EmpID4.pic,Margaret holds a BA in English literature from Concordia College and an MA from the American Institute of Culinary Arts. She was temporarily assigned to the London office before returning to her permanent post in Seattle.,Federal Shipping,(503) 555-9931,22,Zaanse Snoepfabriek,Dirk Luchte,Verkoop Rijnweg 22,Zaandam,9999 ZZ,Netherlands,(12345) 1212
417,10404,26,30,Gumbär Gummibärchen,11,3,100 - 250 g bags,31.23,3,Confections,"Desserts, candies, and sweet breads",49,2,1997-01-03,1,Magazzini Alimentari Riuniti,Giovanni Rovelli,Via Ludovico il Moro 22,Bergamo,24100,Italy,Fuller,Andrew,1952-02-19,EmpID2.pic,"Andrew received his BTS commercial and a Ph.D. in international marketing from the University of Dallas. He is fluent in French and Italian and reads German. He joined the company as a sales representative, was promoted to sales manager and was then named vice president of sales. Andrew is a member of the Sales Management Roundtable, the Seattle Chamber of Commerce, and the Pacific Rim Importers Association.",Speedy Express,(503) 555-9831,11,Heli Süßwaren GmbH & Co. KG,Petra Winkler,Tiergartenstraße 5,Berlin,10785,Germany,(010) 9984510
418,10404,42,40,Singaporean Hokkien Fried Mee,20,5,32 - 1 kg pkgs.,14.0,5,Grains/Cereals,"Breads, crackers, pasta, and cereal",49,2,1997-01-03,1,Magazzini Alimentari Riuniti,Giovanni Rovelli,Via Ludovico il Moro 22,Bergamo,24100,Italy,Fuller,Andrew,1952-02-19,EmpID2.pic,"Andrew received his BTS commercial and a Ph.D. in international marketing from the University of Dallas. He is fluent in French and Italian and reads German. He joined the company as a sales representative, was promoted to sales manager and was then named vice president of sales. Andrew is a member of the Sales Management Roundtable, the Seattle Chamber of Commerce, and the Pacific Rim Importers Association.",Speedy Express,(503) 555-9831,20,Leka Trading,Chandra Leka,"471 Serangoon Loop, Suite #402",Singapore,0512,Singapore,555-8787
419,10404,49,30,Maxilaku,23,3,24 - 50 g pkgs.,20.0,3,Confections,"Desserts, candies, and sweet breads",49,2,1997-01-03,1,Magazzini Alimentari Riuniti,Giovanni Rovelli,Via Ludovico il Moro 22,Bergamo,24100,Italy,Fuller,Andrew,1952-02-19,EmpID2.pic,"Andrew received his BTS commercial and a Ph.D. in international marketing from the University of Dallas. He is fluent in French and Italian and reads German. He joined the company as a sales representative, was promoted to sales manager and was then named vice president of sales. Andrew is a member of the Sales Management Roundtable, the Seattle Chamber of Commerce, and the Pacific Rim Importers Association.",Speedy Express,(503) 555-9831,23,Karkki Oy,Anne Heikkonen,Valtakatu 12,Lappeenranta,53120,Finland,(953) 10956
420,10405,3,50,Aniseed Syrup,1,2,12 - 550 ml bottles,10.0,2,Condiments,"Sweet and savory sauces, relishes, spreads, and seasonings",47,1,1997-01-06,1,LINO-Delicateses,Felipe Izquierdo,Ave. 5 de Mayo Porlamar,I. de Margarita,4980,Venezuela,Davolio,Nancy,1968-12-08,EmpID1.pic,Education includes a BA in psychology from Colorado State University. She also completed (The Art of the Cold Call). Nancy is a member of 'Toastmasters International'.,Speedy Express,(503) 555-9831,1,Exotic Liquid,Charlotte Cooper,49 Gilbert St.,Londona,EC1 4SD,UK,(171) 555-2222
421,10406,1,10,Chais,1,1,10 boxes x 20 bags,18.0,1,Beverages,"Soft drinks, coffees, teas, beers, and ales",62,7,1997-01-07,1,Queen Cozinha,Lúcia Carvalho,"Alameda dos Canàrios, 891",São Paulo,05487-020,Brazil,King,Robert,1960-05-29,EmpID7.pic,"Robert King served in the Peace Corps and traveled extensively before completing his degree in English at the University of Michigan and then joining the company. After completing a course entitled 'Selling in Europe', he was transferred to the London office.",Speedy Express,(503) 555-9831,1,Exotic Liquid,Charlotte Cooper,49 Gilbert St.,Londona,EC1 4SD,UK,(171) 555-2222
422,10406,21,30,Sir Rodney's Scones,8,3,24 pkgs. x 4 pieces,10.0,3,Confections,"Desserts, candies, and sweet breads",62,7,1997-01-07,1,Queen Cozinha,Lúcia Carvalho,"Alameda dos Canàrios, 891",São Paulo,05487-020,Brazil,King,Robert,1960-05-29,EmpID7.pic,"Robert King served in the Peace Corps and traveled extensively before completing his degree in English at the University of Michigan and then joining the company. After completing a course entitled 'Selling in Europe', he was transferred to the London office.",Speedy Express,(503) 555-9831,8,"Specialty Biscuits, Ltd.",Peter Wilson,29 King's Way,Manchester,M14 GSD,UK,(161) 555-4448
423,10406,28,42,Rössle Sauerkraut,12,7,25 - 825 g cans,45.6,7,Produce,Dried fruit and bean curd,62,7,1997-01-07,1,Queen Cozinha,Lúcia Carvalho,"Alameda dos Canàrios, 891",São Paulo,05487-020,Brazil,King,Robert,1960-05-29,EmpID7.pic,"Robert King served in the Peace Corps and traveled extensively before completing his degree in English at the University of Michigan and then joining the company. After completing a course entitled 'Selling in Europe', he was transferred to the London office.",Speedy Express,(503) 555-9831,12,Plutzer Lebensmittelgroßmärkte AG,Martin Bein,Bogenallee 51,Frankfurt,60439,Germany,(069) 992755
424,10406,36,5,Inlagd Sill,17,8,24 - 250 g jars,19.0,8,Seafood,Seaweed and fish,62,7,1997-01-07,1,Queen Cozinha,Lúcia Carvalho,"Alameda dos Canàrios, 891",São Paulo,05487-020,Brazil,King,Robert,1960-05-29,EmpID7.pic,"Robert King served in the Peace Corps and traveled extensively before completing his degree in English at the University of Michigan and then joining the company. After completing a course entitled 'Selling in Europe', he was transferred to the London office.",Speedy Express,(503) 555-9831,17,Svensk Sjöföda AB,Michael Björn,Brovallavägen 231,Stockholm,S-123 45,Sweden,08-123 45 67
425,10406,40,2,Boston Crab Meat,19,8,24 - 4 oz tins,18.4,8,Seafood,Seaweed and fish,62,7,1997-01-07,1,Queen Cozinha,Lúcia Carvalho,"Alameda dos Canàrios, 891",São Paulo,05487-020,Brazil,King,Robert,1960-05-29,EmpID7.pic,"Robert King served in the Peace Corps and traveled extensively before completing his degree in English at the University of Michigan and then joining the company. After completing a course entitled 'Selling in Europe', he was transferred to the London office.",Speedy Express,(503) 555-9831,19,New England Seafood Cannery,Robb Merchant,Order Processing Dept. 2100 Paul Revere Blvd.,Boston,02134,USA,(617) 555-3267
426,10407,11,30,Queso Cabrales,5,4,1 kg pkg.,21.0,4,Dairy Products,Cheeses,56,2,1997-01-07,2,Ottilies Käseladen,Henriette Pfalzheim,Mehrheimerstr. 369,Köln,50739,Germany,Fuller,Andrew,1952-02-19,EmpID2.pic,"Andrew received his BTS commercial and a Ph.D. in international marketing from the University of Dallas. He is fluent in French and Italian and reads German. He joined the company as a sales representative, was promoted to sales manager and was then named vice president of sales. Andrew is a member of the Sales Management Roundtable, the Seattle Chamber of Commerce, and the Pacific Rim Importers Association.",United Package,(503) 555-3199,5,Cooperativa de Quesos 'Las Cabras',Antonio del Valle Saavedra,Calle del Rosal 4,Oviedo,33007,Spain,(98) 598 76 54
427,10407,69,15,Gudbrandsdalsost,15,4,10 kg pkg.,36.0,4,Dairy Products,Cheeses,56,2,1997-01-07,2,Ottilies Käseladen,Henriette Pfalzheim,Mehrheimerstr. 369,Köln,50739,Germany,Fuller,Andrew,1952-02-19,EmpID2.pic,"Andrew received his BTS commercial and a Ph.D. in international marketing from the University of Dallas. He is fluent in French and Italian and reads German. He joined the company as a sales representative, was promoted to sales manager and was then named vice president of sales. Andrew is a member of the Sales Management Roundtable, the Seattle Chamber of Commerce, and the Pacific Rim Importers Association.",United Package,(503) 555-3199,15,Norske Meierier,Beate Vileid,Hatlevegen 5,Sandvika,1320,Norway,(0)2-953010
428,10407,71,15,Fløtemysost,15,4,10 - 500 g pkgs.,21.5,4,Dairy Products,Cheeses,56,2,1997-01-07,2,Ottilies Käseladen,Henriette Pfalzheim,Mehrheimerstr. 369,Köln,50739,Germany,Fuller,Andrew,1952-02-19,EmpID2.pic,"Andrew received his BTS commercial and a Ph.D. in international marketing from the University of Dallas. He is fluent in French and Italian and reads German. He joined the company as a sales representative, was promoted to sales manager and was then named vice president of sales. Andrew is a member of the Sales Management Roundtable, the Seattle Chamber of Commerce, and the Pacific Rim Importers Association.",United Package,(503) 555-3199,15,Norske Meierier,Beate Vileid,Hatlevegen 5,Sandvika,1320,Norway,(0)2-953010
429,10408,37,10,Gravad lax,17,8,12 - 500 g pkgs.,26.0,8,Seafood,Seaweed and fish,23,8,1997-01-08,1,Folies gourmandes,Martine Rancé,"184, chaussée de Tournai",Lille,59000,France,Callahan,Laura,1958-01-09,EmpID8.pic,Laura received a BA in psychology from the University of Washington. She has also completed a course in business French. She reads and writes French.,Speedy Express,(503) 555-9831,17,Svensk Sjöföda AB,Michael Björn,Brovallavägen 231,Stockholm,S-123 45,Sweden,08-123 45 67
430,10408,54,6,Tourtière,25,6,16 pies,7.45,6,Meat/Poultry,Prepared meats,23,8,1997-01-08,1,Folies gourmandes,Martine Rancé,"184, chaussée de Tournai",Lille,59000,France,Callahan,Laura,1958-01-09,EmpID8.pic,Laura received a BA in psychology from the University of Washington. She has also completed a course in business French. She reads and writes French.,Speedy Express,(503) 555-9831,25,Ma Maison,Jean-Guy Lauzon,2960 Rue St. Laurent,Montréal,H1J 1C3,Canada,(514) 555-9022
431,10408,62,35,Tarte au sucre,29,3,48 pies,49.3,3,Confections,"Desserts, candies, and sweet breads",23,8,1997-01-08,1,Folies gourmandes,Martine Rancé,"184, chaussée de Tournai",Lille,59000,France,Callahan,Laura,1958-01-09,EmpID8.pic,Laura received a BA in psychology from the University of Washington. She has also completed a course in business French. She reads and writes French.,Speedy Express,(503) 555-9831,29,Forêts d'érables,Chantal Goulet,148 rue Chasseur,Ste-Hyacinthe,J2S 7S8,Canada,(514) 555-2955
432,10409,14,12,Tofu,6,7,40 - 100 g pkgs.,23.25,7,Produce,Dried fruit and bean curd,54,3,1997-01-09,1,Océano Atlántico Ltda.,Yvonne Moncada,Ing. Gustavo Moncada 8585 Piso 20-A,Buenos Aires,1010,Argentina,Leverling,Janet,1963-08-30,EmpID3.pic,Janet has a BS degree in chemistry from Boston College). She has also completed a certificate program in food retailing management. Janet was hired as a sales associate and was promoted to sales representative.,Speedy Express,(503) 555-9831,6,Mayumi's,Mayumi Ohno,92 Setsuko Chuo-ku,Osaka,545,Japan,(06) 431-7877
433,10409,21,12,Sir Rodney's Scones,8,3,24 pkgs. x 4 pieces,10.0,3,Confections,"Desserts, candies, and sweet breads",54,3,1997-01-09,1,Océano Atlántico Ltda.,Yvonne Moncada,Ing. Gustavo Moncada 8585 Piso 20-A,Buenos Aires,1010,Argentina,Leverling,Janet,1963-08-30,EmpID3.pic,Janet has a BS degree in chemistry from Boston College). She has also completed a certificate program in food retailing management. Janet was hired as a sales associate and was promoted to sales representative.,Speedy Express,(503) 555-9831,8,"Specialty Biscuits, Ltd.",Peter Wilson,29 King's Way,Manchester,M14 GSD,UK,(161) 555-4448
434,10410,33,49,Geitost,15,4,500 g,2.5,4,Dairy Products,Cheeses,10,3,1997-01-10,3,Bottom-Dollar Marketse,Elizabeth Lincoln,23 Tsawassen Blvd.,Tsawassen,T2F 8M4,Canada,Leverling,Janet,1963-08-30,EmpID3.pic,Janet has a BS degree in chemistry from Boston College). She has also completed a certificate program in food retailing management. Janet was hired as a sales associate and was promoted to sales representative.,Federal Shipping,(503) 555-9931,15,Norske Meierier,Beate Vileid,Hatlevegen 5,Sandvika,1320,Norway,(0)2-953010
435,10410,59,16,Raclette Courdavault,28,4,5 kg pkg.,55.0,4,Dairy Products,Cheeses,10,3,1997-01-10,3,Bottom-Dollar Marketse,Elizabeth Lincoln,23 Tsawassen Blvd.,Tsawassen,T2F 8M4,Canada,Leverling,Janet,1963-08-30,EmpID3.pic,Janet has a BS degree in chemistry from Boston College). She has also completed a certificate program in food retailing management. Janet was hired as a sales associate and was promoted to sales representative.,Federal Shipping,(503) 555-9931,28,Gai pâturage,Eliane Noz,"Bat. B 3, rue des Alpes",Annecy,74000,France,38.76.98.06
436,10411,41,25,Jack's New England Clam Chowder,19,8,12 - 12 oz cans,9.65,8,Seafood,Seaweed and fish,10,9,1997-01-10,3,Bottom-Dollar Marketse,Elizabeth Lincoln,23 Tsawassen Blvd.,Tsawassen,T2F 8M4,Canada,Dodsworth,Anne,1969-07-02,EmpID9.pic,Anne has a BA degree in English from St. Lawrence College. She is fluent in French and German.,Federal Shipping,(503) 555-9931,19,New England Seafood Cannery,Robb Merchant,Order Processing Dept. 2100 Paul Revere Blvd.,Boston,02134,USA,(617) 555-3267
437,10411,44,40,Gula Malacca,20,2,20 - 2 kg bags,19.45,2,Condiments,"Sweet and savory sauces, relishes, spreads, and seasonings",10,9,1997-01-10,3,Bottom-Dollar Marketse,Elizabeth Lincoln,23 Tsawassen Blvd.,Tsawassen,T2F 8M4,Canada,Dodsworth,Anne,1969-07-02,EmpID9.pic,Anne has a BA degree in English from St. Lawrence College. She is fluent in French and German.,Federal Shipping,(503) 555-9931,20,Leka Trading,Chandra Leka,"471 Serangoon Loop, Suite #402",Singapore,0512,Singapore,555-8787
438,10411,59,9,Raclette Courdavault,28,4,5 kg pkg.,55.0,4,Dairy Products,Cheeses,10,9,1997-01-10,3,Bottom-Dollar Marketse,Elizabeth Lincoln,23 Tsawassen Blvd.,Tsawassen,T2F 8M4,Canada,Dodsworth,Anne,1969-07-02,EmpID9.pic,Anne has a BA degree in English from St. Lawrence College. She is fluent in French and German.,Federal Shipping,(503) 555-9931,28,Gai pâturage,Eliane Noz,"Bat. B 3, rue des Alpes",Annecy,74000,France,38.76.98.06
439,10412,14,20,Tofu,6,7,40 - 100 g pkgs.,23.25,7,Produce,Dried fruit and bean curd,87,8,1997-01-13,2,Wartian Herkku,Pirkko Koskitalo,Torikatu 38,Oulu,90110,Finland,Callahan,Laura,1958-01-09,EmpID8.pic,Laura received a BA in psychology from the University of Washington. She has also completed a course in business French. She reads and writes French.,United Package,(503) 555-3199,6,Mayumi's,Mayumi Ohno,92 Setsuko Chuo-ku,Osaka,545,Japan,(06) 431-7877
440,10413,1,24,Chais,1,1,10 boxes x 20 bags,18.0,1,Beverages,"Soft drinks, coffees, teas, beers, and ales",41,3,1997-01-14,2,La maison d'Asie,Annette Roulet,1 rue Alsace-Lorraine,Toulouse,31000,France,Leverling,Janet,1963-08-30,EmpID3.pic,Janet has a BS degree in chemistry from Boston College). She has also completed a certificate program in food retailing management. Janet was hired as a sales associate and was promoted to sales representative.,United Package,(503) 555-3199,1,Exotic Liquid,Charlotte Cooper,49 Gilbert St.,Londona,EC1 4SD,UK,(171) 555-2222
441,10413,62,40,Tarte au sucre,29,3,48 pies,49.3,3,Confections,"Desserts, candies, and sweet breads",41,3,1997-01-14,2,La maison d'Asie,Annette Roulet,1 rue Alsace-Lorraine,Toulouse,31000,France,Leverling,Janet,1963-08-30,EmpID3.pic,Janet has a BS degree in chemistry from Boston College). She has also completed a certificate program in food retailing management. Janet was hired as a sales associate and was promoted to sales representative.,United Package,(503) 555-3199,29,Forêts d'érables,Chantal Goulet,148 rue Chasseur,Ste-Hyacinthe,J2S 7S8,Canada,(514) 555-2955
442,10413,76,14,Lakkalikööri,23,1,500 ml,18.0,1,Beverages,"Soft drinks, coffees, teas, beers, and ales",41,3,1997-01-14,2,La maison d'Asie,Annette Roulet,1 rue Alsace-Lorraine,Toulouse,31000,France,Leverling,Janet,1963-08-30,EmpID3.pic,Janet has a BS degree in chemistry from Boston College). She has also completed a certificate program in food retailing management. Janet was hired as a sales associate and was promoted to sales representative.,United Package,(503) 555-3199,23,Karkki Oy,Anne Heikkonen,Valtakatu 12,Lappeenranta,53120,Finland,(953) 10956
443,10414,19,18,Teatime Chocolate Biscuits,8,3,10 boxes x 12 pieces,9.2,3,Confections,"Desserts, candies, and sweet breads",21,2,1997-01-14,3,Familia Arquibaldo,Aria Cruz,"Rua Orós, 92",São Paulo,05442-030,Brazil,Fuller,Andrew,1952-02-19,EmpID2.pic,"Andrew received his BTS commercial and a Ph.D. in international marketing from the University of Dallas. He is fluent in French and Italian and reads German. He joined the company as a sales representative, was promoted to sales manager and was then named vice president of sales. Andrew is a member of the Sales Management Roundtable, the Seattle Chamber of Commerce, and the Pacific Rim Importers Association.",Federal Shipping,(503) 555-9931,8,"Specialty Biscuits, Ltd.",Peter Wilson,29 King's Way,Manchester,M14 GSD,UK,(161) 555-4448
444,10414,33,50,Geitost,15,4,500 g,2.5,4,Dairy Products,Cheeses,21,2,1997-01-14,3,Familia Arquibaldo,Aria Cruz,"Rua Orós, 92",São Paulo,05442-030,Brazil,Fuller,Andrew,1952-02-19,EmpID2.pic,"Andrew received his BTS commercial and a Ph.D. in international marketing from the University of Dallas. He is fluent in French and Italian and reads German. He joined the company as a sales representative, was promoted to sales manager and was then named vice president of sales. Andrew is a member of the Sales Management Roundtable, the Seattle Chamber of Commerce, and the Pacific Rim Importers Association.",Federal Shipping,(503) 555-9931,15,Norske Meierier,Beate Vileid,Hatlevegen 5,Sandvika,1320,Norway,(0)2-953010
445,10415,17,2,Alice Mutton,7,6,20 - 1 kg tins,39.0,6,Meat/Poultry,Prepared meats,36,3,1997-01-15,1,Hungry Coyote Import Store,Yoshi Latimer,City Center Plaza 516 Main St.,Elgin,97827,USA,Leverling,Janet,1963-08-30,EmpID3.pic,Janet has a BS degree in chemistry from Boston College). She has also completed a certificate program in food retailing management. Janet was hired as a sales associate and was promoted to sales representative.,Speedy Express,(503) 555-9831,7,"Pavlova, Ltd.",Ian Devling,74 Rose St. Moonie Ponds,Melbourne,3058,Australia,(03) 444-2343
446,10415,33,20,Geitost,15,4,500 g,2.5,4,Dairy Products,Cheeses,36,3,1997-01-15,1,Hungry Coyote Import Store,Yoshi Latimer,City Center Plaza 516 Main St.,Elgin,97827,USA,Leverling,Janet,1963-08-30,EmpID3.pic,Janet has a BS degree in chemistry from Boston College). She has also completed a certificate program in food retailing management. Janet was hired as a sales associate and was promoted to sales representative.,Speedy Express,(503) 555-9831,15,Norske Meierier,Beate Vileid,Hatlevegen 5,Sandvika,1320,Norway,(0)2-953010
447,10416,19,20,Teatime Chocolate Biscuits,8,3,10 boxes x 12 pieces,9.2,3,Confections,"Desserts, candies, and sweet breads",87,8,1997-01-16,3,Wartian Herkku,Pirkko Koskitalo,Torikatu 38,Oulu,90110,Finland,Callahan,Laura,1958-01-09,EmpID8.pic,Laura received a BA in psychology from the University of Washington. She has also completed a course in business French. She reads and writes French.,Federal Shipping,(503) 555-9931,8,"Specialty Biscuits, Ltd.",Peter Wilson,29 King's Way,Manchester,M14 GSD,UK,(161) 555-4448
448,10416,53,10,Perth Pasties,24,6,48 pieces,32.8,6,Meat/Poultry,Prepared meats,87,8,1997-01-16,3,Wartian Herkku,Pirkko Koskitalo,Torikatu 38,Oulu,90110,Finland,Callahan,Laura,1958-01-09,EmpID8.pic,Laura received a BA in psychology from the University of Washington. She has also completed a course in business French. She reads and writes French.,Federal Shipping,(503) 555-9931,24,"G'day, Mate",Wendy Mackenzie,170 Prince Edward Parade Hunter's Hill,Sydney,2042,Australia,(02) 555-5914
449,10416,57,20,Ravioli Angelo,26,5,24 - 250 g pkgs.,19.5,5,Grains/Cereals,"Breads, crackers, pasta, and cereal",87,8,1997-01-16,3,Wartian Herkku,Pirkko Koskitalo,Torikatu 38,Oulu,90110,Finland,Callahan,Laura,1958-01-09,EmpID8.pic,Laura received a BA in psychology from the University of Washington. She has also completed a course in business French. She reads and writes French.,Federal Shipping,(503) 555-9931,26,Pasta Buttini s.r.l.,Giovanni Giudici,"Via dei Gelsomini, 153",Salerno,84100,Italy,(089) 6547665
450,10417,38,50,Côte de Blaye,18,1,12 - 75 cl bottles,263.5,1,Beverages,"Soft drinks, coffees, teas, beers, and ales",73,4,1997-01-16,3,Simons bistro,Jytte Petersen,Vinbæltet 34,København,1734,Denmark,Peacock,Margaret,1958-09-19,EmpID4.pic,Margaret holds a BA in English literature from Concordia College and an MA from the American Institute of Culinary Arts. She was temporarily assigned to the London office before returning to her permanent post in Seattle.,Federal Shipping,(503) 555-9931,18,Aux joyeux ecclésiastiques,Guylène Nodier,"203, Rue des Francs-Bourgeois",Paris,75004,France,(1) 03.83.00.68
451,10417,46,2,Spegesild,21,8,4 - 450 g glasses,12.0,8,Seafood,Seaweed and fish,73,4,1997-01-16,3,Simons bistro,Jytte Petersen,Vinbæltet 34,København,1734,Denmark,Peacock,Margaret,1958-09-19,EmpID4.pic,Margaret holds a BA in English literature from Concordia College and an MA from the American Institute of Culinary Arts. She was temporarily assigned to the London office before returning to her permanent post in Seattle.,Federal Shipping,(503) 555-9931,21,Lyngbysild,Niels Petersen,Lyngbysild Fiskebakken 10,Lyngby,2800,Denmark,43844108
452,10417,68,36,Scottish Longbreads,8,3,10 boxes x 8 pieces,12.5,3,Confections,"Desserts, candies, and sweet breads",73,4,1997-01-16,3,Simons bistro,Jytte Petersen,Vinbæltet 34,København,1734,Denmark,Peacock,Margaret,1958-09-19,EmpID4.pic,Margaret holds a BA in English literature from Concordia College and an MA from the American Institute of Culinary Arts. She was temporarily assigned to the London office before returning to her permanent post in Seattle.,Federal Shipping,(503) 555-9931,8,"Specialty Biscuits, Ltd.",Peter Wilson,29 King's Way,Manchester,M14 GSD,UK,(161) 555-4448
453,10417,77,35,Original Frankfurter grüne Soße,12,2,12 boxes,13.0,2,Condiments,"Sweet and savory sauces, relishes, spreads, and seasonings",73,4,1997-01-16,3,Simons bistro,Jytte Petersen,Vinbæltet 34,København,1734,Denmark,Peacock,Margaret,1958-09-19,EmpID4.pic,Margaret holds a BA in English literature from Concordia College and an MA from the American Institute of Culinary Arts. She was temporarily assigned to the London office before returning to her permanent post in Seattle.,Federal Shipping,(503) 555-9931,12,Plutzer Lebensmittelgroßmärkte AG,Martin Bein,Bogenallee 51,Frankfurt,60439,Germany,(069) 992755
454,10418,2,60,Chang,1,1,24 - 12 oz bottles,19.0,1,Beverages,"Soft drinks, coffees, teas, beers, and ales",63,4,1997-01-17,1,QUICK-Stop,Horst Kloss,Taucherstraße 10,Cunewalde,01307,Germany,Peacock,Margaret,1958-09-19,EmpID4.pic,Margaret holds a BA in English literature from Concordia College and an MA from the American Institute of Culinary Arts. She was temporarily assigned to the London office before returning to her permanent post in Seattle.,Speedy Express,(503) 555-9831,1,Exotic Liquid,Charlotte Cooper,49 Gilbert St.,Londona,EC1 4SD,UK,(171) 555-2222
455,10418,47,55,Zaanse koeken,22,3,10 - 4 oz boxes,9.5,3,Confections,"Desserts, candies, and sweet breads",63,4,1997-01-17,1,QUICK-Stop,Horst Kloss,Taucherstraße 10,Cunewalde,01307,Germany,Peacock,Margaret,1958-09-19,EmpID4.pic,Margaret holds a BA in English literature from Concordia College and an MA from the American Institute of Culinary Arts. She was temporarily assigned to the London office before returning to her permanent post in Seattle.,Speedy Express,(503) 555-9831,22,Zaanse Snoepfabriek,Dirk Luchte,Verkoop Rijnweg 22,Zaandam,9999 ZZ,Netherlands,(12345) 1212
456,10418,61,16,Sirop d'érable,29,2,24 - 500 ml bottles,28.5,2,Condiments,"Sweet and savory sauces, relishes, spreads, and seasonings",63,4,1997-01-17,1,QUICK-Stop,Horst Kloss,Taucherstraße 10,Cunewalde,01307,Germany,Peacock,Margaret,1958-09-19,EmpID4.pic,Margaret holds a BA in English literature from Concordia College and an MA from the American Institute of Culinary Arts. She was temporarily assigned to the London office before returning to her permanent post in Seattle.,Speedy Express,(503) 555-9831,29,Forêts d'érables,Chantal Goulet,148 rue Chasseur,Ste-Hyacinthe,J2S 7S8,Canada,(514) 555-2955
457,10418,74,15,Longlife Tofu,4,7,5 kg pkg.,10.0,7,Produce,Dried fruit and bean curd,63,4,1997-01-17,1,QUICK-Stop,Horst Kloss,Taucherstraße 10,Cunewalde,01307,Germany,Peacock,Margaret,1958-09-19,EmpID4.pic,Margaret holds a BA in English literature from Concordia College and an MA from the American Institute of Culinary Arts. She was temporarily assigned to the London office before returning to her permanent post in Seattle.,Speedy Express,(503) 555-9831,4,Tokyo Traders,Yoshi Nagase,9-8 Sekimai Musashino-shi,Tokyo,100,Japan,(03) 3555-5011
458,10419,60,60,Camembert Pierrot,28,4,15 - 300 g rounds,34.0,4,Dairy Products,Cheeses,68,4,1997-01-20,2,Richter Supermarkt,Michael Holz,Grenzacherweg 237,Genève,1203,Switzerland,Peacock,Margaret,1958-09-19,EmpID4.pic,Margaret holds a BA in English literature from Concordia College and an MA from the American Institute of Culinary Arts. She was temporarily assigned to the London office before returning to her permanent post in Seattle.,United Package,(503) 555-3199,28,Gai pâturage,Eliane Noz,"Bat. B 3, rue des Alpes",Annecy,74000,France,38.76.98.06
459,10419,69,20,Gudbrandsdalsost,15,4,10 kg pkg.,36.0,4,Dairy Products,Cheeses,68,4,1997-01-20,2,Richter Supermarkt,Michael Holz,Grenzacherweg 237,Genève,1203,Switzerland,Peacock,Margaret,1958-09-19,EmpID4.pic,Margaret holds a BA in English literature from Concordia College and an MA from the American Institute of Culinary Arts. She was temporarily assigned to the London office before returning to her permanent post in Seattle.,United Package,(503) 555-3199,15,Norske Meierier,Beate Vileid,Hatlevegen 5,Sandvika,1320,Norway,(0)2-953010
460,10420,9,20,Mishi Kobe Niku,4,6,18 - 500 g pkgs.,97.0,6,Meat/Poultry,Prepared meats,88,3,1997-01-21,1,Wellington Importadora,Paula Parente,"Rua do Mercado, 12",Resende,08737-363,Brazil,Leverling,Janet,1963-08-30,EmpID3.pic,Janet has a BS degree in chemistry from Boston College). She has also completed a certificate program in food retailing management. Janet was hired as a sales associate and was promoted to sales representative.,Speedy Express,(503) 555-9831,4,Tokyo Traders,Yoshi Nagase,9-8 Sekimai Musashino-shi,Tokyo,100,Japan,(03) 3555-5011
461,10420,13,2,Konbu,6,8,2 kg box,6.0,8,Seafood,Seaweed and fish,88,3,1997-01-21,1,Wellington Importadora,Paula Parente,"Rua do Mercado, 12",Resende,08737-363,Brazil,Leverling,Janet,1963-08-30,EmpID3.pic,Janet has a BS degree in chemistry from Boston College). She has also completed a certificate program in food retailing management. Janet was hired as a sales associate and was promoted to sales representative.,Speedy Express,(503) 555-9831,6,Mayumi's,Mayumi Ohno,92 Setsuko Chuo-ku,Osaka,545,Japan,(06) 431-7877
462,10420,70,8,Outback Lager,7,1,24 - 355 ml bottles,15.0,1,Beverages,"Soft drinks, coffees, teas, beers, and ales",88,3,1997-01-21,1,Wellington Importadora,Paula Parente,"Rua do Mercado, 12",Resende,08737-363,Brazil,Leverling,Janet,1963-08-30,EmpID3.pic,Janet has a BS degree in chemistry from Boston College). She has also completed a certificate program in food retailing management. Janet was hired as a sales associate and was promoted to sales representative.,Speedy Express,(503) 555-9831,7,"Pavlova, Ltd.",Ian Devling,74 Rose St. Moonie Ponds,Melbourne,3058,Australia,(03) 444-2343
463,10420,73,20,Röd Kaviar,17,8,24 - 150 g jars,15.0,8,Seafood,Seaweed and fish,88,3,1997-01-21,1,Wellington Importadora,Paula Parente,"Rua do Mercado, 12",Resende,08737-363,Brazil,Leverling,Janet,1963-08-30,EmpID3.pic,Janet has a BS degree in chemistry from Boston College). She has also completed a certificate program in food retailing management. Janet was hired as a sales associate and was promoted to sales representative.,Speedy Express,(503) 555-9831,17,Svensk Sjöföda AB,Michael Björn,Brovallavägen 231,Stockholm,S-123 45,Sweden,08-123 45 67
464,10421,19,4,Teatime Chocolate Biscuits,8,3,10 boxes x 12 pieces,9.2,3,Confections,"Desserts, candies, and sweet breads",61,8,1997-01-21,1,Que Delícia,Bernardo Batista,"Rua da Panificadora, 12",Rio de Janeiro,02389-673,Brazil,Callahan,Laura,1958-01-09,EmpID8.pic,Laura received a BA in psychology from the University of Washington. She has also completed a course in business French. She reads and writes French.,Speedy Express,(503) 555-9831,8,"Specialty Biscuits, Ltd.",Peter Wilson,29 King's Way,Manchester,M14 GSD,UK,(161) 555-4448
465,10421,26,30,Gumbär Gummibärchen,11,3,100 - 250 g bags,31.23,3,Confections,"Desserts, candies, and sweet breads",61,8,1997-01-21,1,Que Delícia,Bernardo Batista,"Rua da Panificadora, 12",Rio de Janeiro,02389-673,Brazil,Callahan,Laura,1958-01-09,EmpID8.pic,Laura received a BA in psychology from the University of Washington. She has also completed a course in business French. She reads and writes French.,Speedy Express,(503) 555-9831,11,Heli Süßwaren GmbH & Co. KG,Petra Winkler,Tiergartenstraße 5,Berlin,10785,Germany,(010) 9984510
466,10421,53,15,Perth Pasties,24,6,48 pieces,32.8,6,Meat/Poultry,Prepared meats,61,8,1997-01-21,1,Que Delícia,Bernardo Batista,"Rua da Panificadora, 12",Rio de Janeiro,02389-673,Brazil,Callahan,Laura,1958-01-09,EmpID8.pic,Laura received a BA in psychology from the University of Washington. She has also completed a course in business French. She reads and writes French.,Speedy Express,(503) 555-9831,24,"G'day, Mate",Wendy Mackenzie,170 Prince Edward Parade Hunter's Hill,Sydney,2042,Australia,(02) 555-5914
467,10421,77,10,Original Frankfurter grüne Soße,12,2,12 boxes,13.0,2,Condiments,"Sweet and savory sauces, relishes, spreads, and seasonings",61,8,1997-01-21,1,Que Delícia,Bernardo Batista,"Rua da Panificadora, 12",Rio de Janeiro,02389-673,Brazil,Callahan,Laura,1958-01-09,EmpID8.pic,Laura received a BA in psychology from the University of Washington. She has also completed a course in business French. She reads and writes French.,Speedy Express,(503) 555-9831,12,Plutzer Lebensmittelgroßmärkte AG,Martin Bein,Bogenallee 51,Frankfurt,60439,Germany,(069) 992755
468,10422,26,2,Gumbär Gummibärchen,11,3,100 - 250 g bags,31.23,3,Confections,"Desserts, candies, and sweet breads",27,2,1997-01-22,1,Franchi S.p.A.,Paolo Accorti,Via Monte Bianco 34,Torino,10100,Italy,Fuller,Andrew,1952-02-19,EmpID2.pic,"Andrew received his BTS commercial and a Ph.D. in international marketing from the University of Dallas. He is fluent in French and Italian and reads German. He joined the company as a sales representative, was promoted to sales manager and was then named vice president of sales. Andrew is a member of the Sales Management Roundtable, the Seattle Chamber of Commerce, and the Pacific Rim Importers Association.",Speedy Express,(503) 555-9831,11,Heli Süßwaren GmbH & Co. KG,Petra Winkler,Tiergartenstraße 5,Berlin,10785,Germany,(010) 9984510
469,10423,31,14,Gorgonzola Telino,14,4,12 - 100 g pkgs,12.5,4,Dairy Products,Cheeses,31,6,1997-01-23,3,Gourmet Lanchonetes,André Fonseca,"Av. Brasil, 442",Campinas,04876-786,Brazil,Suyama,Michael,1963-07-02,EmpID6.pic,"Michael is a graduate of Sussex University (MA, economics) and the University of California at Los Angeles (MBA, marketing). He has also taken the courses 'Multi-Cultural Selling' and 'Time Management for the Sales Professional'. He is fluent in Japanese and can read and write French, Portuguese, and Spanish.",Federal Shipping,(503) 555-9931,14,Formaggi Fortini s.r.l.,Elio Rossi,"Viale Dante, 75",Ravenna,48100,Italy,(0544) 60323
470,10423,59,20,Raclette Courdavault,28,4,5 kg pkg.,55.0,4,Dairy Products,Cheeses,31,6,1997-01-23,3,Gourmet Lanchonetes,André Fonseca,"Av. Brasil, 442",Campinas,04876-786,Brazil,Suyama,Michael,1963-07-02,EmpID6.pic,"Michael is a graduate of Sussex University (MA, economics) and the University of California at Los Angeles (MBA, marketing). He has also taken the courses 'Multi-Cultural Selling' and 'Time Management for the Sales Professional'. He is fluent in Japanese and can read and write French, Portuguese, and Spanish.",Federal Shipping,(503) 555-9931,28,Gai pâturage,Eliane Noz,"Bat. B 3, rue des Alpes",Annecy,74000,France,38.76.98.06
471,10424,35,60,Steeleye Stout,16,1,24 - 12 oz bottles,18.0,1,Beverages,"Soft drinks, coffees, teas, beers, and ales",51,7,1997-01-23,2,Mère Paillarde,Jean Fresnière,43 rue St. Laurent,Montréal,H1J 1C3,Canada,King,Robert,1960-05-29,EmpID7.pic,"Robert King served in the Peace Corps and traveled extensively before completing his degree in English at the University of Michigan and then joining the company. After completing a course entitled 'Selling in Europe', he was transferred to the London office.",United Package,(503) 555-3199,16,Bigfoot Breweries,Cheryl Saylor,3400 - 8th Avenue Suite 210,Bend,97101,USA,(503) 555-9931
472,10424,38,49,Côte de Blaye,18,1,12 - 75 cl bottles,263.5,1,Beverages,"Soft drinks, coffees, teas, beers, and ales",51,7,1997-01-23,2,Mère Paillarde,Jean Fresnière,43 rue St. Laurent,Montréal,H1J 1C3,Canada,King,Robert,1960-05-29,EmpID7.pic,"Robert King served in the Peace Corps and traveled extensively before completing his degree in English at the University of Michigan and then joining the company. After completing a course entitled 'Selling in Europe', he was transferred to the London office.",United Package,(503) 555-3199,18,Aux joyeux ecclésiastiques,Guylène Nodier,"203, Rue des Francs-Bourgeois",Paris,75004,France,(1) 03.83.00.68
473,10424,68,30,Scottish Longbreads,8,3,10 boxes x 8 pieces,12.5,3,Confections,"Desserts, candies, and sweet breads",51,7,1997-01-23,2,Mère Paillarde,Jean Fresnière,43 rue St. Laurent,Montréal,H1J 1C3,Canada,King,Robert,1960-05-29,EmpID7.pic,"Robert King served in the Peace Corps and traveled extensively before completing his degree in English at the University of Michigan and then joining the company. After completing a course entitled 'Selling in Europe', he was transferred to the London office.",United Package,(503) 555-3199,8,"Specialty Biscuits, Ltd.",Peter Wilson,29 King's Way,Manchester,M14 GSD,UK,(161) 555-4448
474,10425,55,10,Pâté chinois,25,6,24 boxes x 2 pies,24.0,6,Meat/Poultry,Prepared meats,41,6,1997-01-24,2,La maison d'Asie,Annette Roulet,1 rue Alsace-Lorraine,Toulouse,31000,France,Suyama,Michael,1963-07-02,EmpID6.pic,"Michael is a graduate of Sussex University (MA, economics) and the University of California at Los Angeles (MBA, marketing). He has also taken the courses 'Multi-Cultural Selling' and 'Time Management for the Sales Professional'. He is fluent in Japanese and can read and write French, Portuguese, and Spanish.",United Package,(503) 555-3199,25,Ma Maison,Jean-Guy Lauzon,2960 Rue St. Laurent,Montréal,H1J 1C3,Canada,(514) 555-9022
475,10425,76,20,Lakkalikööri,23,1,500 ml,18.0,1,Beverages,"Soft drinks, coffees, teas, beers, and ales",41,6,1997-01-24,2,La maison d'Asie,Annette Roulet,1 rue Alsace-Lorraine,Toulouse,31000,France,Suyama,Michael,1963-07-02,EmpID6.pic,"Michael is a graduate of Sussex University (MA, economics) and the University of California at Los Angeles (MBA, marketing). He has also taken the courses 'Multi-Cultural Selling' and 'Time Management for the Sales Professional'. He is fluent in Japanese and can read and write French, Portuguese, and Spanish.",United Package,(503) 555-3199,23,Karkki Oy,Anne Heikkonen,Valtakatu 12,Lappeenranta,53120,Finland,(953) 10956
476,10426,56,5,Gnocchi di nonna Alice,26,5,24 - 250 g pkgs.,38.0,5,Grains/Cereals,"Breads, crackers, pasta, and cereal",29,4,1997-01-27,1,Galería del gastrónomo,Eduardo Saavedra,"Rambla de Cataluña, 23",Barcelona,08022,Spain,Peacock,Margaret,1958-09-19,EmpID4.pic,Margaret holds a BA in English literature from Concordia College and an MA from the American Institute of Culinary Arts. She was temporarily assigned to the London office before returning to her permanent post in Seattle.,Speedy Express,(503) 555-9831,26,Pasta Buttini s.r.l.,Giovanni Giudici,"Via dei Gelsomini, 153",Salerno,84100,Italy,(089) 6547665
477,10426,64,7,Wimmers gute Semmelknödel,12,5,20 bags x 4 pieces,33.25,5,Grains/Cereals,"Breads, crackers, pasta, and cereal",29,4,1997-01-27,1,Galería del gastrónomo,Eduardo Saavedra,"Rambla de Cataluña, 23",Barcelona,08022,Spain,Peacock,Margaret,1958-09-19,EmpID4.pic,Margaret holds a BA in English literature from Concordia College and an MA from the American Institute of Culinary Arts. She was temporarily assigned to the London office before returning to her permanent post in Seattle.,Speedy Express,(503) 555-9831,12,Plutzer Lebensmittelgroßmärkte AG,Martin Bein,Bogenallee 51,Frankfurt,60439,Germany,(069) 992755
478,10427,14,35,Tofu,6,7,40 - 100 g pkgs.,23.25,7,Produce,Dried fruit and bean curd,59,4,1997-01-27,2,Piccolo und mehr,Georg Pipps,Geislweg 14,Salzburg,5020,Austria,Peacock,Margaret,1958-09-19,EmpID4.pic,Margaret holds a BA in English literature from Concordia College and an MA from the American Institute of Culinary Arts. She was temporarily assigned to the London office before returning to her permanent post in Seattle.,United Package,(503) 555-3199,6,Mayumi's,Mayumi Ohno,92 Setsuko Chuo-ku,Osaka,545,Japan,(06) 431-7877
479,10428,46,20,Spegesild,21,8,4 - 450 g glasses,12.0,8,Seafood,Seaweed and fish,66,7,1997-01-28,1,Reggiani Caseifici,Maurizio Moroni,Strada Provinciale 124,Reggio Emilia,42100,Italy,King,Robert,1960-05-29,EmpID7.pic,"Robert King served in the Peace Corps and traveled extensively before completing his degree in English at the University of Michigan and then joining the company. After completing a course entitled 'Selling in Europe', he was transferred to the London office.",Speedy Express,(503) 555-9831,21,Lyngbysild,Niels Petersen,Lyngbysild Fiskebakken 10,Lyngby,2800,Denmark,43844108
480,10429,50,40,Valkoinen suklaa,23,3,12 - 100 g bars,16.25,3,Confections,"Desserts, candies, and sweet breads",37,3,1997-01-29,2,Hungry Owl All-Night Grocers,Patricia McKenna,8 Johnstown Road,Cork,,Ireland,Leverling,Janet,1963-08-30,EmpID3.pic,Janet has a BS degree in chemistry from Boston College). She has also completed a certificate program in food retailing management. Janet was hired as a sales associate and was promoted to sales representative.,United Package,(503) 555-3199,23,Karkki Oy,Anne Heikkonen,Valtakatu 12,Lappeenranta,53120,Finland,(953) 10956
481,10429,63,35,Vegie-spread,7,2,15 - 625 g jars,43.9,2,Condiments,"Sweet and savory sauces, relishes, spreads, and seasonings",37,3,1997-01-29,2,Hungry Owl All-Night Grocers,Patricia McKenna,8 Johnstown Road,Cork,,Ireland,Leverling,Janet,1963-08-30,EmpID3.pic,Janet has a BS degree in chemistry from Boston College). She has also completed a certificate program in food retailing management. Janet was hired as a sales associate and was promoted to sales representative.,United Package,(503) 555-3199,7,"Pavlova, Ltd.",Ian Devling,74 Rose St. Moonie Ponds,Melbourne,3058,Australia,(03) 444-2343
482,10430,17,45,Alice Mutton,7,6,20 - 1 kg tins,39.0,6,Meat/Poultry,Prepared meats,20,4,1997-01-30,1,Ernst Handel,Roland Mendel,Kirchgasse 6,Graz,8010,Austria,Peacock,Margaret,1958-09-19,EmpID4.pic,Margaret holds a BA in English literature from Concordia College and an MA from the American Institute of Culinary Arts. She was temporarily assigned to the London office before returning to her permanent post in Seattle.,Speedy Express,(503) 555-9831,7,"Pavlova, Ltd.",Ian Devling,74 Rose St. Moonie Ponds,Melbourne,3058,Australia,(03) 444-2343
483,10430,21,50,Sir Rodney's Scones,8,3,24 pkgs. x 4 pieces,10.0,3,Confections,"Desserts, candies, and sweet breads",20,4,1997-01-30,1,Ernst Handel,Roland Mendel,Kirchgasse 6,Graz,8010,Austria,Peacock,Margaret,1958-09-19,EmpID4.pic,Margaret holds a BA in English literature from Concordia College and an MA from the American Institute of Culinary Arts. She was temporarily assigned to the London office before returning to her permanent post in Seattle.,Speedy Express,(503) 555-9831,8,"Specialty Biscuits, Ltd.",Peter Wilson,29 King's Way,Manchester,M14 GSD,UK,(161) 555-4448
484,10430,56,30,Gnocchi di nonna Alice,26,5,24 - 250 g pkgs.,38.0,5,Grains/Cereals,"Breads, crackers, pasta, and cereal",20,4,1997-01-30,1,Ernst Handel,Roland Mendel,Kirchgasse 6,Graz,8010,Austria,Peacock,Margaret,1958-09-19,EmpID4.pic,Margaret holds a BA in English literature from Concordia College and an MA from the American Institute of Culinary Arts. She was temporarily assigned to the London office before returning to her permanent post in Seattle.,Speedy Express,(503) 555-9831,26,Pasta Buttini s.r.l.,Giovanni Giudici,"Via dei Gelsomini, 153",Salerno,84100,Italy,(089) 6547665
485,10430,59,70,Raclette Courdavault,28,4,5 kg pkg.,55.0,4,Dairy Products,Cheeses,20,4,1997-01-30,1,Ernst Handel,Roland Mendel,Kirchgasse 6,Graz,8010,Austria,Peacock,Margaret,1958-09-19,EmpID4.pic,Margaret holds a BA in English literature from Concordia College and an MA from the American Institute of Culinary Arts. She was temporarily assigned to the London office before returning to her permanent post in Seattle.,Speedy Express,(503) 555-9831,28,Gai pâturage,Eliane Noz,"Bat. B 3, rue des Alpes",Annecy,74000,France,38.76.98.06
486,10431,17,50,Alice Mutton,7,6,20 - 1 kg tins,39.0,6,Meat/Poultry,Prepared meats,10,4,1997-01-30,2,Bottom-Dollar Marketse,Elizabeth Lincoln,23 Tsawassen Blvd.,Tsawassen,T2F 8M4,Canada,Peacock,Margaret,1958-09-19,EmpID4.pic,Margaret holds a BA in English literature from Concordia College and an MA from the American Institute of Culinary Arts. She was temporarily assigned to the London office before returning to her permanent post in Seattle.,United Package,(503) 555-3199,7,"Pavlova, Ltd.",Ian Devling,74 Rose St. Moonie Ponds,Melbourne,3058,Australia,(03) 444-2343
487,10431,40,50,Boston Crab Meat,19,8,24 - 4 oz tins,18.4,8,Seafood,Seaweed and fish,10,4,1997-01-30,2,Bottom-Dollar Marketse,Elizabeth Lincoln,23 Tsawassen Blvd.,Tsawassen,T2F 8M4,Canada,Peacock,Margaret,1958-09-19,EmpID4.pic,Margaret holds a BA in English literature from Concordia College and an MA from the American Institute of Culinary Arts. She was temporarily assigned to the London office before returning to her permanent post in Seattle.,United Package,(503) 555-3199,19,New England Seafood Cannery,Robb Merchant,Order Processing Dept. 2100 Paul Revere Blvd.,Boston,02134,USA,(617) 555-3267
488,10431,47,30,Zaanse koeken,22,3,10 - 4 oz boxes,9.5,3,Confections,"Desserts, candies, and sweet breads",10,4,1997-01-30,2,Bottom-Dollar Marketse,Elizabeth Lincoln,23 Tsawassen Blvd.,Tsawassen,T2F 8M4,Canada,Peacock,Margaret,1958-09-19,EmpID4.pic,Margaret holds a BA in English literature from Concordia College and an MA from the American Institute of Culinary Arts. She was temporarily assigned to the London office before returning to her permanent post in Seattle.,United Package,(503) 555-3199,22,Zaanse Snoepfabriek,Dirk Luchte,Verkoop Rijnweg 22,Zaandam,9999 ZZ,Netherlands,(12345) 1212
489,10432,26,10,Gumbär Gummibärchen,11,3,100 - 250 g bags,31.23,3,Confections,"Desserts, candies, and sweet breads",75,3,1997-01-31,2,Split Rail Beer & Ale,Art Braunschweiger,P.O. Box 555,Lander,82520,USA,Leverling,Janet,1963-08-30,EmpID3.pic,Janet has a BS degree in chemistry from Boston College). She has also completed a certificate program in food retailing management. Janet was hired as a sales associate and was promoted to sales representative.,United Package,(503) 555-3199,11,Heli Süßwaren GmbH & Co. KG,Petra Winkler,Tiergartenstraße 5,Berlin,10785,Germany,(010) 9984510
490,10432,54,40,Tourtière,25,6,16 pies,7.45,6,Meat/Poultry,Prepared meats,75,3,1997-01-31,2,Split Rail Beer & Ale,Art Braunschweiger,P.O. Box 555,Lander,82520,USA,Leverling,Janet,1963-08-30,EmpID3.pic,Janet has a BS degree in chemistry from Boston College). She has also completed a certificate program in food retailing management. Janet was hired as a sales associate and was promoted to sales representative.,United Package,(503) 555-3199,25,Ma Maison,Jean-Guy Lauzon,2960 Rue St. Laurent,Montréal,H1J 1C3,Canada,(514) 555-9022
491,10433,56,28,Gnocchi di nonna Alice,26,5,24 - 250 g pkgs.,38.0,5,Grains/Cereals,"Breads, crackers, pasta, and cereal",60,3,1997-02-03,3,Princesa Isabel Vinhoss,Isabel de Castro,Estrada da saúde n. 58,Lisboa,1756,Portugal,Leverling,Janet,1963-08-30,EmpID3.pic,Janet has a BS degree in chemistry from Boston College). She has also completed a certificate program in food retailing management. Janet was hired as a sales associate and was promoted to sales representative.,Federal Shipping,(503) 555-9931,26,Pasta Buttini s.r.l.,Giovanni Giudici,"Via dei Gelsomini, 153",Salerno,84100,Italy,(089) 6547665
492,10434,11,6,Queso Cabrales,5,4,1 kg pkg.,21.0,4,Dairy Products,Cheeses,24,3,1997-02-03,2,Folk och fä HB,Maria Larsson,Åkergatan 24,Bräcke,S-844 67,Sweden,Leverling,Janet,1963-08-30,EmpID3.pic,Janet has a BS degree in chemistry from Boston College). She has also completed a certificate program in food retailing management. Janet was hired as a sales associate and was promoted to sales representative.,United Package,(503) 555-3199,5,Cooperativa de Quesos 'Las Cabras',Antonio del Valle Saavedra,Calle del Rosal 4,Oviedo,33007,Spain,(98) 598 76 54
493,10434,76,18,Lakkalikööri,23,1,500 ml,18.0,1,Beverages,"Soft drinks, coffees, teas, beers, and ales",24,3,1997-02-03,2,Folk och fä HB,Maria Larsson,Åkergatan 24,Bräcke,S-844 67,Sweden,Leverling,Janet,1963-08-30,EmpID3.pic,Janet has a BS degree in chemistry from Boston College). She has also completed a certificate program in food retailing management. Janet was hired as a sales associate and was promoted to sales representative.,United Package,(503) 555-3199,23,Karkki Oy,Anne Heikkonen,Valtakatu 12,Lappeenranta,53120,Finland,(953) 10956
494,10435,2,10,Chang,1,1,24 - 12 oz bottles,19.0,1,Beverages,"Soft drinks, coffees, teas, beers, and ales",16,8,1997-02-04,2,Consolidated Holdings,Elizabeth Brown,Berkeley Gardens 12 Brewery,London,WX1 6LT,UK,Callahan,Laura,1958-01-09,EmpID8.pic,Laura received a BA in psychology from the University of Washington. She has also completed a course in business French. She reads and writes French.,United Package,(503) 555-3199,1,Exotic Liquid,Charlotte Cooper,49 Gilbert St.,Londona,EC1 4SD,UK,(171) 555-2222
495,10435,22,12,Gustaf's Knäckebröd,9,5,24 - 500 g pkgs.,21.0,5,Grains/Cereals,"Breads, crackers, pasta, and cereal",16,8,1997-02-04,2,Consolidated Holdings,Elizabeth Brown,Berkeley Gardens 12 Brewery,London,WX1 6LT,UK,Callahan,Laura,1958-01-09,EmpID8.pic,Laura received a BA in psychology from the University of Washington. She has also completed a course in business French. She reads and writes French.,United Package,(503) 555-3199,9,PB Knäckebröd AB,Lars Peterson,Kaloadagatan 13,Göteborg,S-345 67,Sweden,031-987 65 43
496,10435,72,10,Mozzarella di Giovanni,14,4,24 - 200 g pkgs.,34.8,4,Dairy Products,Cheeses,16,8,1997-02-04,2,Consolidated Holdings,Elizabeth Brown,Berkeley Gardens 12 Brewery,London,WX1 6LT,UK,Callahan,Laura,1958-01-09,EmpID8.pic,Laura received a BA in psychology from the University of Washington. She has also completed a course in business French. She reads and writes French.,United Package,(503) 555-3199,14,Formaggi Fortini s.r.l.,Elio Rossi,"Viale Dante, 75",Ravenna,48100,Italy,(0544) 60323
497,10436,46,5,Spegesild,21,8,4 - 450 g glasses,12.0,8,Seafood,Seaweed and fish,7,3,1997-02-05,2,Blondel père et fils,Frédérique Citeaux,"24, place Kléber",Strasbourg,67000,France,Leverling,Janet,1963-08-30,EmpID3.pic,Janet has a BS degree in chemistry from Boston College). She has also completed a certificate program in food retailing management. Janet was hired as a sales associate and was promoted to sales representative.,United Package,(503) 555-3199,21,Lyngbysild,Niels Petersen,Lyngbysild Fiskebakken 10,Lyngby,2800,Denmark,43844108
498,10436,56,40,Gnocchi di nonna Alice,26,5,24 - 250 g pkgs.,38.0,5,Grains/Cereals,"Breads, crackers, pasta, and cereal",7,3,1997-02-05,2,Blondel père et fils,Frédérique Citeaux,"24, place Kléber",Strasbourg,67000,France,Leverling,Janet,1963-08-30,EmpID3.pic,Janet has a BS degree in chemistry from Boston College). She has also completed a certificate program in food retailing management. Janet was hired as a sales associate and was promoted to sales representative.,United Package,(503) 555-3199,26,Pasta Buttini s.r.l.,Giovanni Giudici,"Via dei Gelsomini, 153",Salerno,84100,Italy,(089) 6547665
499,10436,64,30,Wimmers gute Semmelknödel,12,5,20 bags x 4 pieces,33.25,5,Grains/Cereals,"Breads, crackers, pasta, and cereal",7,3,1997-02-05,2,Blondel père et fils,Frédérique Citeaux,"24, place Kléber",Strasbourg,67000,France,Leverling,Janet,1963-08-30,EmpID3.pic,Janet has a BS degree in chemistry from Boston College). She has also completed a certificate program in food retailing management. Janet was hired as a sales associate and was promoted to sales representative.,United Package,(503) 555-3199,12,Plutzer Lebensmittelgroßmärkte AG,Martin Bein,Bogenallee 51,Frankfurt,60439,Germany,(069) 992755
500,10436,75,24,Rhönbräu Klosterbier,12,1,24 - 0.5 l bottles,7.75,1,Beverages,"Soft drinks, coffees, teas, beers, and ales",7,3,1997-02-05,2,Blondel père et fils,Frédérique Citeaux,"24, place Kléber",Strasbourg,67000,France,Leverling,Janet,1963-08-30,EmpID3.pic,Janet has a BS degree in chemistry from Boston College). She has also completed a certificate program in food retailing management. Janet was hired as a sales associate and was promoted to sales representative.,United Package,(503) 555-3199,12,Plutzer Lebensmittelgroßmärkte AG,Martin Bein,Bogenallee 51,Frankfurt,60439,Germany,(069) 992755
501,10437,53,15,Perth Pasties,24,6,48 pieces,32.8,6,Meat/Poultry,Prepared meats,87,8,1997-02-05,1,Wartian Herkku,Pirkko Koskitalo,Torikatu 38,Oulu,90110,Finland,Callahan,Laura,1958-01-09,EmpID8.pic,Laura received a BA in psychology from the University of Washington. She has also completed a course in business French. She reads and writes French.,Speedy Express,(503) 555-9831,24,"G'day, Mate",Wendy Mackenzie,170 Prince Edward Parade Hunter's Hill,Sydney,2042,Australia,(02) 555-5914
502,10438,19,15,Teatime Chocolate Biscuits,8,3,10 boxes x 12 pieces,9.2,3,Confections,"Desserts, candies, and sweet breads",79,3,1997-02-06,2,Toms Spezialitäten,Karin Josephs,Luisenstr. 48,Münster,44087,Germany,Leverling,Janet,1963-08-30,EmpID3.pic,Janet has a BS degree in chemistry from Boston College). She has also completed a certificate program in food retailing management. Janet was hired as a sales associate and was promoted to sales representative.,United Package,(503) 555-3199,8,"Specialty Biscuits, Ltd.",Peter Wilson,29 King's Way,Manchester,M14 GSD,UK,(161) 555-4448
503,10438,34,20,Sasquatch Ale,16,1,24 - 12 oz bottles,14.0,1,Beverages,"Soft drinks, coffees, teas, beers, and ales",79,3,1997-02-06,2,Toms Spezialitäten,Karin Josephs,Luisenstr. 48,Münster,44087,Germany,Leverling,Janet,1963-08-30,EmpID3.pic,Janet has a BS degree in chemistry from Boston College). She has also completed a certificate program in food retailing management. Janet was hired as a sales associate and was promoted to sales representative.,United Package,(503) 555-3199,16,Bigfoot Breweries,Cheryl Saylor,3400 - 8th Avenue Suite 210,Bend,97101,USA,(503) 555-9931
504,10438,57,15,Ravioli Angelo,26,5,24 - 250 g pkgs.,19.5,5,Grains/Cereals,"Breads, crackers, pasta, and cereal",79,3,1997-02-06,2,Toms Spezialitäten,Karin Josephs,Luisenstr. 48,Münster,44087,Germany,Leverling,Janet,1963-08-30,EmpID3.pic,Janet has a BS degree in chemistry from Boston College). She has also completed a certificate program in food retailing management. Janet was hired as a sales associate and was promoted to sales representative.,United Package,(503) 555-3199,26,Pasta Buttini s.r.l.,Giovanni Giudici,"Via dei Gelsomini, 153",Salerno,84100,Italy,(089) 6547665
505,10439,12,15,Queso Manchego La Pastora,5,4,10 - 500 g pkgs.,38.0,4,Dairy Products,Cheeses,51,6,1997-02-07,3,Mère Paillarde,Jean Fresnière,43 rue St. Laurent,Montréal,H1J 1C3,Canada,Suyama,Michael,1963-07-02,EmpID6.pic,"Michael is a graduate of Sussex University (MA, economics) and the University of California at Los Angeles (MBA, marketing). He has also taken the courses 'Multi-Cultural Selling' and 'Time Management for the Sales Professional'. He is fluent in Japanese and can read and write French, Portuguese, and Spanish.",Federal Shipping,(503) 555-9931,5,Cooperativa de Quesos 'Las Cabras',Antonio del Valle Saavedra,Calle del Rosal 4,Oviedo,33007,Spain,(98) 598 76 54
506,10439,16,16,Pavlova,7,3,32 - 500 g boxes,17.45,3,Confections,"Desserts, candies, and sweet breads",51,6,1997-02-07,3,Mère Paillarde,Jean Fresnière,43 rue St. Laurent,Montréal,H1J 1C3,Canada,Suyama,Michael,1963-07-02,EmpID6.pic,"Michael is a graduate of Sussex University (MA, economics) and the University of California at Los Angeles (MBA, marketing). He has also taken the courses 'Multi-Cultural Selling' and 'Time Management for the Sales Professional'. He is fluent in Japanese and can read and write French, Portuguese, and Spanish.",Federal Shipping,(503) 555-9931,7,"Pavlova, Ltd.",Ian Devling,74 Rose St. Moonie Ponds,Melbourne,3058,Australia,(03) 444-2343
507,10439,64,6,Wimmers gute Semmelknödel,12,5,20 bags x 4 pieces,33.25,5,Grains/Cereals,"Breads, crackers, pasta, and cereal",51,6,1997-02-07,3,Mère Paillarde,Jean Fresnière,43 rue St. Laurent,Montréal,H1J 1C3,Canada,Suyama,Michael,1963-07-02,EmpID6.pic,"Michael is a graduate of Sussex University (MA, economics) and the University of California at Los Angeles (MBA, marketing). He has also taken the courses 'Multi-Cultural Selling' and 'Time Management for the Sales Professional'. He is fluent in Japanese and can read and write French, Portuguese, and Spanish.",Federal Shipping,(503) 555-9931,12,Plutzer Lebensmittelgroßmärkte AG,Martin Bein,Bogenallee 51,Frankfurt,60439,Germany,(069) 992755
508,10439,74,30,Longlife Tofu,4,7,5 kg pkg.,10.0,7,Produce,Dried fruit and bean curd,51,6,1997-02-07,3,Mère Paillarde,Jean Fresnière,43 rue St. Laurent,Montréal,H1J 1C3,Canada,Suyama,Michael,1963-07-02,EmpID6.pic,"Michael is a graduate of Sussex University (MA, economics) and the University of California at Los Angeles (MBA, marketing). He has also taken the courses 'Multi-Cultural Selling' and 'Time Management for the Sales Professional'. He is fluent in Japanese and can read and write French, Portuguese, and Spanish.",Federal Shipping,(503) 555-9931,4,Tokyo Traders,Yoshi Nagase,9-8 Sekimai Musashino-shi,Tokyo,100,Japan,(03) 3555-5011
509,10440,2,45,Chang,1,1,24 - 12 oz bottles,19.0,1,Beverages,"Soft drinks, coffees, teas, beers, and ales",71,4,1997-02-10,2,Save-a-lot Markets,Jose Pavarotti,187 Suffolk Ln.,Boise,83720,USA,Peacock,Margaret,1958-09-19,EmpID4.pic,Margaret holds a BA in English literature from Concordia College and an MA from the American Institute of Culinary Arts. She was temporarily assigned to the London office before returning to her permanent post in Seattle.,United Package,(503) 555-3199,1,Exotic Liquid,Charlotte Cooper,49 Gilbert St.,Londona,EC1 4SD,UK,(171) 555-2222
510,10440,16,49,Pavlova,7,3,32 - 500 g boxes,17.45,3,Confections,"Desserts, candies, and sweet breads",71,4,1997-02-10,2,Save-a-lot Markets,Jose Pavarotti,187 Suffolk Ln.,Boise,83720,USA,Peacock,Margaret,1958-09-19,EmpID4.pic,Margaret holds a BA in English literature from Concordia College and an MA from the American Institute of Culinary Arts. She was temporarily assigned to the London office before returning to her permanent post in Seattle.,United Package,(503) 555-3199,7,"Pavlova, Ltd.",Ian Devling,74 Rose St. Moonie Ponds,Melbourne,3058,Australia,(03) 444-2343
511,10440,29,24,Thüringer Rostbratwurst,12,6,50 bags x 30 sausgs.,123.79,6,Meat/Poultry,Prepared meats,71,4,1997-02-10,2,Save-a-lot Markets,Jose Pavarotti,187 Suffolk Ln.,Boise,83720,USA,Peacock,Margaret,1958-09-19,EmpID4.pic,Margaret holds a BA in English literature from Concordia College and an MA from the American Institute of Culinary Arts. She was temporarily assigned to the London office before returning to her permanent post in Seattle.,United Package,(503) 555-3199,12,Plutzer Lebensmittelgroßmärkte AG,Martin Bein,Bogenallee 51,Frankfurt,60439,Germany,(069) 992755
512,10440,61,90,Sirop d'érable,29,2,24 - 500 ml bottles,28.5,2,Condiments,"Sweet and savory sauces, relishes, spreads, and seasonings",71,4,1997-02-10,2,Save-a-lot Markets,Jose Pavarotti,187 Suffolk Ln.,Boise,83720,USA,Peacock,Margaret,1958-09-19,EmpID4.pic,Margaret holds a BA in English literature from Concordia College and an MA from the American Institute of Culinary Arts. She was temporarily assigned to the London office before returning to her permanent post in Seattle.,United Package,(503) 555-3199,29,Forêts d'érables,Chantal Goulet,148 rue Chasseur,Ste-Hyacinthe,J2S 7S8,Canada,(514) 555-2955
513,10441,27,50,Schoggi Schokolade,11,3,100 - 100 g pieces,43.9,3,Confections,"Desserts, candies, and sweet breads",55,3,1997-02-10,2,Old World Delicatessen,Rene Phillips,2743 Bering St.,Anchorage,99508,USA,Leverling,Janet,1963-08-30,EmpID3.pic,Janet has a BS degree in chemistry from Boston College). She has also completed a certificate program in food retailing management. Janet was hired as a sales associate and was promoted to sales representative.,United Package,(503) 555-3199,11,Heli Süßwaren GmbH & Co. KG,Petra Winkler,Tiergartenstraße 5,Berlin,10785,Germany,(010) 9984510
514,10442,11,30,Queso Cabrales,5,4,1 kg pkg.,21.0,4,Dairy Products,Cheeses,20,3,1997-02-11,2,Ernst Handel,Roland Mendel,Kirchgasse 6,Graz,8010,Austria,Leverling,Janet,1963-08-30,EmpID3.pic,Janet has a BS degree in chemistry from Boston College). She has also completed a certificate program in food retailing management. Janet was hired as a sales associate and was promoted to sales representative.,United Package,(503) 555-3199,5,Cooperativa de Quesos 'Las Cabras',Antonio del Valle Saavedra,Calle del Rosal 4,Oviedo,33007,Spain,(98) 598 76 54
515,10442,54,80,Tourtière,25,6,16 pies,7.45,6,Meat/Poultry,Prepared meats,20,3,1997-02-11,2,Ernst Handel,Roland Mendel,Kirchgasse 6,Graz,8010,Austria,Leverling,Janet,1963-08-30,EmpID3.pic,Janet has a BS degree in chemistry from Boston College). She has also completed a certificate program in food retailing management. Janet was hired as a sales associate and was promoted to sales representative.,United Package,(503) 555-3199,25,Ma Maison,Jean-Guy Lauzon,2960 Rue St. Laurent,Montréal,H1J 1C3,Canada,(514) 555-9022
516,10442,66,60,Louisiana Hot Spiced Okra,2,2,24 - 8 oz jars,17.0,2,Condiments,"Sweet and savory sauces, relishes, spreads, and seasonings",20,3,1997-02-11,2,Ernst Handel,Roland Mendel,Kirchgasse 6,Graz,8010,Austria,Leverling,Janet,1963-08-30,EmpID3.pic,Janet has a BS degree in chemistry from Boston College). She has also completed a certificate program in food retailing management. Janet was hired as a sales associate and was promoted to sales representative.,United Package,(503) 555-3199,2,New Orleans Cajun Delights,Shelley Burke,P.O. Box 78934,New Orleans,70117,USA,(100) 555-4822
517,10443,11,6,Queso Cabrales,5,4,1 kg pkg.,21.0,4,Dairy Products,Cheeses,66,8,1997-02-12,1,Reggiani Caseifici,Maurizio Moroni,Strada Provinciale 124,Reggio Emilia,42100,Italy,Callahan,Laura,1958-01-09,EmpID8.pic,Laura received a BA in psychology from the University of Washington. She has also completed a course in business French. She reads and writes French.,Speedy Express,(503) 555-9831,5,Cooperativa de Quesos 'Las Cabras',Antonio del Valle Saavedra,Calle del Rosal 4,Oviedo,33007,Spain,(98) 598 76 54
518,10443,28,12,Rössle Sauerkraut,12,7,25 - 825 g cans,45.6,7,Produce,Dried fruit and bean curd,66,8,1997-02-12,1,Reggiani Caseifici,Maurizio Moroni,Strada Provinciale 124,Reggio Emilia,42100,Italy,Callahan,Laura,1958-01-09,EmpID8.pic,Laura received a BA in psychology from the University of Washington. She has also completed a course in business French. She reads and writes French.,Speedy Express,(503) 555-9831,12,Plutzer Lebensmittelgroßmärkte AG,Martin Bein,Bogenallee 51,Frankfurt,60439,Germany,(069) 992755
