birth_year,generation,country,education_level,occupation,employment_status,monthly_income_eur,age_first_job,months_to_first_job,housing_status,job_satisfaction,life_satisfaction,economic_anxiety
1983,Millennial,Poland,Medium,Healthcare,Unemployed,959.0,20,15,Own,4,10,9
1996,Millennial,Germany,Medium,Education,Employed,2381.0,20,10,Own,5,1,4
1973,Gen X,Sweden,High,Construction,Inactive,1821.0,25,30,With parents,1,10,3
1959,Baby Boomer,Germany,Low,Manufacturing,Employed,2312.0,23,32,Own,3,3,2
1987,Millennial,Germany,Medium,Manufacturing,Unemployed,2078.0,24,35,Own,5,6,4
1952,Baby Boomer,Poland,Low,Finance,Employed,1886.0,19,29,With parents,8,4,2
1965,Gen X,France,High,IT,Unemployed,1729.0,25,3,Rent,4,6,3
1983,Millennial,Italy,High,Unemployed,Employed,2843.0,16,24,Own,6,4,1
2002,Gen Z,Italy,Medium,IT,Employed,1864.0,20,33,Rent,4,9,7
1963,Baby Boomer,Czechia,Medium,Education,Employed,2180.0,19,16,With parents,5,8,6
1967,Gen X,Sweden,High,Finance,Employed,2367.0,20,32,Own,7,10,1
1955,Baby Boomer,Netherlands,Medium,Manufacturing,Employed,1548.0,26,29,With parents,8,6,9
1955,Baby Boomer,Sweden,Medium,Construction,Employed,2748.0,29,12,With parents,10,10,6
1968,Gen X,France,Medium,Construction,Employed,1337.0,24,11,With parents,10,8,5
1997,Gen Z,France,Medium,Unemployed,Inactive,2644.0,23,31,Own,8,7,1
1980,Gen X,Italy,Low,Construction,Employed,2562.0,26,22,With parents,7,5,10
1984,Millennial,Spain,High,Construction,Unemployed,2080.0,26,28,Rent,4,9,5
1968,Gen X,Germany,Medium,IT,Employed,1215.0,26,33,With parents,4,4,2
1947,Baby Boomer,Germany,Low,Manufacturing,Employed,2206.0,23,18,Own,2,4,7
1966,Gen X,Italy,High,Construction,Employed,1271.0,23,11,Own,9,10,6
1997,Gen Z,Sweden,Medium,Manufacturing,Employed,2099.0,16,3,Own,6,9,4
1946,Baby Boomer,France,Low,Finance,Employed,2910.0,27,24,Rent,3,4,3
1968,Gen X,Sweden,Medium,IT,Employed,2186.0,22,25,Own,3,4,5
1988,Millennial,Netherlands,High,Healthcare,Employed,3329.0,28,17,Rent,1,8,3
1974,Gen X,Spain,High,Healthcare,Employed,2466.0,19,29,With parents,2,6,9
1982,Millennial,Italy,High,Finance,Employed,2896.0,21,33,Rent,5,7,6
1946,Baby Boomer,Germany,High,IT,Unemployed,2845.0,19,32,With parents,9,4,10
2004,Gen Z,Poland,Low,Unemployed,Unemployed,3466.0,27,30,With parents,3,1,2
1965,Gen X,Sweden,Medium,Education,Unemployed,1025.0,20,30,With parents,7,4,7
1977,Gen X,France,High,Retail,Inactive,1729.0,20,12,Own,6,4,8
1956,Baby Boomer,Poland,Medium,Finance,Employed,2225.0,16,23,Rent,3,2,9
2002,Gen Z,Netherlands,Medium,Manufacturing,Employed,2921.0,21,4,Own,4,8,4
1966,Gen X,Italy,Medium,Finance,Inactive,2352.0,25,0,Own,5,5,1
1988,Millennial,Sweden,Medium,Retail,Employed,2194.0,23,33,Rent,2,9,8
1969,Gen X,Germany,High,Unemployed,Unemployed,3127.0,28,8,With parents,8,5,10
1993,Millennial,Sweden,Medium,Finance,Employed,1896.0,20,7,Rent,7,4,1
1971,Gen X,Spain,Medium,IT,Employed,1854.0,29,35,Own,9,3,5
2003,Gen Z,Czechia,High,Manufacturing,Employed,2669.0,25,28,Rent,8,10,2
1986,Millennial,Poland,Medium,Retail,Inactive,4355.0,28,34,With parents,7,10,8
1972,Gen X,Spain,Low,Construction,Unemployed,2182.0,27,4,Own,9,1,5
2004,Gen Z,Netherlands,Medium,Healthcare,Inactive,1618.0,21,9,Rent,10,7,6
1960,Baby Boomer,Germany,High,Education,Employed,1690.0,20,9,With parents,5,9,7
1959,Baby Boomer,Poland,High,Finance,Employed,1871.0,16,10,Own,3,2,4
1991,Millennial,Netherlands,High,Finance,Employed,3393.0,20,7,Own,6,4,5
1995,Millennial,Spain,High,Retail,Inactive,1871.0,17,3,With parents,9,8,9
1988,Millennial,Spain,Medium,Education,Employed,2474.0,19,17,Rent,6,9,6
1999,Gen Z,Czechia,High,Finance,Employed,2117.0,17,19,With parents,3,9,8
1996,Millennial,Poland,High,Unemployed,Employed,1018.0,23,2,Own,2,6,4
2001,Gen Z,Germany,Low,Healthcare,Employed,1905.0,29,14,With parents,5,2,4
1947,Baby Boomer,Spain,Low,Retail,Employed,0.0,28,7,Own,8,1,8
1981,Millennial,Italy,High,IT,Employed,2358.0,28,5,With parents,8,4,3
1995,Millennial,Czechia,High,Manufacturing,Employed,2641.0,22,35,Rent,1,6,5
1951,Baby Boomer,Netherlands,High,Healthcare,Inactive,1439.0,24,19,With parents,3,2,3
1965,Gen X,Poland,High,Education,Employed,1712.0,19,31,Own,5,6,1
1953,Baby Boomer,France,Medium,Education,Employed,994.0,20,5,Rent,1,1,3
1983,Millennial,France,Medium,Healthcare,Employed,205.0,24,15,Own,6,6,6
1962,Baby Boomer,Germany,Medium,Construction,Inactive,844.0,24,1,Rent,4,5,6
1948,Baby Boomer,Italy,Low,IT,Employed,2787.0,17,17,Own,9,2,7
1969,Gen X,Spain,High,Finance,Employed,1917.0,27,25,Own,2,4,3
2004,Gen Z,France,Medium,IT,Employed,2388.0,26,19,Own,10,9,9
1958,Baby Boomer,Germany,Medium,Finance,Employed,4037.0,29,15,Rent,5,2,10
1994,Millennial,Netherlands,Medium,Finance,Inactive,3099.0,16,20,Own,5,5,9
2002,Gen Z,Czechia,Medium,Education,Inactive,2685.0,18,13,With parents,6,3,2
1953,Baby Boomer,Italy,Low,Finance,Employed,1764.0,25,17,Own,5,2,8
1970,Gen X,Italy,Medium,Healthcare,Employed,3603.0,16,7,Own,10,10,2
1997,Gen Z,Sweden,Low,Construction,Employed,3312.0,21,4,Rent,10,8,2
1946,Baby Boomer,Germany,Low,Finance,Employed,3004.0,23,23,Own,9,10,6
1964,Baby Boomer,Germany,High,Healthcare,Unemployed,2196.0,19,28,Own,1,9,8
1972,Gen X,Sweden,Low,Manufacturing,Employed,1368.0,26,8,Own,8,6,1
1991,Millennial,Czechia,Medium,Education,Employed,3566.0,19,17,Own,6,5,8
2004,Gen Z,Spain,Medium,Unemployed,Inactive,2983.0,26,17,Own,9,7,8
1951,Baby Boomer,Germany,Medium,IT,Employed,2017.0,25,27,With parents,10,3,4
1988,Millennial,Sweden,Low,Retail,Employed,1951.0,16,9,With parents,7,6,6
1952,Baby Boomer,Spain,High,IT,Employed,1101.0,24,19,Rent,3,7,2
1991,Millennial,Czechia,High,IT,Employed,2884.0,25,22,Rent,8,1,1
1979,Gen X,Spain,Low,Construction,Unemployed,2353.0,23,19,With parents,10,4,7
1958,Baby Boomer,Poland,Medium,Unemployed,Employed,2558.0,29,22,Rent,3,7,7
1961,Baby Boomer,Italy,High,Retail,Employed,3037.0,29,4,With parents,3,10,3
1980,Gen X,Netherlands,High,Construction,Employed,2850.0,28,26,With parents,4,6,3
1994,Millennial,Italy,Medium,Unemployed,Employed,1413.0,18,8,Rent,3,10,10
1984,Millennial,Italy,Low,Education,Inactive,2220.0,29,35,Rent,6,2,1
1948,Baby Boomer,Poland,Medium,Finance,Employed,2572.0,29,2,Own,7,8,1
1946,Baby Boomer,Spain,Medium,Manufacturing,Inactive,2639.0,18,35,With parents,3,7,2
1950,Baby Boomer,Spain,Low,IT,Inactive,769.0,28,34,With parents,3,2,10
1998,Gen Z,Germany,Medium,Construction,Inactive,1295.0,25,35,With parents,7,9,3
1986,Millennial,Poland,Medium,Finance,Inactive,2792.0,19,28,Rent,10,6,4
1948,Baby Boomer,Germany,Medium,IT,Employed,2778.0,19,32,With parents,9,2,8
1998,Gen Z,Poland,High,Education,Inactive,3649.0,17,25,With parents,3,5,5
1973,Gen X,Germany,High,Education,Employed,805.0,19,7,Rent,6,1,2
1962,Baby Boomer,France,Medium,Healthcare,Employed,3008.0,17,8,With parents,5,2,7
1970,Gen X,Sweden,High,Education,Employed,2539.0,26,21,With parents,8,9,8
1988,Millennial,Italy,Low,Unemployed,Employed,1254.0,26,4,Own,9,10,3
1978,Gen X,Italy,High,Education,Employed,609.0,22,35,Own,8,1,6
1954,Baby Boomer,Czechia,Low,IT,Employed,3047.0,20,31,Own,1,4,10
1980,Gen X,Netherlands,Low,Manufacturing,Employed,1315.0,22,29,With parents,7,9,8
1958,Baby Boomer,Sweden,Medium,Construction,Employed,1017.0,21,16,Own,8,4,10
1975,Gen X,Spain,Medium,IT,Employed,2608.0,17,29,Rent,5,10,6
1992,Millennial,Netherlands,High,Construction,Unemployed,2191.0,29,8,Own,4,1,10
1959,Baby Boomer,France,Medium,Finance,Employed,2717.0,27,3,Rent,7,5,6
1952,Baby Boomer,Czechia,Medium,Construction,Employed,2588.0,17,11,Rent,6,6,8
1958,Baby Boomer,Netherlands,Medium,Education,Employed,5211.0,16,34,Rent,2,1,1
1967,Gen X,Czechia,Medium,Healthcare,Employed,2851.0,28,19,With parents,9,8,2
2004,Gen Z,Italy,Medium,Manufacturing,Employed,2794.0,16,16,Rent,3,1,3
2001,Gen Z,Spain,Medium,Healthcare,Employed,1406.0,28,21,With parents,1,6,7
1984,Millennial,France,High,Retail,Employed,3606.0,20,6,Rent,3,9,1
1965,Gen X,Italy,High,Healthcare,Employed,1745.0,20,7,With parents,1,3,4
1960,Baby Boomer,Sweden,High,Unemployed,Employed,1381.0,22,8,Rent,10,5,3
1989,Millennial,Germany,Medium,Healthcare,Inactive,2010.0,16,5,Rent,7,1,8
1962,Baby Boomer,Poland,High,Finance,Employed,2596.0,20,18,With parents,6,1,7
1991,Millennial,France,Medium,Education,Unemployed,1784.0,17,21,Own,8,2,1
1997,Gen Z,Spain,Medium,Unemployed,Unemployed,1411.0,25,19,Rent,4,6,9
1968,Gen X,Czechia,Medium,Finance,Employed,1392.0,16,19,Rent,6,7,4
1970,Gen X,Netherlands,High,Education,Inactive,2385.0,22,26,Own,3,5,7
1969,Gen X,Sweden,High,Unemployed,Unemployed,2704.0,18,26,Rent,4,1,6
2004,Gen Z,Netherlands,High,Finance,Employed,2778.0,26,6,With parents,6,1,3
2004,Gen Z,France,High,Education,Employed,800.0,24,23,With parents,5,1,6
2004,Gen Z,Sweden,High,Unemployed,Employed,1452.0,20,7,Rent,2,3,7
1989,Millennial,Spain,High,Unemployed,Employed,3038.0,20,2,Rent,9,4,5
1985,Millennial,France,Medium,Unemployed,Employed,1818.0,20,10,With parents,2,8,10
1973,Gen X,Spain,Medium,Construction,Unemployed,2382.0,24,35,Own,8,9,4
1959,Baby Boomer,Netherlands,Medium,Education,Inactive,4564.0,28,1,Rent,5,5,6
1989,Millennial,Italy,Low,Unemployed,Employed,171.0,25,0,With parents,7,4,10
1945,Baby Boomer,Sweden,Medium,Education,Unemployed,2084.0,28,6,Own,6,10,8
1969,Gen X,Germany,Medium,Healthcare,Unemployed,2837.0,16,23,Rent,2,9,7
1951,Baby Boomer,Italy,Medium,Retail,Employed,1316.0,20,11,Rent,4,6,3
1953,Baby Boomer,Germany,High,Education,Employed,2079.0,25,7,Own,9,3,2
1968,Gen X,Netherlands,High,Retail,Employed,1120.0,21,12,Rent,7,7,10
1945,Baby Boomer,Czechia,Low,Retail,Unemployed,2720.0,24,5,Rent,1,9,5
1988,Millennial,Sweden,Medium,IT,Unemployed,1596.0,18,23,With parents,4,10,9
1952,Baby Boomer,Italy,Medium,IT,Employed,1812.0,16,23,Own,10,2,10
1968,Gen X,Italy,Medium,Manufacturing,Employed,3007.0,27,6,Rent,3,9,5
1955,Baby Boomer,France,High,Construction,Unemployed,2700.0,26,9,With parents,1,2,10
1995,Millennial,Poland,Medium,Unemployed,Unemployed,3076.0,26,29,Rent,5,5,1
1961,Baby Boomer,Netherlands,Medium,Unemployed,Employed,3782.0,23,23,With parents,9,1,9
1952,Baby Boomer,Spain,High,Unemployed,Employed,2266.0,24,26,Rent,4,2,2
1979,Gen X,Netherlands,High,Finance,Inactive,4105.0,27,29,Rent,2,7,2
1979,Gen X,Spain,Low,IT,Employed,2374.0,26,14,Rent,7,4,6
1977,Gen X,Sweden,High,Education,Employed,3386.0,21,1,Rent,8,7,3
2003,Gen Z,Spain,Medium,Retail,Unemployed,2174.0,20,7,Rent,2,4,5
1949,Baby Boomer,Czechia,Medium,Finance,Employed,2956.0,27,16,Own,10,1,5
1986,Millennial,Germany,Low,Unemployed,Inactive,1816.0,23,12,Own,9,6,3
1983,Millennial,Spain,Medium,Manufacturing,Employed,3405.0,27,17,Own,10,9,8
2002,Gen Z,Spain,Medium,Unemployed,Employed,3236.0,21,20,With parents,8,6,3
1985,Millennial,France,Medium,IT,Employed,2008.0,21,35,Own,4,7,6
1972,Gen X,Italy,Medium,Healthcare,Employed,2341.0,24,11,Rent,4,7,10
1951,Baby Boomer,Netherlands,High,Construction,Employed,1350.0,24,1,Rent,5,1,5
1953,Baby Boomer,Netherlands,Low,Finance,Employed,3037.0,16,19,Own,1,2,7
1952,Baby Boomer,Sweden,Low,Manufacturing,Employed,2957.0,27,22,With parents,7,1,6
1956,Baby Boomer,Sweden,High,Education,Inactive,1091.0,17,20,Rent,4,1,9
1978,Gen X,Czechia,Low,Finance,Employed,4154.0,16,30,With parents,1,8,2
1977,Gen X,Spain,High,Retail,Employed,2558.0,17,15,Rent,4,4,10
1992,Millennial,Poland,Medium,Education,Employed,1991.0,18,12,With parents,4,10,6
1999,Gen Z,Netherlands,Medium,Education,Employed,3279.0,28,3,With parents,1,8,10
1967,Gen X,Sweden,Low,Finance,Employed,1730.0,29,1,With parents,9,5,10
1968,Gen X,Spain,Low,Unemployed,Employed,3376.0,28,0,Rent,8,1,5
1981,Millennial,Sweden,Low,Healthcare,Inactive,1141.0,17,25,Rent,9,9,9
1979,Gen X,Czechia,Low,Healthcare,Employed,2000.0,21,29,Own,7,3,2
1988,Millennial,Germany,Medium,Unemployed,Employed,2121.0,19,19,With parents,5,7,8
1984,Millennial,Germany,Low,Finance,Employed,1710.0,20,24,With parents,7,7,7
1966,Gen X,Sweden,Medium,Unemployed,Employed,1537.0,25,18,Rent,2,10,1
1971,Gen X,Germany,Medium,Finance,Employed,1762.0,24,26,With parents,10,10,3
1979,Gen X,Sweden,Medium,Finance,Unemployed,1721.0,17,9,With parents,7,4,4
1945,Baby Boomer,Spain,Low,Construction,Employed,1778.0,18,16,Rent,4,8,8
1979,Gen X,France,Low,Construction,Employed,3491.0,29,1,Rent,5,8,2
1981,Millennial,Poland,Low,Retail,Employed,2590.0,25,16,Rent,7,2,8
1991,Millennial,Spain,High,IT,Inactive,2121.0,16,6,Rent,2,8,2
1958,Baby Boomer,France,Medium,Education,Employed,2888.0,17,15,Rent,5,5,3
1947,Baby Boomer,France,High,Finance,Employed,2114.0,16,26,Rent,2,2,8
1945,Baby Boomer,Netherlands,Medium,Construction,Employed,1485.0,29,0,With parents,10,6,9
1949,Baby Boomer,Spain,Medium,IT,Unemployed,755.0,24,21,Rent,6,8,5
1970,Gen X,Spain,Medium,Retail,Employed,3090.0,18,21,Own,10,4,4
1999,Gen Z,Sweden,High,Education,Employed,197.0,18,26,With parents,8,10,3
1958,Baby Boomer,France,Medium,IT,Unemployed,842.0,28,15,Own,7,9,3
1983,Millennial,France,Low,Education,Employed,2654.0,22,35,Rent,5,8,9
1971,Gen X,France,Medium,Unemployed,Employed,2184.0,16,15,Rent,3,7,4
1953,Baby Boomer,Sweden,Medium,Healthcare,Employed,3513.0,24,23,With parents,4,7,2
1959,Baby Boomer,Netherlands,Medium,Finance,Unemployed,1620.0,22,34,Rent,2,8,4
1959,Baby Boomer,Spain,Medium,Unemployed,Employed,2892.0,24,32,With parents,6,7,3
1970,Gen X,France,Medium,Healthcare,Employed,2041.0,23,16,With parents,8,1,5
1986,Millennial,Germany,Medium,Manufacturing,Inactive,2694.0,20,4,Rent,8,5,4
2004,Gen Z,Spain,Medium,Retail,Employed,2353.0,27,34,With parents,9,2,2
1957,Baby Boomer,Sweden,High,Finance,Employed,2654.0,18,18,With parents,5,5,10
1995,Millennial,Netherlands,High,Unemployed,Unemployed,2393.0,26,33,With parents,10,5,1
1976,Gen X,Germany,Medium,IT,Employed,2464.0,24,31,Rent,6,6,1
1983,Millennial,Sweden,Medium,Education,Employed,1220.0,20,24,With parents,2,6,1
1993,Millennial,Italy,High,Construction,Employed,2268.0,24,21,Own,10,6,3
1996,Millennial,Spain,Medium,Manufacturing,Employed,2742.0,18,26,With parents,4,7,2
1976,Gen X,Italy,Medium,Retail,Inactive,2154.0,21,32,With parents,3,2,4
1948,Baby Boomer,Sweden,High,Retail,Employed,2108.0,28,7,Rent,9,4,3
1974,Gen X,Sweden,Medium,Retail,Employed,505.0,17,29,With parents,6,5,7
1981,Millennial,Sweden,Low,IT,Inactive,3581.0,18,25,Rent,6,10,8
1967,Gen X,France,High,Unemployed,Employed,969.0,17,14,With parents,4,7,5
1983,Millennial,Netherlands,Low,Finance,Employed,1644.0,27,35,Own,6,2,6
1989,Millennial,France,High,Healthcare,Employed,1490.0,17,11,Rent,1,8,7
1959,Baby Boomer,Netherlands,High,Manufacturing,Employed,2467.0,20,11,Own,9,2,9
1987,Millennial,Poland,High,Unemployed,Employed,2508.0,25,3,With parents,3,5,1
1973,Gen X,France,Low,IT,Employed,2793.0,19,2,Own,5,9,2
1980,Gen X,Italy,Medium,Education,Employed,2833.0,26,31,With parents,7,2,1
1957,Baby Boomer,Netherlands,Medium,IT,Employed,3751.0,19,25,With parents,2,2,9
1976,Gen X,France,Medium,Education,Employed,1925.0,28,3,With parents,4,2,2
1951,Baby Boomer,Spain,Low,Education,Employed,1452.0,23,0,With parents,6,7,2
2003,Gen Z,Sweden,Medium,Retail,Employed,1989.0,29,4,With parents,1,5,5
1995,Millennial,Netherlands,Medium,IT,Employed,1205.0,21,1,With parents,6,9,9
1966,Gen X,Netherlands,Low,Healthcare,Employed,1889.0,25,10,Rent,5,4,3
1972,Gen X,France,Medium,Education,Employed,804.0,17,8,With parents,2,1,10
1946,Baby Boomer,Poland,High,Construction,Employed,1448.0,28,7,With parents,6,8,8
1986,Millennial,France,High,Retail,Employed,681.0,16,14,With parents,5,6,10
1989,Millennial,Czechia,High,Healthcare,Employed,3288.0,20,8,Own,1,9,1
2001,Gen Z,Italy,Medium,Unemployed,Employed,2300.0,22,29,Own,6,3,10
1997,Gen Z,Italy,High,Unemployed,Employed,3892.0,20,28,Rent,7,10,2
1950,Baby Boomer,Netherlands,High,Unemployed,Inactive,3200.0,27,24,Own,9,7,8
1972,Gen X,Netherlands,Medium,IT,Unemployed,3288.0,19,21,Rent,2,1,1
1972,Gen X,France,Low,Healthcare,Employed,2074.0,20,33,With parents,6,2,9
1988,Millennial,Italy,Medium,IT,Employed,2641.0,26,21,With parents,6,5,4
1988,Millennial,Italy,Medium,Education,Employed,1393.0,25,29,Rent,1,10,3
1964,Baby Boomer,Poland,Medium,Unemployed,Inactive,1721.0,23,9,Rent,8,2,3
1974,Gen X,Spain,Medium,Manufacturing,Inactive,2213.0,20,4,Rent,5,8,1
1955,Baby Boomer,Poland,High,Manufacturing,Employed,635.0,24,4,With parents,2,5,8
2002,Gen Z,Czechia,Medium,Unemployed,Unemployed,1744.0,25,1,Own,5,9,4
1999,Gen Z,Germany,Low,Finance,Employed,2914.0,22,29,With parents,4,3,1
1972,Gen X,Sweden,High,Finance,Employed,1759.0,26,21,Rent,7,6,5
1969,Gen X,Poland,Medium,Education,Unemployed,1537.0,28,12,With parents,10,4,10
1983,Millennial,Czechia,High,Healthcare,Employed,1854.0,29,24,With parents,8,7,8
1977,Gen X,France,Low,IT,Unemployed,2873.0,26,26,With parents,1,7,8
1945,Baby Boomer,Spain,High,Unemployed,Employed,2525.0,29,26,Own,1,5,10
2001,Gen Z,France,Low,Manufacturing,Employed,1997.0,17,20,Own,8,10,3
1971,Gen X,Sweden,Low,Unemployed,Employed,2216.0,24,30,With parents,4,5,4
2001,Gen Z,Czechia,Low,IT,Employed,2971.0,17,14,With parents,8,4,10
1996,Millennial,Germany,High,Education,Employed,3377.0,21,35,Rent,7,9,4
1957,Baby Boomer,Spain,High,Healthcare,Employed,1773.0,29,35,With parents,9,7,3
1985,Millennial,Netherlands,Medium,Construction,Employed,2126.0,23,0,Own,7,6,6
1947,Baby Boomer,Italy,High,IT,Employed,3320.0,17,10,Own,4,3,3
1983,Millennial,Poland,Medium,Unemployed,Unemployed,2671.0,21,4,With parents,5,5,6
1950,Baby Boomer,Czechia,Medium,Healthcare,Employed,937.0,20,33,Own,7,4,5
1952,Baby Boomer,France,High,Construction,Employed,1396.0,22,4,Own,2,5,2
1971,Gen X,Germany,Medium,Manufacturing,Employed,1424.0,25,19,Own,3,2,8
1953,Baby Boomer,Italy,Medium,IT,Employed,1826.0,28,12,With parents,3,5,7
1981,Millennial,Poland,High,Retail,Employed,2533.0,20,8,Rent,9,7,7
1977,Gen X,Italy,High,Manufacturing,Employed,3897.0,29,4,Own,2,10,6
1995,Millennial,Poland,High,Healthcare,Employed,2125.0,29,31,Rent,4,10,9
1986,Millennial,Czechia,High,Education,Employed,2794.0,18,29,With parents,8,3,4
1988,Millennial,Netherlands,Low,Retail,Employed,3220.0,21,27,Rent,1,4,5
1968,Gen X,Spain,High,Finance,Inactive,3538.0,22,27,Rent,9,1,9
1959,Baby Boomer,Czechia,Medium,IT,Employed,3221.0,16,5,Rent,6,9,3
2003,Gen Z,Italy,High,Unemployed,Unemployed,1528.0,23,28,With parents,4,3,3
1998,Gen Z,Italy,Medium,Finance,Employed,894.0,23,3,With parents,5,10,8
1976,Gen X,Italy,Medium,Manufacturing,Employed,1634.0,28,17,With parents,7,6,10
1976,Gen X,Spain,Medium,Unemployed,Employed,2352.0,19,14,With parents,8,1,6
1968,Gen X,Germany,Medium,IT,Inactive,1531.0,29,24,Own,5,5,2
1985,Millennial,Poland,Low,IT,Employed,737.0,29,3,With parents,7,10,3
1996,Millennial,Czechia,High,Retail,Employed,1106.0,23,13,Rent,3,5,8
1993,Millennial,Czechia,High,Retail,Employed,4906.0,18,16,Rent,2,5,5
1993,Millennial,Netherlands,Low,Retail,Employed,2003.0,28,33,With parents,2,1,2
2002,Gen Z,Italy,High,Retail,Inactive,3820.0,20,18,Own,10,7,3
1996,Millennial,Sweden,Medium,Education,Unemployed,1989.0,18,28,Own,3,5,2
1956,Baby Boomer,Czechia,Medium,Unemployed,Unemployed,2913.0,17,21,With parents,6,1,5
1983,Millennial,Spain,Medium,Unemployed,Employed,2071.0,20,13,Own,10,8,5
1946,Baby Boomer,Germany,High,Healthcare,Inactive,2207.0,23,35,Rent,1,6,9
1947,Baby Boomer,Czechia,High,Retail,Employed,2901.0,24,1,Own,3,7,6
1993,Millennial,Poland,Medium,Manufacturing,Employed,1838.0,20,6,Own,3,4,2
1981,Millennial,Spain,Medium,Unemployed,Unemployed,1125.0,18,27,With parents,2,1,1
1993,Millennial,Netherlands,Low,IT,Employed,1475.0,27,7,Rent,1,8,7
2000,Gen Z,Netherlands,Medium,Finance,Employed,1470.0,18,28,Own,1,1,7
1961,Baby Boomer,Poland,Low,Retail,Employed,2275.0,23,9,Own,1,9,10
2003,Gen Z,Italy,Low,Manufacturing,Employed,494.0,18,20,Rent,8,6,6
1993,Millennial,Netherlands,Medium,Education,Employed,2475.0,24,34,Own,6,5,2
1946,Baby Boomer,Germany,High,Manufacturing,Employed,3340.0,25,3,Rent,9,2,8
1946,Baby Boomer,Spain,Medium,Finance,Unemployed,1743.0,16,20,Own,3,8,4
1972,Gen X,Czechia,Low,Finance,Unemployed,1611.0,16,24,With parents,7,9,7
1998,Gen Z,Germany,Medium,Manufacturing,Inactive,3971.0,20,19,Own,6,3,8
1967,Gen X,Italy,High,Education,Employed,3525.0,19,6,Own,9,10,7
1981,Millennial,Germany,High,Unemployed,Unemployed,2585.0,18,6,Own,9,8,3
1976,Gen X,Germany,High,Finance,Unemployed,1527.0,16,31,Rent,9,10,8
1977,Gen X,France,Medium,Education,Employed,2725.0,22,31,Rent,7,5,4
1945,Baby Boomer,Germany,High,IT,Employed,1292.0,16,21,With parents,9,10,8
1963,Baby Boomer,Poland,Low,Retail,Employed,1009.0,21,24,With parents,7,4,5
1946,Baby Boomer,Spain,Medium,Finance,Employed,2607.0,25,5,With parents,9,10,9
1997,Gen Z,France,Medium,Manufacturing,Employed,1770.0,17,26,With parents,2,9,3
1988,Millennial,Spain,Medium,Unemployed,Employed,379.0,29,17,With parents,2,7,2
1970,Gen X,Spain,High,Healthcare,Employed,2728.0,19,11,Rent,7,4,4
1976,Gen X,Italy,High,Healthcare,Employed,3514.0,23,27,With parents,10,5,2
1950,Baby Boomer,Italy,Low,Construction,Employed,2794.0,18,18,Own,6,5,2
1976,Gen X,France,Low,IT,Unemployed,1751.0,24,16,With parents,6,2,1
1999,Gen Z,Netherlands,Medium,Healthcare,Unemployed,274.0,20,34,With parents,5,5,8
1948,Baby Boomer,Sweden,Medium,IT,Employed,2332.0,21,14,With parents,1,3,1
1999,Gen Z,Italy,Medium,Unemployed,Employed,1609.0,17,4,With parents,7,5,8
1955,Baby Boomer,Sweden,High,Retail,Employed,1389.0,16,35,Rent,2,1,9
2000,Gen Z,Italy,High,Construction,Employed,448.0,20,32,With parents,8,8,6
2003,Gen Z,Italy,Medium,IT,Employed,3889.0,16,20,Rent,10,9,7
1961,Baby Boomer,Spain,High,Education,Unemployed,1213.0,19,34,With parents,7,9,6
1982,Millennial,France,Medium,Education,Employed,561.0,23,26,Rent,2,8,1
1968,Gen X,Spain,Low,Construction,Unemployed,3725.0,29,29,With parents,2,2,1
1949,Baby Boomer,Czechia,Medium,Unemployed,Unemployed,2228.0,27,29,Own,10,2,1
1996,Millennial,Poland,Medium,Unemployed,Employed,2088.0,28,20,Rent,8,10,3
1978,Gen X,Spain,High,Education,Employed,2478.0,17,25,Rent,5,5,7
1950,Baby Boomer,Sweden,Low,Finance,Employed,2592.0,21,23,With parents,8,6,8
1966,Gen X,Sweden,Medium,Education,Employed,2392.0,27,21,Rent,1,5,1
1955,Baby Boomer,Poland,Medium,Education,Employed,844.0,25,25,Rent,9,1,6
1992,Millennial,Germany,High,Unemployed,Inactive,774.0,28,21,Rent,8,1,8
1960,Baby Boomer,Germany,Medium,Education,Unemployed,1544.0,29,32,Own,6,8,5
1977,Gen X,Poland,High,Education,Inactive,1741.0,20,23,With parents,8,5,2
1953,Baby Boomer,Poland,High,Finance,Employed,1876.0,16,4,Own,1,8,4
2004,Gen Z,Spain,Medium,Education,Employed,2406.0,23,23,Own,8,3,4
2003,Gen Z,Poland,Medium,Education,Employed,1948.0,20,34,With parents,1,5,4
1950,Baby Boomer,Czechia,High,Retail,Employed,1587.0,24,21,Own,4,2,8
1960,Baby Boomer,France,Medium,Unemployed,Employed,2555.0,17,32,Own,10,8,6
1973,Gen X,Germany,High,Unemployed,Employed,2842.0,21,16,Rent,3,1,9
1947,Baby Boomer,Germany,Low,Finance,Employed,1472.0,22,11,Rent,3,5,10
1964,Baby Boomer,Czechia,Low,Education,Inactive,969.0,16,29,With parents,10,7,1
2004,Gen Z,Netherlands,High,IT,Inactive,2362.0,29,25,With parents,9,10,1
2003,Gen Z,Czechia,High,Construction,Employed,1821.0,25,12,Own,8,5,2
1980,Gen X,Czechia,High,Unemployed,Inactive,2952.0,19,5,With parents,10,3,5
1963,Baby Boomer,Poland,Medium,Retail,Employed,1313.0,17,2,With parents,8,4,6
1970,Gen X,Italy,High,Finance,Employed,1115.0,22,10,Rent,7,9,3
1947,Baby Boomer,Italy,High,Healthcare,Unemployed,1630.0,18,9,Own,8,5,1
1963,Baby Boomer,Czechia,High,Manufacturing,Employed,2668.0,24,10,Rent,8,3,7
1964,Baby Boomer,Poland,Medium,Finance,Inactive,1884.0,23,15,Rent,10,7,1
1976,Gen X,France,Medium,Construction,Employed,2120.0,27,19,Rent,6,6,7
1951,Baby Boomer,Italy,High,Retail,Inactive,1754.0,25,18,Own,8,3,9
1996,Millennial,Netherlands,Medium,Education,Inactive,3114.0,28,8,Own,2,10,1
1985,Millennial,Sweden,Medium,Retail,Employed,2635.0,22,35,Own,7,3,8
1977,Gen X,Poland,Medium,Manufacturing,Employed,830.0,23,14,Rent,3,4,10
1984,Millennial,Czechia,Medium,Manufacturing,Employed,3011.0,16,22,With parents,8,10,9
1983,Millennial,France,Medium,Finance,Employed,2731.0,25,20,Own,5,3,8
1962,Baby Boomer,France,Low,Education,Employed,3176.0,27,4,With parents,5,6,1
1984,Millennial,Spain,High,Education,Unemployed,1724.0,21,21,Rent,3,1,4
1945,Baby Boomer,France,Medium,IT,Employed,1355.0,22,30,Own,1,1,10
1955,Baby Boomer,Italy,Medium,Manufacturing,Inactive,2126.0,22,14,With parents,2,7,4
1972,Gen X,Czechia,Low,Education,Unemployed,2347.0,28,27,Own,2,8,1
2001,Gen Z,Sweden,Low,Manufacturing,Employed,3267.0,29,14,Rent,7,4,7
1969,Gen X,Italy,Low,Unemployed,Employed,2773.0,24,18,Own,2,7,7
1994,Millennial,Poland,High,IT,Employed,2334.0,22,34,Rent,7,2,10
1967,Gen X,Sweden,Low,Healthcare,Employed,2085.0,27,17,Rent,1,9,9
1975,Gen X,Poland,High,Manufacturing,Employed,2214.0,22,9,With parents,2,9,8
1974,Gen X,France,Low,Unemployed,Employed,1845.0,28,14,Rent,7,7,3
1986,Millennial,Netherlands,Low,Unemployed,Employed,2811.0,21,23,Rent,7,5,2
1979,Gen X,Germany,Low,Unemployed,Employed,893.0,18,19,Own,2,7,10
1951,Baby Boomer,Sweden,Low,IT,Unemployed,2208.0,28,10,Rent,10,7,3
2004,Gen Z,Czechia,High,IT,Unemployed,3140.0,21,8,Rent,7,3,8
1960,Baby Boomer,Spain,High,Construction,Employed,1178.0,24,4,Rent,9,7,6
1970,Gen X,Germany,Medium,IT,Employed,3950.0,26,10,Rent,8,3,3
1992,Millennial,France,Low,Retail,Unemployed,1230.0,25,26,With parents,6,3,2
2001,Gen Z,France,Medium,Finance,Inactive,1746.0,18,1,Own,4,7,1
1996,Millennial,Czechia,Medium,Education,Employed,3123.0,18,19,Own,3,7,8
2004,Gen Z,Germany,High,Manufacturing,Employed,3507.0,26,20,Rent,8,6,3
1993,Millennial,Spain,Low,Finance,Employed,2522.0,22,29,With parents,3,7,3
1946,Baby Boomer,Sweden,High,Retail,Employed,2498.0,22,0,With parents,5,10,5
1945,Baby Boomer,Sweden,Medium,Manufacturing,Employed,3809.0,20,34,Rent,3,10,5
1992,Millennial,Germany,Medium,Finance,Employed,969.0,23,25,Rent,9,5,9
1956,Baby Boomer,Poland,Medium,Retail,Employed,648.0,23,31,Own,7,9,5
1949,Baby Boomer,Italy,Low,Unemployed,Employed,468.0,26,8,Own,3,1,7
1981,Millennial,Netherlands,High,Education,Employed,1434.0,26,20,Own,10,5,7
1976,Gen X,Poland,Low,IT,Employed,1556.0,17,15,Own,7,3,7
2003,Gen Z,Sweden,High,Finance,Inactive,2543.0,26,11,Rent,4,8,5
1999,Gen Z,Italy,Low,Unemployed,Employed,3107.0,21,35,Rent,1,7,3
1953,Baby Boomer,Netherlands,High,Finance,Inactive,3018.0,20,26,Own,4,1,7
1985,Millennial,Netherlands,Low,Unemployed,Employed,2991.0,19,6,Own,10,9,8
1979,Gen X,Netherlands,High,Manufacturing,Employed,1338.0,22,29,Rent,8,5,4
1963,Baby Boomer,France,High,IT,Employed,2546.0,19,23,Own,6,1,6
1992,Millennial,Czechia,High,Construction,Employed,1540.0,20,29,Rent,1,1,5
1960,Baby Boomer,Netherlands,Medium,Education,Employed,2741.0,23,19,Own,1,8,10
1947,Baby Boomer,Spain,High,Unemployed,Employed,2238.0,20,27,Rent,4,3,2
1964,Baby Boomer,Germany,Medium,Manufacturing,Unemployed,2996.0,26,3,With parents,6,9,1
1968,Gen X,Sweden,Low,Healthcare,Unemployed,4339.0,28,11,Rent,4,8,6
1998,Gen Z,Spain,Medium,Healthcare,Employed,2170.0,26,2,With parents,9,6,10
2000,Gen Z,Germany,Low,Healthcare,Unemployed,1207.0,24,3,With parents,2,6,6
1977,Gen X,Poland,High,Education,Employed,732.0,25,14,Own,6,5,7
1968,Gen X,Czechia,Low,Unemployed,Employed,1393.0,17,27,With parents,7,2,5
1996,Millennial,Poland,Medium,Healthcare,Employed,3160.0,17,8,Own,4,6,1
1955,Baby Boomer,Germany,Medium,Finance,Employed,2636.0,24,13,With parents,5,8,6
1993,Millennial,Spain,Medium,Construction,Employed,2407.0,17,31,With parents,5,6,4
1952,Baby Boomer,Germany,Medium,Manufacturing,Employed,2543.0,18,2,Own,2,7,7
1980,Gen X,Netherlands,Low,Construction,Employed,2847.0,21,17,Rent,5,2,2
1982,Millennial,France,Medium,Construction,Employed,799.0,19,13,Own,10,2,9
1984,Millennial,Sweden,Medium,Construction,Employed,3088.0,23,24,With parents,5,3,7
1964,Baby Boomer,Poland,High,Finance,Employed,2550.0,23,25,Own,5,10,5
1979,Gen X,Sweden,High,Healthcare,Employed,903.0,17,5,Own,4,7,2
1992,Millennial,France,High,Construction,Employed,2502.0,17,25,With parents,10,8,1
1969,Gen X,Netherlands,Low,Unemployed,Inactive,1028.0,18,0,With parents,4,4,5
1979,Gen X,Netherlands,Medium,Construction,Employed,2659.0,29,20,With parents,7,10,10
1969,Gen X,Poland,Low,Manufacturing,Employed,2308.0,26,13,Own,6,6,5
1973,Gen X,Poland,Low,Unemployed,Employed,1292.0,17,7,Own,8,9,3
1962,Baby Boomer,Netherlands,Low,Finance,Unemployed,2572.0,20,24,Own,1,7,9
1990,Millennial,Italy,Medium,Education,Employed,2928.0,16,17,Rent,10,4,10
1962,Baby Boomer,Sweden,Low,IT,Employed,1684.0,22,14,Own,2,8,1
1946,Baby Boomer,Czechia,Medium,Finance,Employed,2904.0,23,19,Rent,2,8,5
1998,Gen Z,France,High,Retail,Inactive,1949.0,27,15,With parents,2,7,4
1979,Gen X,Sweden,Medium,Healthcare,Employed,2987.0,19,6,Rent,3,5,2
1960,Baby Boomer,France,Medium,Retail,Employed,2114.0,22,28,Own,6,10,1
1985,Millennial,Italy,Medium,Unemployed,Employed,3256.0,24,30,With parents,3,10,10
1980,Gen X,Czechia,Medium,IT,Employed,1378.0,22,28,Rent,7,6,4
1977,Gen X,Spain,Low,Education,Employed,1404.0,17,16,With parents,3,10,6
1948,Baby Boomer,France,Medium,Finance,Unemployed,1491.0,17,4,With parents,6,3,8
1977,Gen X,Sweden,Medium,Education,Employed,2314.0,25,17,Rent,2,3,10
1958,Baby Boomer,Germany,High,IT,Employed,2063.0,25,13,With parents,2,4,2
1965,Gen X,Czechia,High,Retail,Employed,2458.0,25,30,With parents,3,2,2
1992,Millennial,Netherlands,Medium,Finance,Employed,1152.0,21,17,Own,8,6,6
1964,Baby Boomer,Netherlands,Medium,Healthcare,Employed,1554.0,23,24,With parents,9,3,4
2000,Gen Z,Italy,Low,Manufacturing,Employed,3344.0,27,10,Rent,2,2,10
1952,Baby Boomer,France,High,Construction,Employed,2534.0,25,25,Rent,7,9,9
1951,Baby Boomer,Spain,Medium,Education,Employed,2761.0,26,4,Own,1,1,4
1947,Baby Boomer,France,Low,Unemployed,Employed,1970.0,28,15,Own,4,4,2
1961,Baby Boomer,Netherlands,Low,IT,Inactive,2465.0,25,7,Rent,6,9,1
1977,Gen X,Poland,Low,Finance,Employed,1773.0,29,12,Rent,7,5,6
1992,Millennial,Germany,High,Unemployed,Inactive,535.0,26,31,Own,3,6,1
1956,Baby Boomer,Czechia,Low,Retail,Employed,3132.0,27,26,Rent,3,4,6
2003,Gen Z,Italy,Medium,Healthcare,Employed,2364.0,18,25,With parents,5,10,8
1995,Millennial,Poland,Medium,Unemployed,Employed,1541.0,16,8,Own,3,6,6
1966,Gen X,Sweden,Medium,Retail,Employed,2201.0,16,6,Own,9,7,4
1999,Gen Z,Spain,High,Healthcare,Employed,1780.0,26,7,Own,2,6,2
1966,Gen X,Poland,High,Finance,Unemployed,3549.0,17,1,Own,10,6,5
1990,Millennial,Sweden,Medium,Manufacturing,Inactive,2804.0,25,17,With parents,7,3,5
1974,Gen X,Poland,Low,Manufacturing,Employed,1167.0,21,35,Own,7,8,8
1982,Millennial,Spain,Medium,Unemployed,Inactive,1045.0,17,23,Own,3,8,3
1982,Millennial,Czechia,Medium,Construction,Employed,2425.0,21,33,Rent,8,4,2
1989,Millennial,Poland,Medium,Unemployed,Inactive,2321.0,26,10,Own,3,8,1
1995,Millennial,Italy,Medium,IT,Employed,2666.0,16,9,Rent,5,9,2
1998,Gen Z,Netherlands,Low,IT,Unemployed,2071.0,24,28,Rent,1,5,2
1952,Baby Boomer,France,Medium,Healthcare,Employed,1617.0,27,5,Rent,10,3,1
1971,Gen X,Poland,Low,Healthcare,Inactive,2659.0,29,9,With parents,4,7,8
1971,Gen X,Italy,High,Healthcare,Employed,2735.0,22,29,Own,2,4,8
1978,Gen X,France,Medium,Unemployed,Employed,3332.0,16,27,Own,5,8,10
1965,Gen X,Czechia,High,Healthcare,Employed,2861.0,24,28,Rent,4,3,4
1974,Gen X,Sweden,Low,Construction,Unemployed,1447.0,28,24,Own,4,1,3
1977,Gen X,France,Medium,Unemployed,Employed,2431.0,24,35,Rent,4,5,1
1972,Gen X,Sweden,High,Finance,Employed,1943.0,26,26,Own,5,6,8
1991,Millennial,Poland,Low,Finance,Employed,1349.0,29,33,Rent,9,9,8
1977,Gen X,Italy,High,Manufacturing,Unemployed,590.0,25,33,Rent,9,3,4
1949,Baby Boomer,Netherlands,Medium,IT,Employed,4223.0,26,31,Rent,4,6,5
2004,Gen Z,Poland,Medium,Construction,Employed,1697.0,21,3,With parents,9,8,4
1992,Millennial,Sweden,Medium,IT,Inactive,2086.0,17,33,Rent,8,10,5
1963,Baby Boomer,Spain,Medium,Education,Employed,2398.0,17,15,With parents,5,4,4
1948,Baby Boomer,France,Medium,IT,Employed,2301.0,27,10,With parents,8,10,9
1979,Gen X,Poland,Medium,IT,Employed,0.0,29,14,Rent,7,10,1
1993,Millennial,Sweden,Medium,Retail,Inactive,2051.0,23,29,With parents,2,6,10
1961,Baby Boomer,Czechia,Medium,Retail,Employed,3794.0,24,26,Own,10,3,10
1988,Millennial,France,Low,Construction,Employed,2009.0,19,15,With parents,8,10,3
1972,Gen X,Czechia,Low,Education,Inactive,3672.0,17,0,With parents,9,9,7
1974,Gen X,Sweden,Low,Healthcare,Employed,2228.0,20,24,With parents,2,6,6
1973,Gen X,Italy,Medium,Education,Unemployed,1884.0,28,27,With parents,2,2,8
1990,Millennial,Germany,High,Education,Employed,2330.0,22,13,Rent,10,7,6
1997,Gen Z,Czechia,High,Manufacturing,Employed,2234.0,29,33,Own,9,7,8
1950,Baby Boomer,Poland,Low,Finance,Employed,2214.0,19,3,Own,1,1,1
1979,Gen X,Netherlands,High,IT,Employed,1676.0,27,13,With parents,3,4,9
2004,Gen Z,Poland,Medium,Manufacturing,Employed,973.0,24,15,Own,3,1,5
1985,Millennial,France,High,Construction,Employed,2705.0,27,14,Rent,6,6,10
1981,Millennial,Italy,High,Finance,Inactive,2285.0,19,33,With parents,7,5,2
1968,Gen X,Sweden,High,Construction,Employed,3698.0,23,12,With parents,3,3,1
1973,Gen X,Spain,Low,IT,Unemployed,2170.0,18,16,With parents,8,9,4
1993,Millennial,Netherlands,Low,Construction,Employed,838.0,27,27,Own,2,9,10
1990,Millennial,Italy,Low,Education,Employed,2490.0,29,9,With parents,3,6,8
1997,Gen Z,Czechia,High,Unemployed,Unemployed,2268.0,27,16,With parents,10,6,3
1975,Gen X,Czechia,Medium,IT,Employed,1812.0,21,7,Own,2,9,10
1979,Gen X,Poland,High,Healthcare,Inactive,2757.0,21,1,Rent,2,2,4
2004,Gen Z,Spain,Medium,Healthcare,Employed,2648.0,18,0,Own,6,1,2
1977,Gen X,Italy,High,Education,Employed,1123.0,17,4,Rent,3,10,2
1996,Millennial,Germany,Low,Construction,Employed,1779.0,21,34,Rent,3,3,2
1965,Gen X,Netherlands,Low,Retail,Employed,3185.0,22,21,Rent,9,8,10
1976,Gen X,France,Medium,Healthcare,Employed,1318.0,22,15,With parents,1,2,1
1967,Gen X,Italy,Medium,Education,Unemployed,2045.0,25,8,Rent,9,8,10
1977,Gen X,Italy,Medium,Manufacturing,Employed,2404.0,26,35,With parents,2,10,10
1947,Baby Boomer,Germany,High,Retail,Employed,1161.0,16,8,Own,2,6,5
1962,Baby Boomer,Poland,Low,Healthcare,Unemployed,2111.0,27,13,Rent,5,4,5
1969,Gen X,Sweden,Medium,Unemployed,Unemployed,2082.0,21,9,With parents,6,4,3
1986,Millennial,Sweden,High,Education,Employed,1909.0,24,21,With parents,8,7,3
1975,Gen X,Netherlands,Low,Education,Employed,822.0,28,15,Rent,1,7,8
1998,Gen Z,Netherlands,High,Manufacturing,Employed,2200.0,24,2,Rent,5,9,10
2002,Gen Z,France,High,Unemployed,Employed,1643.0,27,27,Rent,10,4,7
1947,Baby Boomer,Italy,Low,Manufacturing,Employed,3159.0,17,29,With parents,8,9,4
1984,Millennial,Spain,Medium,Retail,Inactive,2574.0,19,28,With parents,2,4,8
1990,Millennial,Italy,Medium,Finance,Employed,1501.0,21,0,Rent,10,2,10
1968,Gen X,Sweden,High,Healthcare,Employed,1844.0,19,27,Own,9,7,9
1994,Millennial,France,Medium,Education,Inactive,2313.0,27,21,With parents,10,9,6
1976,Gen X,Italy,Medium,Retail,Employed,1843.0,24,31,With parents,4,10,7
1991,Millennial,Germany,High,Construction,Inactive,836.0,17,10,Own,7,2,7
1966,Gen X,Sweden,Low,Retail,Employed,2463.0,25,25,Own,1,6,5
1967,Gen X,Italy,High,Construction,Employed,2674.0,21,30,Own,2,6,4
1946,Baby Boomer,Italy,High,Manufacturing,Inactive,2867.0,16,19,With parents,1,10,2
1971,Gen X,Sweden,Medium,Education,Employed,3045.0,24,19,Own,8,3,1
1986,Millennial,Spain,High,IT,Unemployed,1454.0,16,32,Own,1,8,8
1946,Baby Boomer,Sweden,High,Finance,Employed,2906.0,28,4,With parents,9,5,2
1970,Gen X,Germany,Low,Finance,Unemployed,1172.0,28,2,With parents,7,4,8
1961,Baby Boomer,Germany,Medium,Manufacturing,Employed,2521.0,27,33,With parents,5,4,9
1984,Millennial,Italy,Medium,Construction,Employed,1562.0,29,30,Own,1,5,4
1977,Gen X,Netherlands,Low,Education,Employed,2576.0,23,6,Rent,4,10,1
1953,Baby Boomer,Spain,High,Unemployed,Employed,843.0,28,29,Rent,3,4,6
1987,Millennial,Italy,Low,Retail,Employed,2688.0,24,17,With parents,7,6,8
1998,Gen Z,Sweden,Medium,Finance,Employed,1492.0,16,15,Own,1,8,1
1992,Millennial,Italy,Medium,Retail,Employed,2635.0,16,12,Own,10,2,5
1983,Millennial,France,Low,Healthcare,Employed,2535.0,25,32,Own,4,7,1
1973,Gen X,France,High,IT,Unemployed,2547.0,29,6,With parents,5,6,7
1986,Millennial,Netherlands,High,Manufacturing,Employed,2243.0,22,29,Rent,3,4,6
1999,Gen Z,Spain,Medium,Construction,Employed,1150.0,25,10,Own,5,2,4
1970,Gen X,Poland,Low,Finance,Employed,3541.0,20,5,Rent,4,1,8
1979,Gen X,Czechia,Low,Unemployed,Employed,2083.0,26,20,Rent,5,8,8
1994,Millennial,France,Medium,Healthcare,Inactive,2081.0,18,31,Own,9,8,2
1969,Gen X,Poland,Medium,Unemployed,Employed,3446.0,24,4,With parents,8,9,5
1968,Gen X,Germany,Medium,Healthcare,Employed,1400.0,17,28,Rent,8,5,1
1957,Baby Boomer,France,High,IT,Employed,2157.0,21,34,Rent,2,9,3
2004,Gen Z,France,Medium,Manufacturing,Unemployed,2353.0,19,11,Rent,3,4,3
2002,Gen Z,Spain,High,Manufacturing,Employed,1991.0,20,21,Rent,4,10,10
1951,Baby Boomer,Netherlands,Medium,Retail,Unemployed,2446.0,17,10,Rent,10,4,3
2001,Gen Z,Poland,Medium,Manufacturing,Employed,1677.0,16,22,Own,1,5,3
1980,Gen X,Sweden,High,Healthcare,Unemployed,2139.0,24,9,With parents,9,3,10
1989,Millennial,France,Medium,Retail,Employed,2318.0,18,23,Rent,2,5,2
1964,Baby Boomer,France,High,Manufacturing,Inactive,3430.0,21,15,With parents,2,5,7
1945,Baby Boomer,Spain,Medium,Construction,Employed,3691.0,29,11,With parents,8,10,7
1952,Baby Boomer,Spain,Low,Construction,Employed,2353.0,24,31,Own,10,4,4
1990,Millennial,Netherlands,High,IT,Unemployed,3279.0,16,23,With parents,9,5,8
1960,Baby Boomer,Poland,Medium,Healthcare,Employed,1547.0,27,3,With parents,1,5,10
1958,Baby Boomer,Germany,High,Education,Employed,4226.0,20,32,With parents,2,9,10
1956,Baby Boomer,Sweden,High,IT,Inactive,1980.0,19,17,With parents,10,1,8
1995,Millennial,Netherlands,Low,IT,Employed,2170.0,18,16,Rent,5,7,4
1967,Gen X,Czechia,Medium,Manufacturing,Employed,2679.0,17,20,Own,9,1,6
1959,Baby Boomer,Germany,Medium,Retail,Employed,2967.0,29,0,Own,10,1,6
1972,Gen X,Italy,Medium,Unemployed,Employed,2046.0,18,24,Own,5,3,5
1978,Gen X,France,High,Retail,Unemployed,393.0,29,30,With parents,7,5,4
1946,Baby Boomer,Poland,Medium,Construction,Employed,2790.0,16,19,With parents,6,9,9
1976,Gen X,Netherlands,Medium,Healthcare,Employed,1381.0,28,25,Rent,6,9,6
1967,Gen X,France,High,Manufacturing,Employed,2897.0,16,18,With parents,2,1,7
1966,Gen X,Poland,Low,Retail,Employed,2877.0,28,29,With parents,10,3,5
1995,Millennial,Poland,High,Construction,Inactive,2373.0,28,24,Own,8,1,2
1969,Gen X,Poland,Medium,Finance,Inactive,3014.0,23,35,With parents,6,1,6
2002,Gen Z,France,High,Unemployed,Employed,1759.0,20,17,Own,4,9,3
1966,Gen X,Netherlands,Medium,Education,Employed,3437.0,17,3,Own,7,2,10
2002,Gen Z,Sweden,Low,Finance,Inactive,2347.0,18,26,Own,9,1,6
2002,Gen Z,Spain,Medium,Unemployed,Employed,2033.0,29,32,With parents,7,6,3
1966,Gen X,France,Low,Manufacturing,Employed,3227.0,29,5,With parents,6,2,8
1993,Millennial,Czechia,High,Manufacturing,Employed,1601.0,17,6,Rent,2,5,7
1996,Millennial,Poland,Low,Retail,Employed,306.0,25,0,Own,3,3,1
1986,Millennial,Netherlands,High,Unemployed,Unemployed,1077.0,17,34,Rent,7,10,4
1950,Baby Boomer,Sweden,Medium,IT,Employed,3492.0,19,22,With parents,1,5,2
1959,Baby Boomer,Italy,Medium,Manufacturing,Inactive,2425.0,27,15,With parents,1,8,6
1998,Gen Z,Czechia,Low,IT,Employed,2353.0,19,33,With parents,3,6,5
1987,Millennial,Germany,Medium,Healthcare,Employed,3020.0,22,33,Rent,5,8,2
2004,Gen Z,Czechia,Medium,Construction,Inactive,2466.0,17,30,With parents,3,6,1
1981,Millennial,Poland,Medium,Healthcare,Unemployed,1952.0,24,30,With parents,9,4,7
1977,Gen X,Italy,High,Unemployed,Unemployed,1805.0,22,10,With parents,7,4,9
1952,Baby Boomer,Spain,Medium,Unemployed,Employed,1142.0,19,7,Rent,2,10,9
1997,Gen Z,Sweden,Medium,Retail,Unemployed,1240.0,27,23,Rent,10,10,10
2004,Gen Z,Sweden,Medium,Healthcare,Employed,2357.0,22,22,With parents,10,3,3
1988,Millennial,Poland,Low,Finance,Employed,2060.0,25,31,Own,3,8,6
1988,Millennial,Czechia,High,Unemployed,Employed,2639.0,26,14,Rent,3,10,10
1949,Baby Boomer,Czechia,Medium,Finance,Employed,2123.0,16,27,Rent,9,9,1
1983,Millennial,Sweden,Low,Finance,Unemployed,1242.0,28,19,Own,7,8,1
1948,Baby Boomer,Italy,Medium,Retail,Employed,2421.0,22,13,Rent,3,9,6
1950,Baby Boomer,Poland,Medium,Retail,Employed,2367.0,28,25,Own,1,10,6
1989,Millennial,France,Medium,Finance,Employed,2216.0,21,1,Own,4,9,5
1976,Gen X,Netherlands,Medium,IT,Employed,2342.0,24,33,Own,5,3,6
1996,Millennial,Italy,Low,Finance,Employed,3969.0,23,33,Own,9,4,10
1974,Gen X,Netherlands,Medium,IT,Employed,1127.0,17,33,Own,4,3,5
1991,Millennial,France,High,Healthcare,Employed,1339.0,26,8,Rent,10,5,6
1979,Gen X,France,Low,IT,Employed,668.0,18,2,With parents,2,9,9
1999,Gen Z,Netherlands,High,Unemployed,Inactive,2283.0,28,29,Own,1,3,7
1984,Millennial,Italy,Low,Manufacturing,Employed,458.0,18,18,Rent,5,6,3
1996,Millennial,Netherlands,High,Education,Employed,2402.0,28,30,With parents,3,4,9
1960,Baby Boomer,Netherlands,Medium,Manufacturing,Unemployed,2149.0,29,15,With parents,9,1,6
1957,Baby Boomer,Germany,Medium,Manufacturing,Employed,1684.0,27,23,Rent,3,8,5
1994,Millennial,Italy,Low,Retail,Inactive,2625.0,21,14,With parents,3,3,4
2004,Gen Z,Czechia,Low,Education,Employed,2467.0,17,21,With parents,2,8,10
1986,Millennial,Czechia,Low,Retail,Inactive,3645.0,26,31,Own,3,5,1
1974,Gen X,Germany,Low,IT,Employed,2752.0,17,10,Own,9,8,7
1963,Baby Boomer,Poland,Medium,Finance,Employed,2143.0,19,28,Rent,7,1,5
1961,Baby Boomer,Sweden,Medium,Construction,Employed,147.0,16,23,Own,2,6,1
2000,Gen Z,Czechia,Medium,Construction,Employed,3037.0,16,18,With parents,3,3,4
1963,Baby Boomer,Netherlands,High,Construction,Unemployed,3044.0,16,4,With parents,8,5,10
1972,Gen X,Poland,Medium,IT,Employed,3391.0,20,0,Own,10,4,1
2002,Gen Z,Czechia,Medium,Education,Employed,141.0,28,29,Rent,8,9,10
1999,Gen Z,Italy,Medium,Healthcare,Employed,2385.0,24,11,Rent,10,3,4
1970,Gen X,Netherlands,Medium,IT,Unemployed,2793.0,19,3,Own,1,7,7
1981,Millennial,Sweden,Medium,Manufacturing,Unemployed,3281.0,29,14,Rent,1,4,9
1970,Gen X,Poland,High,Education,Employed,2742.0,23,16,Rent,8,3,2
1997,Gen Z,Czechia,Low,Education,Employed,2255.0,22,11,With parents,8,10,4
1967,Gen X,Czechia,Low,IT,Employed,1283.0,28,0,Own,2,3,1
1953,Baby Boomer,Spain,Medium,IT,Employed,2095.0,21,12,Own,8,4,6
1956,Baby Boomer,Czechia,Low,Retail,Employed,2550.0,29,29,With parents,1,7,8
1997,Gen Z,France,High,Retail,Employed,2905.0,24,9,With parents,5,9,3
1945,Baby Boomer,Netherlands,High,Manufacturing,Inactive,772.0,25,35,Own,10,6,5
2002,Gen Z,Sweden,Low,Unemployed,Inactive,2466.0,16,5,Own,5,1,1
2002,Gen Z,France,Low,Education,Employed,874.0,22,8,With parents,8,8,5
1945,Baby Boomer,Germany,Medium,Construction,Employed,2439.0,24,1,Rent,8,2,1
1991,Millennial,Poland,Medium,Healthcare,Inactive,1167.0,25,5,With parents,10,9,5
1978,Gen X,Czechia,Medium,Healthcare,Employed,901.0,29,10,Rent,4,3,9
1976,Gen X,Germany,High,Education,Employed,3829.0,28,25,Own,2,10,7
1998,Gen Z,Sweden,Medium,Manufacturing,Inactive,956.0,29,27,Own,6,7,7
1992,Millennial,Netherlands,Medium,Construction,Employed,1627.0,17,12,Own,4,6,9
1969,Gen X,France,Low,Retail,Employed,2182.0,28,11,Own,2,9,5
1984,Millennial,France,High,Retail,Employed,326.0,19,18,Own,9,3,8
1989,Millennial,Poland,Low,Retail,Employed,2907.0,20,17,With parents,9,2,7
1997,Gen Z,Netherlands,High,Healthcare,Employed,1569.0,26,18,Own,7,3,6
1945,Baby Boomer,Czechia,Medium,Healthcare,Employed,1282.0,20,27,Own,2,4,6
1960,Baby Boomer,Spain,Medium,Manufacturing,Employed,3032.0,26,11,Own,3,5,7
1983,Millennial,Spain,High,Healthcare,Inactive,998.0,28,31,Own,9,6,10
1949,Baby Boomer,Poland,High,IT,Employed,2603.0,22,12,Rent,8,7,3
1966,Gen X,Netherlands,Medium,Healthcare,Employed,2221.0,25,22,Own,10,10,5
1973,Gen X,Poland,Low,Retail,Employed,2252.0,23,35,Rent,2,3,2
1999,Gen Z,Netherlands,High,Manufacturing,Employed,2149.0,28,29,Rent,5,9,5
1947,Baby Boomer,Sweden,Medium,Education,Unemployed,2316.0,24,21,Own,2,3,8
1956,Baby Boomer,Sweden,Low,Education,Employed,151.0,20,2,Rent,1,3,7
1970,Gen X,Germany,High,Manufacturing,Employed,1413.0,17,8,Own,9,8,3
1960,Baby Boomer,Czechia,Low,IT,Employed,1378.0,17,14,Rent,7,10,7
1995,Millennial,Poland,Low,Education,Employed,3197.0,20,29,With parents,4,3,2
1981,Millennial,Czechia,Low,Retail,Employed,2343.0,20,25,Own,3,7,4
1966,Gen X,Netherlands,Medium,Education,Employed,2210.0,20,29,Own,3,1,10
2001,Gen Z,Spain,Medium,Education,Employed,3870.0,29,4,Rent,7,1,2
1973,Gen X,Czechia,Medium,Retail,Inactive,378.0,21,30,With parents,10,5,7
1958,Baby Boomer,Netherlands,Medium,Healthcare,Unemployed,3473.0,27,21,Own,9,9,5
1972,Gen X,Sweden,Medium,IT,Unemployed,2211.0,23,14,Rent,7,8,9
1949,Baby Boomer,Netherlands,Medium,Construction,Inactive,1520.0,26,34,Rent,2,2,7
1991,Millennial,Poland,Low,Retail,Unemployed,1719.0,20,18,Own,6,8,2
1993,Millennial,Germany,High,Retail,Inactive,1752.0,28,33,Rent,8,10,4
1974,Gen X,Germany,Low,Finance,Employed,3550.0,18,17,Own,7,9,3
1990,Millennial,Germany,High,Manufacturing,Employed,2415.0,24,13,With parents,2,4,10
1996,Millennial,Germany,Low,Unemployed,Unemployed,2818.0,19,21,With parents,7,9,2
1949,Baby Boomer,Sweden,High,IT,Employed,1532.0,27,23,With parents,9,4,2
1956,Baby Boomer,Italy,Low,Healthcare,Employed,2300.0,23,12,With parents,3,8,8
1960,Baby Boomer,Czechia,Low,Finance,Employed,3018.0,24,7,Rent,3,7,6
1970,Gen X,Poland,High,Construction,Employed,3214.0,26,1,Rent,5,7,3
1970,Gen X,France,High,Retail,Employed,994.0,22,26,Rent,9,9,8
1992,Millennial,Poland,Medium,Construction,Employed,2928.0,18,33,Own,1,8,3
1965,Gen X,Italy,High,Construction,Employed,2069.0,25,28,With parents,7,10,5
1983,Millennial,Germany,Medium,Construction,Inactive,2529.0,26,25,Own,7,10,1
1980,Gen X,Italy,High,Finance,Unemployed,1725.0,21,22,With parents,4,6,1
1977,Gen X,Spain,Medium,Unemployed,Unemployed,3573.0,22,35,Own,6,4,10
1974,Gen X,Spain,Medium,Healthcare,Inactive,2434.0,27,8,Rent,1,5,2
1981,Millennial,Czechia,Medium,Finance,Employed,1671.0,22,20,Rent,10,4,7
1967,Gen X,Sweden,Medium,Finance,Employed,1760.0,29,35,Rent,4,1,1
2002,Gen Z,Poland,High,Unemployed,Employed,2973.0,23,2,Own,3,6,7
1954,Baby Boomer,Poland,Low,Finance,Inactive,2849.0,25,6,Rent,5,9,10
1998,Gen Z,France,Low,Retail,Employed,2273.0,20,22,Rent,8,7,9
1949,Baby Boomer,Sweden,Medium,Retail,Unemployed,1852.0,20,31,With parents,5,10,5
1980,Gen X,France,Medium,Manufacturing,Employed,3060.0,28,22,Own,1,4,6
1978,Gen X,Spain,Low,Education,Inactive,1726.0,17,15,Own,2,1,10
1996,Millennial,Germany,Medium,IT,Employed,1681.0,27,4,Rent,2,8,7
1975,Gen X,Italy,High,Manufacturing,Unemployed,4473.0,26,12,Own,9,2,8
1954,Baby Boomer,France,Low,Healthcare,Employed,2541.0,17,9,Rent,10,2,2
2002,Gen Z,Netherlands,Medium,Finance,Employed,2126.0,19,1,Own,7,7,2
1963,Baby Boomer,France,High,Retail,Employed,1800.0,22,15,With parents,4,8,9
2002,Gen Z,Germany,Medium,Finance,Inactive,2011.0,23,0,Own,9,2,6
1976,Gen X,Germany,High,Retail,Employed,3323.0,18,5,Rent,9,2,7
1945,Baby Boomer,Poland,High,Construction,Inactive,2946.0,16,18,Own,7,4,5
2000,Gen Z,Italy,Medium,IT,Unemployed,1616.0,19,32,Own,9,9,1
1949,Baby Boomer,Germany,Medium,Manufacturing,Unemployed,1903.0,21,27,With parents,9,9,8
1989,Millennial,Sweden,Medium,Manufacturing,Employed,1016.0,21,4,Own,7,8,1
1948,Baby Boomer,France,Medium,Healthcare,Employed,2437.0,24,11,With parents,5,7,1
1960,Baby Boomer,France,High,Construction,Employed,0.0,28,29,With parents,9,8,2
1968,Gen X,Spain,Medium,Manufacturing,Inactive,813.0,22,16,With parents,3,7,5
1960,Baby Boomer,Germany,Medium,Manufacturing,Inactive,2283.0,28,18,Rent,4,3,4
1999,Gen Z,Netherlands,Low,Education,Unemployed,0.0,27,24,With parents,6,4,4
1946,Baby Boomer,Poland,Low,Unemployed,Employed,4256.0,29,34,Own,7,2,1
1993,Millennial,Italy,Low,IT,Employed,1402.0,24,8,Own,10,8,1
1972,Gen X,Netherlands,High,Finance,Inactive,2635.0,25,31,With parents,8,8,10
1976,Gen X,Poland,Medium,Unemployed,Employed,3341.0,26,14,With parents,4,7,2
1971,Gen X,France,Medium,Manufacturing,Unemployed,2442.0,20,25,With parents,9,9,2
1964,Baby Boomer,Netherlands,Medium,Healthcare,Employed,2195.0,20,30,Rent,3,7,1
1968,Gen X,Poland,High,Finance,Employed,1689.0,20,29,With parents,3,3,10
1956,Baby Boomer,France,Medium,Retail,Unemployed,1014.0,20,1,With parents,5,8,8
1994,Millennial,France,High,Construction,Employed,1772.0,29,6,With parents,2,3,3
1979,Gen X,France,Medium,Construction,Employed,2293.0,19,29,With parents,1,1,8
2004,Gen Z,France,High,Manufacturing,Inactive,2177.0,21,32,With parents,9,1,5
1977,Gen X,Sweden,Medium,Manufacturing,Employed,1341.0,27,19,Own,8,4,3
1977,Gen X,France,Medium,Finance,Unemployed,3157.0,16,18,Own,3,2,6
1995,Millennial,Spain,Medium,Unemployed,Unemployed,912.0,17,8,Own,5,10,2
1987,Millennial,Netherlands,Medium,Retail,Employed,2735.0,24,21,Rent,8,8,1
1981,Millennial,Poland,Low,Education,Employed,2966.0,21,31,Rent,2,1,9
1956,Baby Boomer,Spain,Medium,IT,Employed,2414.0,21,29,Own,7,6,3
1947,Baby Boomer,Sweden,Medium,Education,Employed,3697.0,25,5,With parents,9,4,7
1945,Baby Boomer,Czechia,Low,Unemployed,Employed,2565.0,19,16,With parents,4,8,9
1977,Gen X,Czechia,High,Healthcare,Unemployed,3441.0,20,14,Rent,2,3,4
1984,Millennial,Spain,Medium,Finance,Employed,0.0,24,6,Rent,9,5,9
1954,Baby Boomer,Germany,High,Manufacturing,Employed,3044.0,17,13,With parents,10,7,4
1987,Millennial,Germany,Medium,Education,Employed,2727.0,18,19,Rent,1,1,2
1988,Millennial,Germany,Medium,IT,Employed,2681.0,25,29,With parents,6,4,6
1973,Gen X,Italy,Medium,Healthcare,Employed,2755.0,23,17,Own,8,2,9
1957,Baby Boomer,Germany,Medium,Construction,Unemployed,1767.0,24,21,Rent,2,4,3
1956,Baby Boomer,Poland,High,Unemployed,Employed,2883.0,27,24,Own,10,2,2
1975,Gen X,Spain,Medium,Education,Employed,3803.0,20,23,Rent,7,2,5
1990,Millennial,Poland,High,Manufacturing,Employed,510.0,18,30,Own,7,10,7
1946,Baby Boomer,Netherlands,High,IT,Employed,3271.0,16,17,Own,3,7,6
1995,Millennial,Germany,Medium,Manufacturing,Employed,2084.0,27,33,Rent,10,8,4
1994,Millennial,Sweden,High,Manufacturing,Inactive,1606.0,17,17,Rent,4,7,9
1979,Gen X,Italy,Medium,Healthcare,Employed,1110.0,19,13,Own,8,9,1
1967,Gen X,Netherlands,High,IT,Employed,2542.0,19,3,Own,6,8,10
1961,Baby Boomer,Sweden,High,Retail,Employed,3624.0,20,6,With parents,2,8,1
1970,Gen X,Italy,Low,Construction,Employed,1850.0,24,6,Own,6,6,7
1952,Baby Boomer,Czechia,High,Unemployed,Employed,2800.0,29,0,Rent,7,5,5
1973,Gen X,Netherlands,Medium,Manufacturing,Employed,2191.0,27,23,With parents,8,1,4
1970,Gen X,Czechia,Medium,Unemployed,Employed,721.0,17,31,With parents,8,2,5
1954,Baby Boomer,Spain,Medium,IT,Employed,2039.0,17,9,Own,8,10,3
1970,Gen X,Poland,Low,Manufacturing,Employed,1602.0,20,8,With parents,8,1,1
1978,Gen X,France,Medium,Education,Employed,1288.0,27,2,Rent,6,9,9
1995,Millennial,Poland,High,Education,Employed,1813.0,17,34,Rent,1,4,5
1985,Millennial,Germany,Low,IT,Inactive,1913.0,29,4,Own,4,3,10
1951,Baby Boomer,Czechia,Medium,Construction,Employed,3106.0,25,6,With parents,2,10,6
1948,Baby Boomer,Sweden,Low,Healthcare,Inactive,2221.0,20,11,Own,10,2,8
2002,Gen Z,France,Medium,Retail,Employed,936.0,27,22,Own,7,7,10
1997,Gen Z,Italy,High,Education,Employed,3286.0,20,24,Own,1,6,6
1994,Millennial,Czechia,High,Healthcare,Employed,2547.0,22,16,With parents,5,10,10
1989,Millennial,Spain,High,Retail,Unemployed,2453.0,19,13,Rent,10,10,3
1955,Baby Boomer,Spain,Medium,Education,Employed,2986.0,17,34,Rent,8,7,8
1973,Gen X,Czechia,Medium,Retail,Employed,2181.0,23,0,With parents,4,1,2
2000,Gen Z,Czechia,High,Finance,Employed,1717.0,29,21,Own,7,1,7
1980,Gen X,Czechia,High,Manufacturing,Employed,2512.0,16,27,Rent,5,10,6
1969,Gen X,Italy,Medium,IT,Employed,2761.0,25,22,Own,1,4,2
1965,Gen X,Germany,Medium,Education,Employed,2543.0,16,17,Rent,2,5,4
2001,Gen Z,Italy,High,Education,Employed,2930.0,27,2,Own,5,2,3
1980,Gen X,Netherlands,High,Unemployed,Employed,2290.0,27,13,Own,7,10,1
1954,Baby Boomer,Sweden,Medium,Manufacturing,Employed,1304.0,26,6,Own,7,6,3
1981,Millennial,Czechia,High,Education,Employed,1634.0,27,16,Rent,9,2,7
1953,Baby Boomer,Sweden,Low,Education,Employed,3435.0,22,5,Own,3,7,6
1968,Gen X,Germany,Medium,Finance,Employed,2229.0,19,18,Rent,4,10,3
1979,Gen X,France,Medium,Education,Employed,1185.0,18,14,Rent,3,2,2
1993,Millennial,Italy,Low,Education,Employed,1100.0,16,4,Rent,8,1,6
1979,Gen X,Germany,Low,Education,Employed,995.0,27,14,Rent,9,9,7
1992,Millennial,Sweden,Low,Healthcare,Employed,2941.0,28,25,With parents,8,4,2
1980,Gen X,France,Medium,Education,Employed,2479.0,23,12,Rent,2,1,7
1962,Baby Boomer,Italy,High,Manufacturing,Employed,3860.0,23,30,Own,10,8,3
1993,Millennial,Spain,High,Finance,Employed,2719.0,27,12,Rent,1,9,6
1983,Millennial,Italy,Medium,Education,Employed,2773.0,19,22,Own,5,6,5
1976,Gen X,Poland,Medium,Retail,Employed,3991.0,17,31,With parents,2,10,1
1968,Gen X,Italy,High,Finance,Employed,1328.0,19,3,Rent,3,10,9
1967,Gen X,Poland,Low,Finance,Inactive,850.0,22,16,With parents,9,4,4
1976,Gen X,France,High,Retail,Employed,2698.0,19,19,Rent,3,2,5
1981,Millennial,Italy,High,Manufacturing,Employed,1980.0,28,10,Rent,1,8,3
1956,Baby Boomer,France,Low,Healthcare,Employed,2468.0,26,32,With parents,9,3,7
1993,Millennial,France,High,Construction,Employed,3302.0,26,5,Own,2,6,10
1999,Gen Z,Sweden,High,Unemployed,Inactive,2885.0,18,17,Own,10,6,4
1957,Baby Boomer,Germany,Low,Construction,Inactive,3565.0,25,1,Own,6,1,4
1967,Gen X,France,Low,Manufacturing,Unemployed,1383.0,27,16,Rent,7,7,9
1969,Gen X,France,Low,Healthcare,Inactive,3008.0,16,23,Own,9,7,3
1979,Gen X,Sweden,Medium,IT,Employed,1505.0,24,29,Own,8,5,5
1985,Millennial,Sweden,Medium,Retail,Employed,3702.0,20,23,Rent,6,2,3
1974,Gen X,Italy,Medium,Unemployed,Inactive,2603.0,17,3,With parents,4,4,2
1961,Baby Boomer,Sweden,Medium,Finance,Employed,2656.0,21,6,Own,4,7,6
1993,Millennial,Italy,High,Finance,Inactive,1676.0,17,14,With parents,4,6,8
1964,Baby Boomer,Spain,Medium,Finance,Employed,1722.0,27,29,Rent,10,9,5
1992,Millennial,Sweden,Low,Retail,Employed,2565.0,21,28,Rent,2,8,2
1969,Gen X,Germany,Medium,Retail,Inactive,3773.0,24,12,Own,7,5,5
1966,Gen X,France,Medium,Unemployed,Employed,3624.0,17,28,Own,1,7,10
1957,Baby Boomer,Germany,Medium,Construction,Unemployed,2523.0,28,25,With parents,5,3,6
2003,Gen Z,Poland,Medium,Construction,Employed,1821.0,16,35,Own,4,4,1
1963,Baby Boomer,Czechia,Low,Construction,Employed,2716.0,22,34,With parents,2,7,3
1993,Millennial,Sweden,High,Healthcare,Inactive,3329.0,23,18,Rent,9,1,7
1980,Gen X,France,High,Finance,Employed,2391.0,17,1,With parents,1,9,9
1956,Baby Boomer,Germany,Medium,Manufacturing,Employed,1851.0,19,13,Rent,4,7,8
1985,Millennial,Sweden,Medium,Healthcare,Employed,2811.0,23,15,Own,6,9,4
1963,Baby Boomer,Sweden,Medium,Finance,Inactive,1984.0,27,35,With parents,4,7,6
1956,Baby Boomer,Czechia,High,Retail,Unemployed,1880.0,29,30,With parents,10,5,10
1953,Baby Boomer,Spain,Medium,Retail,Employed,2149.0,19,34,With parents,10,1,9
1951,Baby Boomer,Spain,High,Retail,Employed,2800.0,27,21,Own,4,7,7
1972,Gen X,France,Medium,Finance,Unemployed,2000.0,24,20,Own,2,10,10
1958,Baby Boomer,Poland,Medium,Construction,Unemployed,2167.0,16,27,Own,10,9,2
1975,Gen X,Spain,Medium,Retail,Employed,2329.0,25,16,With parents,9,3,6
1996,Millennial,Czechia,High,IT,Employed,1856.0,28,17,With parents,9,5,8
1963,Baby Boomer,Spain,High,Retail,Unemployed,3595.0,22,31,Rent,1,10,1
2002,Gen Z,Poland,Low,Unemployed,Employed,3859.0,18,22,With parents,1,3,1
1991,Millennial,Germany,Medium,Unemployed,Inactive,1927.0,26,5,Rent,8,1,1
1960,Baby Boomer,Spain,Medium,Finance,Employed,1482.0,27,28,Own,9,8,4
1997,Gen Z,Czechia,Medium,Construction,Employed,1782.0,25,5,Rent,3,7,2
1949,Baby Boomer,Italy,High,Healthcare,Employed,2601.0,26,32,Rent,3,10,7
1979,Gen X,Czechia,High,Retail,Inactive,2123.0,26,31,With parents,2,8,4
1956,Baby Boomer,Netherlands,High,Construction,Employed,1049.0,18,16,With parents,9,3,7
1969,Gen X,Netherlands,High,Construction,Employed,2060.0,26,3,Rent,2,5,10
1996,Millennial,Spain,Medium,Education,Employed,2566.0,22,30,Rent,7,7,2
2003,Gen Z,Germany,High,IT,Inactive,3086.0,21,21,Own,2,9,3
1965,Gen X,Sweden,High,Unemployed,Employed,3781.0,18,26,With parents,10,6,1
1980,Gen X,Germany,Medium,Finance,Employed,1797.0,29,20,Own,10,3,9
1997,Gen Z,Czechia,High,Retail,Employed,1639.0,29,19,Rent,6,7,6
1967,Gen X,France,Low,Education,Employed,1975.0,17,33,Own,3,7,10
1960,Baby Boomer,Italy,High,Finance,Employed,1349.0,26,22,With parents,1,3,10
2001,Gen Z,Germany,Medium,Healthcare,Employed,1570.0,26,15,Rent,6,5,7
1983,Millennial,Poland,Medium,IT,Employed,1575.0,21,5,Rent,2,6,4
1989,Millennial,Czechia,Medium,Construction,Unemployed,2494.0,25,15,Own,7,1,4
1997,Gen Z,Italy,Medium,Retail,Unemployed,1450.0,22,6,With parents,9,1,10
1986,Millennial,Netherlands,Low,Healthcare,Inactive,2942.0,24,13,Rent,1,4,10
2002,Gen Z,Czechia,Low,Finance,Employed,3234.0,24,2,Rent,4,10,8
1983,Millennial,Italy,Medium,Education,Unemployed,1187.0,24,32,Own,5,7,1
1958,Baby Boomer,Poland,Medium,Finance,Employed,1026.0,26,35,Rent,9,7,7
1975,Gen X,Spain,High,Unemployed,Employed,1718.0,25,28,Rent,3,8,4
2002,Gen Z,Poland,High,Finance,Employed,1839.0,16,3,With parents,6,6,4
1949,Baby Boomer,Poland,Medium,IT,Employed,3339.0,19,21,With parents,5,7,8
1979,Gen X,Spain,High,Retail,Employed,2155.0,19,14,Own,5,6,6
1967,Gen X,Spain,Medium,Healthcare,Employed,2578.0,25,3,Rent,2,5,5
1973,Gen X,Spain,High,IT,Employed,2576.0,23,17,With parents,10,10,9
1987,Millennial,Spain,Low,Education,Employed,1407.0,18,22,Own,5,6,2
1955,Baby Boomer,Spain,Medium,Construction,Employed,1974.0,29,3,With parents,3,10,7
1962,Baby Boomer,Poland,Medium,Retail,Employed,2188.0,16,3,Own,2,4,2
1991,Millennial,France,Low,Construction,Employed,2540.0,18,17,Own,6,7,5
1956,Baby Boomer,France,High,IT,Employed,909.0,21,0,Rent,1,8,3
1953,Baby Boomer,Czechia,High,Education,Employed,1665.0,22,31,Own,6,8,9
1954,Baby Boomer,Germany,Medium,Education,Employed,2210.0,24,20,Own,8,4,6
2002,Gen Z,France,Medium,Healthcare,Employed,1804.0,20,25,With parents,3,3,6
1988,Millennial,Netherlands,High,Unemployed,Unemployed,938.0,20,20,Own,10,7,3
1961,Baby Boomer,France,High,Finance,Employed,1550.0,18,28,Own,7,7,9
1982,Millennial,Poland,Medium,Education,Employed,947.0,27,31,With parents,3,3,7
1951,Baby Boomer,Spain,Medium,Unemployed,Unemployed,3443.0,18,3,With parents,6,1,5
1990,Millennial,Czechia,Medium,Education,Employed,1912.0,24,12,With parents,7,3,10
1957,Baby Boomer,Spain,Medium,Finance,Employed,2141.0,18,34,With parents,3,3,7
1984,Millennial,Sweden,Low,Manufacturing,Employed,1319.0,18,26,Rent,5,6,10
1986,Millennial,Sweden,Medium,Education,Employed,2408.0,24,0,Rent,3,2,2
1953,Baby Boomer,Sweden,High,Retail,Employed,2826.0,19,13,Own,4,4,6
1994,Millennial,Poland,Medium,Construction,Unemployed,1375.0,28,29,With parents,5,5,5
1971,Gen X,Netherlands,High,Construction,Employed,1396.0,21,13,Rent,7,6,6
2002,Gen Z,France,High,IT,Employed,1754.0,16,10,Own,4,10,8
1946,Baby Boomer,Poland,High,Finance,Employed,940.0,26,30,Rent,4,9,3
1949,Baby Boomer,Germany,Low,Finance,Unemployed,2542.0,17,27,Rent,2,10,10
1973,Gen X,Czechia,High,Finance,Inactive,2883.0,26,26,Rent,5,5,8
1981,Millennial,Spain,Low,Retail,Employed,911.0,29,2,Own,3,2,9
1982,Millennial,Sweden,Medium,Finance,Employed,2993.0,18,5,Rent,4,7,5
1963,Baby Boomer,Italy,Medium,Retail,Employed,2994.0,17,18,Own,8,10,5
1952,Baby Boomer,Germany,Medium,Unemployed,Employed,0.0,29,33,With parents,4,1,7
1992,Millennial,Sweden,High,Unemployed,Employed,1207.0,26,27,With parents,6,8,4
1989,Millennial,Netherlands,High,Construction,Employed,1654.0,25,11,With parents,3,7,3
1945,Baby Boomer,Germany,Low,Healthcare,Inactive,2712.0,18,9,With parents,1,8,3
1966,Gen X,Poland,Medium,Manufacturing,Employed,2594.0,27,24,Rent,4,1,9
1996,Millennial,France,Medium,Finance,Employed,1368.0,29,22,Rent,6,6,10
1961,Baby Boomer,Spain,Medium,Construction,Employed,3662.0,20,25,With parents,9,5,1
1951,Baby Boomer,Czechia,High,Manufacturing,Employed,1570.0,27,18,Own,5,2,9
1969,Gen X,Netherlands,Medium,Construction,Employed,1448.0,16,19,Rent,7,8,8
1989,Millennial,Netherlands,High,Finance,Unemployed,1155.0,16,17,Rent,1,10,1
1948,Baby Boomer,Italy,Low,Retail,Employed,2039.0,26,10,Own,8,2,8
1980,Gen X,Germany,Medium,Construction,Inactive,3014.0,22,24,Own,4,2,4
1950,Baby Boomer,Italy,Medium,IT,Employed,1389.0,24,0,Own,8,9,6
2004,Gen Z,France,Medium,Manufacturing,Employed,2388.0,24,31,With parents,9,6,8
1975,Gen X,Sweden,Medium,Manufacturing,Employed,2383.0,22,32,With parents,3,3,1
1963,Baby Boomer,France,High,Retail,Employed,2172.0,26,6,Own,4,9,4
1988,Millennial,Sweden,High,Unemployed,Employed,2490.0,26,30,With parents,6,2,2
1998,Gen Z,Italy,Medium,Manufacturing,Employed,3015.0,28,25,With parents,3,8,1
1983,Millennial,Spain,Medium,Healthcare,Employed,2446.0,17,6,Own,9,4,4
1971,Gen X,France,Low,Retail,Inactive,3142.0,26,35,Rent,3,10,3
1954,Baby Boomer,Italy,Low,Manufacturing,Employed,1210.0,22,23,With parents,7,2,9
1970,Gen X,Germany,Medium,Manufacturing,Employed,1802.0,28,4,Own,7,5,1
1963,Baby Boomer,Italy,Low,Manufacturing,Employed,1211.0,27,21,Own,5,3,6
1983,Millennial,Italy,High,Retail,Employed,2693.0,24,35,Own,6,9,4
1947,Baby Boomer,Poland,High,Unemployed,Employed,3300.0,22,2,Rent,1,8,4
1989,Millennial,France,High,IT,Employed,1921.0,17,5,Own,3,6,3
1957,Baby Boomer,Czechia,Medium,Education,Employed,2453.0,22,24,Own,3,6,2
1994,Millennial,Spain,High,Construction,Employed,855.0,29,22,Rent,2,9,4
1972,Gen X,Spain,Medium,Finance,Unemployed,2219.0,19,11,Own,1,2,7
2002,Gen Z,Poland,Medium,Construction,Unemployed,694.0,23,27,With parents,9,7,7
1964,Baby Boomer,Sweden,High,Manufacturing,Employed,2255.0,18,31,Rent,4,3,1
1972,Gen X,Netherlands,Medium,Construction,Employed,469.0,27,24,Rent,8,3,10
1952,Baby Boomer,Sweden,Low,Education,Unemployed,3725.0,29,33,Own,7,4,3
1985,Millennial,Spain,High,Education,Employed,2154.0,20,29,With parents,6,5,4
1983,Millennial,Italy,High,Manufacturing,Employed,2119.0,18,17,Rent,1,5,3
1945,Baby Boomer,Poland,High,Manufacturing,Unemployed,3918.0,22,34,Own,3,10,6
1947,Baby Boomer,Germany,Medium,Finance,Employed,2259.0,18,5,Own,5,1,7
1957,Baby Boomer,France,Medium,Unemployed,Unemployed,751.0,25,18,Rent,1,10,4
1972,Gen X,France,High,Education,Employed,1812.0,20,21,Rent,1,6,7
2001,Gen Z,Czechia,Low,IT,Employed,3951.0,16,31,Own,10,2,6
2004,Gen Z,France,Medium,Education,Employed,1394.0,19,26,Rent,9,2,1
1993,Millennial,Italy,Medium,IT,Unemployed,1804.0,21,15,With parents,1,9,1
1969,Gen X,Germany,Medium,Unemployed,Employed,3592.0,17,25,With parents,4,1,4
2000,Gen Z,Poland,Medium,Construction,Employed,1506.0,21,3,Own,8,2,7
1977,Gen X,Poland,Low,Healthcare,Unemployed,2114.0,25,15,With parents,9,10,4
1982,Millennial,France,Low,IT,Inactive,3415.0,22,18,Own,6,9,7
1997,Gen Z,Germany,Medium,Finance,Unemployed,1684.0,23,27,Rent,8,4,6
1950,Baby Boomer,Germany,Low,Retail,Employed,1481.0,18,16,Rent,6,4,4
2002,Gen Z,Germany,Medium,Unemployed,Inactive,541.0,27,1,Own,8,10,10
1988,Millennial,Spain,High,Construction,Employed,1207.0,25,1,Own,7,9,8
1989,Millennial,Spain,Medium,Manufacturing,Employed,1405.0,26,23,Rent,9,5,1
1976,Gen X,France,Medium,Unemployed,Inactive,1873.0,18,26,Own,9,4,7
1989,Millennial,Germany,High,Healthcare,Employed,2522.0,20,3,With parents,2,9,1
1991,Millennial,Netherlands,Low,Education,Employed,2160.0,18,35,With parents,5,4,6
1965,Gen X,Germany,Medium,IT,Employed,1092.0,24,19,With parents,2,4,7
1960,Baby Boomer,Poland,Medium,Healthcare,Unemployed,3424.0,22,11,Rent,6,7,6
1998,Gen Z,Poland,High,Construction,Employed,1208.0,20,27,Rent,4,10,4
1965,Gen X,France,High,Retail,Employed,3823.0,20,28,Rent,8,10,8
1955,Baby Boomer,Netherlands,High,Unemployed,Employed,2336.0,16,32,Own,10,1,8
2004,Gen Z,Germany,High,IT,Employed,3141.0,24,17,Rent,4,3,2
1981,Millennial,Sweden,Low,Finance,Unemployed,2677.0,29,11,Rent,6,10,1
1980,Gen X,Netherlands,Low,Education,Employed,3555.0,17,9,With parents,1,4,8
1979,Gen X,Czechia,Medium,Education,Employed,2161.0,22,23,Rent,4,8,7
1963,Baby Boomer,France,Low,IT,Unemployed,1960.0,29,16,Own,4,9,10
1964,Baby Boomer,Poland,High,Unemployed,Employed,2474.0,22,31,Own,6,1,2
2001,Gen Z,Sweden,Medium,Retail,Employed,1952.0,17,24,With parents,8,3,5
1962,Baby Boomer,Poland,Low,Unemployed,Employed,2608.0,23,6,With parents,4,3,5
1991,Millennial,Spain,High,Manufacturing,Unemployed,3595.0,29,19,Own,4,8,7
1985,Millennial,France,Low,Manufacturing,Employed,679.0,23,28,With parents,3,5,2
1993,Millennial,France,Medium,Education,Employed,2132.0,24,18,With parents,8,5,9
1958,Baby Boomer,Germany,Medium,Construction,Employed,4181.0,17,10,Own,6,8,9
1959,Baby Boomer,Germany,Medium,Construction,Employed,1849.0,16,32,With parents,4,6,5
1975,Gen X,Spain,Medium,Retail,Unemployed,3112.0,24,14,Own,5,6,2
1945,Baby Boomer,Sweden,Low,Education,Unemployed,2984.0,29,30,Own,2,7,7
1997,Gen Z,Czechia,Medium,Manufacturing,Employed,906.0,18,12,Own,9,10,4
1998,Gen Z,Italy,High,Education,Employed,2467.0,25,18,With parents,8,1,3
1998,Gen Z,Netherlands,High,Unemployed,Unemployed,2398.0,28,5,Own,2,9,7
1947,Baby Boomer,Italy,Medium,IT,Employed,5064.0,28,27,Rent,8,5,7
1960,Baby Boomer,Italy,Medium,Construction,Employed,0.0,17,21,Rent,6,8,1
1967,Gen X,France,High,Construction,Inactive,742.0,25,27,Rent,1,10,7
2001,Gen Z,Netherlands,High,Finance,Employed,1994.0,17,15,With parents,10,6,10
1955,Baby Boomer,France,Medium,IT,Employed,1878.0,17,32,Own,4,6,5
1956,Baby Boomer,Czechia,Medium,Finance,Employed,1405.0,23,25,Rent,5,4,7
1954,Baby Boomer,Netherlands,High,Retail,Unemployed,1462.0,18,22,Own,2,3,8
1976,Gen X,Poland,Medium,Manufacturing,Employed,2816.0,16,0,With parents,10,2,10
1960,Baby Boomer,France,Low,Retail,Unemployed,1444.0,23,28,With parents,5,10,7
1952,Baby Boomer,France,Medium,Retail,Inactive,1713.0,17,7,Rent,1,4,10
1982,Millennial,France,Low,Manufacturing,Inactive,3097.0,21,2,With parents,2,1,2
1956,Baby Boomer,Sweden,Medium,Healthcare,Inactive,2959.0,23,12,With parents,1,6,4
1968,Gen X,Spain,Medium,Healthcare,Employed,1770.0,25,19,Own,2,7,6
1972,Gen X,France,High,Education,Inactive,881.0,24,4,Own,2,5,9
1997,Gen Z,Czechia,Medium,Healthcare,Employed,2991.0,16,11,Rent,7,10,5
1952,Baby Boomer,Germany,Medium,IT,Inactive,1354.0,24,16,Rent,7,10,2
2002,Gen Z,Germany,Low,Construction,Employed,3363.0,23,13,Own,7,10,4
1972,Gen X,Netherlands,High,Finance,Employed,2577.0,21,25,With parents,2,1,8
1980,Gen X,Poland,Low,Construction,Employed,2026.0,27,29,Rent,3,3,4
1970,Gen X,Spain,Medium,Retail,Unemployed,2595.0,20,31,Own,2,6,8
1952,Baby Boomer,Sweden,Low,Construction,Employed,443.0,21,29,With parents,5,7,4
2002,Gen Z,Netherlands,High,Education,Employed,3532.0,17,11,With parents,3,9,8
2004,Gen Z,Germany,Medium,Retail,Unemployed,2012.0,26,35,With parents,10,2,3
1994,Millennial,Spain,Medium,Manufacturing,Employed,2350.0,18,18,Rent,6,3,4
1972,Gen X,Spain,Medium,Unemployed,Employed,1681.0,24,24,Rent,6,4,10
1972,Gen X,Poland,High,Construction,Employed,2046.0,18,32,Own,5,5,9
1981,Millennial,Czechia,Medium,Healthcare,Employed,3638.0,28,20,Own,2,7,5
1985,Millennial,Spain,High,Unemployed,Employed,1957.0,25,1,Own,8,6,3
1980,Gen X,France,High,Manufacturing,Inactive,1824.0,22,20,Own,6,5,3
1971,Gen X,Spain,High,Education,Employed,2815.0,26,25,Own,2,6,4
1998,Gen Z,Poland,Medium,Finance,Employed,2479.0,28,31,Rent,1,1,2
1961,Baby Boomer,Netherlands,High,IT,Employed,3598.0,28,26,With parents,6,8,7
1953,Baby Boomer,Poland,Low,Healthcare,Inactive,385.0,19,16,With parents,2,7,7
1977,Gen X,Sweden,Medium,Manufacturing,Employed,1786.0,27,3,Rent,4,3,9
1997,Gen Z,Poland,High,Finance,Employed,918.0,26,14,With parents,4,2,8
1964,Baby Boomer,Germany,Medium,Unemployed,Employed,3308.0,28,32,Rent,9,9,3
1957,Baby Boomer,France,Medium,Construction,Unemployed,1037.0,24,13,With parents,10,5,5
1972,Gen X,Czechia,Medium,Healthcare,Inactive,2497.0,27,25,With parents,10,9,8
1992,Millennial,Germany,Medium,Retail,Employed,1024.0,28,1,Own,7,9,8
1973,Gen X,Netherlands,Medium,IT,Employed,1751.0,19,19,Rent,9,3,2
1957,Baby Boomer,Italy,High,Construction,Employed,1304.0,25,25,With parents,6,3,1
1990,Millennial,Netherlands,High,Unemployed,Employed,2194.0,28,1,Rent,1,9,5
1979,Gen X,France,Medium,Finance,Employed,4025.0,28,1,Rent,10,3,1
1950,Baby Boomer,Spain,Low,Healthcare,Employed,917.0,29,16,Own,8,7,7
1962,Baby Boomer,Poland,High,Construction,Employed,1176.0,25,17,Own,4,3,8
1995,Millennial,Italy,Medium,IT,Unemployed,2737.0,21,3,Own,10,1,6
1949,Baby Boomer,France,Low,Finance,Employed,2062.0,27,16,With parents,8,3,3
1991,Millennial,Germany,Low,Retail,Employed,1055.0,17,32,With parents,3,5,10
1969,Gen X,Poland,Medium,Unemployed,Employed,1776.0,22,22,With parents,6,10,1
1946,Baby Boomer,Netherlands,Low,Retail,Employed,838.0,18,12,With parents,4,8,2
1954,Baby Boomer,Germany,Low,Manufacturing,Employed,1759.0,16,6,Own,10,7,2
2000,Gen Z,France,Medium,Unemployed,Employed,1325.0,27,0,Rent,4,10,10
1974,Gen X,France,Medium,Education,Unemployed,2480.0,22,30,Rent,2,1,2
1994,Millennial,Netherlands,Medium,Manufacturing,Inactive,2779.0,20,35,Rent,4,2,10
2003,Gen Z,Italy,High,IT,Unemployed,0.0,26,24,With parents,1,9,5
1989,Millennial,Netherlands,High,Unemployed,Employed,2296.0,27,29,With parents,1,10,2
1949,Baby Boomer,Spain,Medium,Manufacturing,Inactive,127.0,22,20,With parents,5,8,9
1999,Gen Z,Germany,Low,Finance,Employed,2206.0,16,18,Rent,1,2,6
2000,Gen Z,Italy,High,Healthcare,Employed,3632.0,20,15,With parents,3,3,7
1977,Gen X,Poland,Low,Finance,Employed,1886.0,17,32,Rent,3,8,3
1998,Gen Z,Sweden,High,Manufacturing,Employed,2430.0,16,5,With parents,10,4,10
1945,Baby Boomer,Spain,Low,Education,Inactive,2864.0,21,7,Rent,4,2,7
1962,Baby Boomer,Italy,High,Finance,Employed,2896.0,27,0,With parents,1,4,4
1976,Gen X,Sweden,Medium,Finance,Employed,2951.0,20,12,Own,7,6,8
1991,Millennial,Sweden,Medium,Finance,Employed,2592.0,19,25,With parents,4,8,9
1993,Millennial,Germany,High,Education,Unemployed,1522.0,16,15,Rent,7,3,5
1955,Baby Boomer,France,Medium,Unemployed,Unemployed,2780.0,20,27,Rent,5,5,3
1965,Gen X,Poland,Medium,Finance,Employed,3541.0,22,22,Rent,1,3,6
1970,Gen X,Netherlands,Medium,IT,Employed,2636.0,16,6,Own,4,8,3
1969,Gen X,Germany,High,Retail,Unemployed,2371.0,19,23,Own,5,8,6
1966,Gen X,Spain,Low,Education,Employed,693.0,21,7,Rent,4,6,7
2003,Gen Z,Czechia,Low,IT,Employed,1243.0,28,0,Rent,7,10,6
1971,Gen X,Sweden,Medium,Education,Employed,1553.0,23,3,Rent,1,1,4
1993,Millennial,Spain,Low,Education,Employed,1211.0,22,18,With parents,9,3,7
1957,Baby Boomer,Sweden,Medium,Unemployed,Employed,2052.0,22,21,Rent,6,7,2
1977,Gen X,France,Low,Retail,Employed,1364.0,23,35,With parents,8,8,5
1978,Gen X,Czechia,Medium,Healthcare,Employed,2980.0,28,0,Own,8,3,6
1985,Millennial,France,Low,Unemployed,Inactive,1841.0,22,18,Own,9,6,6
1979,Gen X,Poland,Medium,Unemployed,Employed,1196.0,28,28,Rent,5,2,5
1945,Baby Boomer,Netherlands,Low,IT,Employed,1370.0,19,18,Own,8,1,10
1965,Gen X,Poland,Low,Education,Employed,2262.0,26,5,With parents,8,9,5
1992,Millennial,France,Low,Construction,Employed,1946.0,21,24,With parents,6,9,8
1999,Gen Z,France,High,Education,Employed,2238.0,27,22,Rent,10,5,5
1950,Baby Boomer,Spain,Low,Manufacturing,Inactive,1978.0,17,0,Rent,8,1,6
1972,Gen X,France,High,Finance,Employed,3746.0,23,14,Own,5,2,10
1961,Baby Boomer,Czechia,Low,Healthcare,Employed,2971.0,18,24,Rent,10,1,1
1949,Baby Boomer,Czechia,Low,Retail,Employed,1426.0,19,3,Rent,8,6,1
1975,Gen X,Italy,Medium,Construction,Employed,449.0,17,0,Rent,10,2,1
1949,Baby Boomer,Sweden,Medium,IT,Inactive,1876.0,24,20,With parents,3,1,4
1982,Millennial,Germany,High,Education,Employed,1177.0,17,9,Own,4,10,3
1947,Baby Boomer,France,High,Finance,Unemployed,644.0,29,1,Rent,3,6,5
1997,Gen Z,Poland,High,IT,Inactive,2775.0,28,16,Rent,5,2,7
1967,Gen X,Netherlands,Medium,Unemployed,Employed,2191.0,21,12,Rent,5,9,6
1981,Millennial,Sweden,Medium,Retail,Employed,3210.0,18,26,With parents,5,10,3
1997,Gen Z,Sweden,Medium,Healthcare,Employed,2133.0,27,27,With parents,2,3,2
1981,Millennial,Netherlands,High,Manufacturing,Unemployed,2003.0,21,9,Rent,9,10,2
1954,Baby Boomer,Netherlands,Medium,Unemployed,Employed,1053.0,19,9,Own,7,8,3
1954,Baby Boomer,Sweden,Medium,Healthcare,Employed,1637.0,28,8,With parents,8,9,10
1963,Baby Boomer,Italy,Low,Unemployed,Employed,585.0,23,33,Rent,2,10,3
1961,Baby Boomer,Poland,Low,Manufacturing,Employed,3135.0,18,3,Own,10,5,3
1965,Gen X,Italy,High,IT,Inactive,1015.0,23,3,Rent,10,6,8
1958,Baby Boomer,France,Medium,Healthcare,Employed,2399.0,18,3,Own,7,10,3
1953,Baby Boomer,Germany,Medium,Unemployed,Employed,1978.0,29,10,With parents,3,5,6
1990,Millennial,Netherlands,Low,Healthcare,Employed,2550.0,20,0,Own,5,6,9
1945,Baby Boomer,Czechia,High,Healthcare,Employed,2231.0,26,20,With parents,7,2,8
1995,Millennial,Poland,Low,Retail,Employed,1010.0,28,24,With parents,9,9,6
1989,Millennial,Netherlands,High,IT,Employed,1901.0,17,8,Own,10,7,10
1957,Baby Boomer,Italy,Low,Construction,Employed,3340.0,21,24,With parents,1,6,5
1948,Baby Boomer,Spain,High,Manufacturing,Employed,1459.0,22,17,Own,6,4,5
1945,Baby Boomer,France,High,Healthcare,Employed,3242.0,23,6,Own,6,10,8
1993,Millennial,Germany,Low,IT,Employed,2795.0,28,25,With parents,2,9,7
1984,Millennial,France,Medium,Construction,Unemployed,2325.0,19,17,With parents,10,7,5
1976,Gen X,Spain,Medium,Finance,Inactive,1535.0,24,0,With parents,9,4,10
1978,Gen X,Germany,Low,Retail,Employed,2445.0,17,8,With parents,5,3,6
1972,Gen X,Spain,High,Retail,Employed,1741.0,29,9,With parents,9,10,5
1975,Gen X,France,Medium,Finance,Inactive,3194.0,29,10,Rent,4,8,9
1952,Baby Boomer,Italy,Medium,IT,Employed,1041.0,23,31,Rent,5,6,6
1983,Millennial,Sweden,Low,Manufacturing,Inactive,2477.0,21,20,Rent,5,2,3
1970,Gen X,France,Medium,IT,Inactive,2226.0,19,35,Rent,5,7,3
2002,Gen Z,France,High,IT,Employed,2496.0,17,31,Rent,9,8,10
1978,Gen X,France,Medium,Education,Employed,2846.0,19,18,Own,1,5,10
1998,Gen Z,Poland,High,Construction,Employed,1401.0,18,7,With parents,8,3,4
1998,Gen Z,Spain,High,Retail,Employed,1400.0,28,34,Rent,7,8,5
1947,Baby Boomer,Czechia,Low,Manufacturing,Inactive,2394.0,19,21,Own,1,2,9
2003,Gen Z,Spain,Low,Education,Inactive,3068.0,19,3,Own,2,10,10
1994,Millennial,Netherlands,High,Finance,Employed,1976.0,26,28,Rent,1,6,2
1956,Baby Boomer,Spain,Medium,IT,Employed,3494.0,22,30,Rent,4,7,2
1945,Baby Boomer,Netherlands,Low,Finance,Employed,1930.0,16,7,Rent,10,10,1
1998,Gen Z,Poland,Medium,Retail,Employed,1560.0,24,11,Rent,9,9,8
1988,Millennial,Italy,Medium,Education,Employed,2609.0,20,4,Own,1,5,1
1949,Baby Boomer,Netherlands,High,Construction,Inactive,1708.0,18,29,With parents,3,1,6
1974,Gen X,France,Low,Education,Employed,1720.0,22,34,With parents,7,10,2
1974,Gen X,Italy,Low,Manufacturing,Employed,2434.0,22,3,Own,4,2,9
2003,Gen Z,Sweden,High,Construction,Employed,3039.0,23,20,Rent,6,8,4
2001,Gen Z,Poland,High,IT,Employed,2472.0,25,15,With parents,7,1,10
1961,Baby Boomer,Spain,Medium,Unemployed,Employed,2297.0,19,17,Rent,6,2,5
1992,Millennial,Netherlands,High,Unemployed,Employed,3931.0,28,30,With parents,8,5,2
1991,Millennial,Czechia,Medium,Manufacturing,Employed,2827.0,24,31,With parents,2,10,5
1967,Gen X,France,High,Education,Unemployed,1895.0,17,32,With parents,1,3,7
1959,Baby Boomer,Germany,Medium,Construction,Employed,3192.0,21,18,Own,7,4,5
1981,Millennial,Sweden,Low,Education,Employed,1984.0,18,19,Rent,3,10,1
1965,Gen X,Germany,High,Manufacturing,Unemployed,2743.0,23,9,With parents,4,5,9
1958,Baby Boomer,Italy,Medium,Education,Unemployed,2686.0,23,25,With parents,7,3,2
1946,Baby Boomer,Spain,High,Construction,Employed,2202.0,21,17,With parents,2,5,4
1955,Baby Boomer,Czechia,Medium,Healthcare,Employed,1548.0,19,14,Rent,7,3,6
1995,Millennial,Germany,High,Retail,Unemployed,2175.0,29,35,With parents,4,1,1
1983,Millennial,Italy,High,IT,Employed,1773.0,23,17,Own,9,7,9
1982,Millennial,Poland,Low,Retail,Employed,2437.0,21,30,With parents,1,4,9
2004,Gen Z,Italy,High,IT,Employed,2580.0,27,14,With parents,3,8,8
1978,Gen X,Sweden,Medium,Construction,Employed,426.0,24,28,Own,8,4,9
1982,Millennial,Czechia,High,Education,Employed,2504.0,29,14,Rent,7,7,4
1994,Millennial,Czechia,Medium,Unemployed,Employed,4833.0,22,0,Rent,2,3,9
1978,Gen X,Italy,High,Construction,Unemployed,1915.0,24,22,With parents,5,2,4
1962,Baby Boomer,Sweden,Medium,Manufacturing,Unemployed,3090.0,28,10,Rent,7,3,5
1974,Gen X,Italy,Low,Unemployed,Inactive,2868.0,29,15,Own,5,7,6
1959,Baby Boomer,Czechia,Low,Manufacturing,Employed,722.0,23,29,Rent,10,3,7
1971,Gen X,Czechia,Medium,Education,Employed,2648.0,29,28,With parents,1,10,3
1995,Millennial,France,High,IT,Unemployed,1443.0,19,2,Own,5,8,2
1978,Gen X,Italy,Medium,Education,Employed,2022.0,27,16,With parents,10,8,5
1996,Millennial,Netherlands,Medium,IT,Employed,887.0,21,25,Own,3,1,10
2001,Gen Z,Italy,Medium,Education,Employed,2598.0,29,8,Own,1,7,3
1982,Millennial,Czechia,Medium,Unemployed,Employed,1893.0,22,16,With parents,10,8,3
1977,Gen X,France,Low,Education,Employed,3411.0,19,30,With parents,4,9,7
1968,Gen X,France,High,Education,Employed,976.0,19,30,Rent,7,8,6
1959,Baby Boomer,Poland,High,Unemployed,Inactive,3018.0,25,10,Rent,7,10,3
2004,Gen Z,Sweden,Medium,Manufacturing,Employed,2579.0,18,21,With parents,2,6,7
1974,Gen X,Spain,Low,IT,Inactive,1428.0,25,2,With parents,2,8,10
1999,Gen Z,Germany,Low,Finance,Unemployed,809.0,21,27,Rent,1,3,10
1986,Millennial,Germany,Medium,Education,Employed,1939.0,26,31,With parents,2,2,6
1995,Millennial,Italy,Medium,Retail,Unemployed,2413.0,17,3,Own,9,1,1
1961,Baby Boomer,Poland,High,Retail,Employed,1241.0,28,10,Rent,9,8,5
1949,Baby Boomer,Italy,Medium,Construction,Employed,1346.0,26,0,Rent,7,7,4
1973,Gen X,Germany,High,Construction,Employed,3091.0,19,15,Own,3,6,3
1948,Baby Boomer,Sweden,Medium,Manufacturing,Employed,1497.0,23,33,Own,8,3,3
1954,Baby Boomer,Czechia,Medium,Healthcare,Employed,2722.0,18,31,With parents,4,6,8
2000,Gen Z,Sweden,Medium,Finance,Employed,3297.0,27,32,With parents,5,5,3
1961,Baby Boomer,Sweden,Low,Manufacturing,Employed,1476.0,28,10,Own,10,5,2
1954,Baby Boomer,France,Medium,Healthcare,Employed,1075.0,23,35,Own,5,4,5
1961,Baby Boomer,Czechia,High,Manufacturing,Employed,2985.0,22,12,Rent,2,5,10
2004,Gen Z,Spain,Medium,Construction,Employed,1931.0,29,19,Rent,9,5,3
1964,Baby Boomer,Czechia,High,Retail,Employed,1805.0,22,24,Rent,6,5,10
1968,Gen X,Poland,Medium,Education,Inactive,3486.0,26,5,With parents,6,10,3
1949,Baby Boomer,France,Low,IT,Employed,1959.0,24,25,Rent,1,10,8
1978,Gen X,Spain,Medium,Construction,Unemployed,2450.0,19,3,Own,2,8,9
1950,Baby Boomer,Poland,Medium,Education,Employed,750.0,26,25,Rent,4,2,2
1997,Gen Z,Poland,Medium,Retail,Employed,2131.0,23,17,Own,8,2,1
1946,Baby Boomer,Germany,Low,Unemployed,Employed,1407.0,17,12,Own,8,6,8
1957,Baby Boomer,France,Medium,IT,Employed,1744.0,18,7,With parents,9,3,10
1987,Millennial,Poland,Low,Healthcare,Inactive,1691.0,19,32,With parents,1,10,10
1987,Millennial,Netherlands,Low,Healthcare,Employed,3371.0,24,15,Rent,8,10,6
1992,Millennial,Sweden,Medium,Retail,Employed,1603.0,16,30,Rent,4,10,9
1955,Baby Boomer,Poland,Medium,IT,Employed,1719.0,22,22,Rent,5,10,1
1995,Millennial,Spain,High,Education,Employed,3581.0,17,15,With parents,10,4,5
1991,Millennial,Germany,Medium,Retail,Unemployed,1879.0,20,9,Own,5,3,5
2001,Gen Z,Italy,High,Healthcare,Employed,1642.0,16,35,Own,7,4,3
1967,Gen X,Sweden,Medium,Unemployed,Unemployed,3190.0,21,30,With parents,3,2,2
1999,Gen Z,Germany,High,Retail,Employed,2214.0,28,31,Rent,5,9,9
1960,Baby Boomer,Italy,Medium,Unemployed,Employed,2279.0,27,20,With parents,7,3,7
1975,Gen X,France,High,Education,Employed,2469.0,18,15,Own,6,7,9
1955,Baby Boomer,France,Medium,Manufacturing,Employed,3406.0,28,28,With parents,2,9,3
1998,Gen Z,Poland,High,Unemployed,Unemployed,1269.0,21,15,With parents,8,9,1
1960,Baby Boomer,Netherlands,Medium,Unemployed,Employed,3230.0,23,14,Own,9,6,2
1952,Baby Boomer,France,Low,Finance,Employed,856.0,23,7,With parents,9,1,6
1948,Baby Boomer,Czechia,Medium,Finance,Inactive,1466.0,27,14,With parents,9,10,6
1984,Millennial,Poland,Low,Construction,Employed,1393.0,19,20,With parents,2,2,2
1948,Baby Boomer,Sweden,Medium,Finance,Employed,2073.0,22,20,Rent,10,9,9
2000,Gen Z,Germany,Low,Manufacturing,Employed,1525.0,27,6,Own,3,5,10
1969,Gen X,France,Medium,Education,Employed,3344.0,21,18,Rent,4,10,1
1947,Baby Boomer,Czechia,High,Construction,Employed,2668.0,17,21,Own,2,2,4
1976,Gen X,Germany,Medium,IT,Employed,2187.0,21,12,Own,6,6,4
1947,Baby Boomer,Germany,High,Unemployed,Inactive,1410.0,17,25,Own,7,7,1
1971,Gen X,Netherlands,Medium,Retail,Employed,3461.0,28,21,With parents,9,10,5
1973,Gen X,France,Medium,Education,Unemployed,2289.0,19,6,Rent,1,10,6
1976,Gen X,Germany,High,Manufacturing,Employed,1974.0,20,34,Own,7,10,9
1994,Millennial,Netherlands,High,Unemployed,Employed,2078.0,24,2,Rent,5,6,8
2002,Gen Z,Netherlands,High,Construction,Unemployed,2000.0,28,34,Rent,3,1,4
1995,Millennial,France,Medium,Healthcare,Inactive,2962.0,18,15,Rent,5,1,6
1963,Baby Boomer,Netherlands,Medium,Finance,Employed,3217.0,27,15,Rent,6,2,7
1965,Gen X,France,Low,Finance,Employed,1367.0,20,1,With parents,4,9,6
1949,Baby Boomer,Czechia,Medium,Education,Unemployed,1613.0,17,16,With parents,10,1,5
1962,Baby Boomer,France,Medium,Unemployed,Inactive,1658.0,18,23,Own,9,9,1
1972,Gen X,Italy,High,Finance,Inactive,2488.0,28,21,Own,1,6,7
1986,Millennial,Germany,High,Finance,Employed,3098.0,20,22,With parents,10,2,7
1966,Gen X,Czechia,Medium,Unemployed,Employed,964.0,22,18,Own,6,10,5
1965,Gen X,Spain,Low,Education,Employed,1258.0,28,21,With parents,10,3,9
1950,Baby Boomer,France,High,Education,Inactive,1891.0,21,16,Rent,2,9,3
1945,Baby Boomer,Germany,Low,Construction,Employed,2680.0,29,1,Rent,7,10,1
1949,Baby Boomer,Sweden,Medium,Manufacturing,Employed,1353.0,29,13,With parents,9,2,5
1985,Millennial,Netherlands,Low,Manufacturing,Inactive,1853.0,17,27,Own,6,5,4
1956,Baby Boomer,Poland,Medium,Finance,Employed,1551.0,28,12,Own,10,8,6
1970,Gen X,France,High,Construction,Unemployed,2882.0,29,16,With parents,9,10,2
1990,Millennial,Netherlands,Low,Education,Employed,2101.0,24,8,With parents,8,6,5
1978,Gen X,Netherlands,Medium,Education,Employed,1544.0,23,13,Rent,5,8,8
1993,Millennial,Netherlands,Medium,Finance,Employed,1141.0,24,1,Own,8,6,8
1958,Baby Boomer,Netherlands,High,IT,Employed,1844.0,24,20,Rent,5,4,2
1970,Gen X,Netherlands,High,Healthcare,Employed,1962.0,20,34,With parents,8,8,3
1989,Millennial,France,Low,Retail,Employed,2963.0,26,29,Own,7,9,9
1971,Gen X,Sweden,Low,Retail,Employed,3116.0,22,16,Rent,5,5,7
1953,Baby Boomer,Spain,Medium,Unemployed,Inactive,1135.0,22,24,Own,8,3,9
1970,Gen X,Italy,Medium,Finance,Employed,3086.0,25,34,Own,6,1,4
2001,Gen Z,Netherlands,Medium,Construction,Employed,2841.0,24,5,With parents,7,2,7
1991,Millennial,Netherlands,Low,Unemployed,Employed,1722.0,24,2,Rent,5,1,7
2001,Gen Z,Italy,Low,Retail,Employed,2882.0,21,35,With parents,8,10,7
1966,Gen X,Sweden,Medium,Manufacturing,Inactive,1487.0,18,0,Rent,8,9,10
1991,Millennial,Czechia,Low,Construction,Employed,2565.0,23,33,With parents,1,7,5
2000,Gen Z,Sweden,High,Unemployed,Employed,4383.0,16,0,With parents,8,10,6
1974,Gen X,Czechia,Low,Construction,Inactive,2407.0,25,25,With parents,10,2,4
1987,Millennial,France,Low,Unemployed,Employed,1892.0,26,17,Rent,8,3,9
1992,Millennial,Germany,High,Manufacturing,Employed,1018.0,19,35,With parents,7,3,4
1961,Baby Boomer,Poland,Medium,IT,Inactive,2274.0,25,5,Own,6,1,9
1970,Gen X,Poland,High,Finance,Unemployed,3098.0,17,10,With parents,10,3,9
1980,Gen X,Germany,Low,Manufacturing,Employed,1562.0,20,29,Own,3,1,5
1945,Baby Boomer,France,Medium,Finance,Employed,2687.0,27,13,Rent,7,3,9
1952,Baby Boomer,Poland,High,Finance,Inactive,1963.0,27,9,Own,4,3,9
1993,Millennial,Sweden,Medium,Unemployed,Employed,1841.0,22,30,Own,8,5,3
1979,Gen X,Italy,High,Construction,Unemployed,2640.0,26,35,Own,5,3,3
1996,Millennial,Germany,Medium,Education,Inactive,496.0,16,14,Own,3,10,4
1959,Baby Boomer,Sweden,Medium,Healthcare,Employed,2028.0,19,29,Own,6,3,8
1991,Millennial,Spain,Medium,Healthcare,Employed,3088.0,18,13,Rent,6,1,3
2000,Gen Z,France,Medium,Finance,Employed,2034.0,19,22,Rent,6,9,2
1966,Gen X,Germany,Low,Healthcare,Employed,2206.0,21,16,Rent,8,1,6
1958,Baby Boomer,Poland,Medium,Healthcare,Employed,2081.0,25,26,Rent,1,7,3
1970,Gen X,France,Medium,Retail,Inactive,3921.0,21,12,Rent,10,7,9
1972,Gen X,Italy,Medium,Construction,Employed,2546.0,27,13,Rent,1,8,10
1967,Gen X,France,High,Retail,Employed,1052.0,16,25,With parents,10,7,9
1958,Baby Boomer,France,Medium,Education,Unemployed,1421.0,18,10,Own,7,10,10
1968,Gen X,Italy,High,IT,Employed,2285.0,16,0,Rent,3,6,6
1946,Baby Boomer,Netherlands,Medium,Construction,Employed,3332.0,28,23,With parents,8,8,5
1989,Millennial,Italy,Medium,Manufacturing,Employed,2795.0,16,19,Rent,3,10,2
1970,Gen X,Sweden,High,Unemployed,Employed,3093.0,16,7,Rent,6,4,8
1958,Baby Boomer,France,Medium,Unemployed,Inactive,1183.0,18,7,With parents,1,4,3
2003,Gen Z,Czechia,Medium,Unemployed,Employed,2768.0,29,29,Rent,2,3,5
2000,Gen Z,Italy,Low,Manufacturing,Employed,1536.0,17,17,Own,7,8,10
1995,Millennial,Netherlands,Medium,Retail,Employed,2092.0,29,12,Own,6,6,4
1951,Baby Boomer,Sweden,Medium,Finance,Unemployed,2965.0,27,35,With parents,1,8,3
1947,Baby Boomer,Czechia,High,Healthcare,Inactive,1688.0,19,18,Rent,10,8,3
1991,Millennial,Czechia,Medium,Education,Employed,904.0,22,12,Own,7,7,9
1967,Gen X,Germany,High,IT,Unemployed,1869.0,26,25,With parents,4,3,2
1990,Millennial,Italy,Medium,Retail,Employed,2309.0,26,8,Own,1,5,3
1987,Millennial,Italy,Medium,Finance,Employed,2815.0,29,33,With parents,9,2,5
1991,Millennial,France,Medium,Education,Unemployed,1400.0,17,30,With parents,3,1,4
2004,Gen Z,Sweden,High,Unemployed,Employed,1701.0,17,6,Own,9,3,9
1989,Millennial,Germany,High,Finance,Employed,2394.0,28,8,Rent,7,4,5
1962,Baby Boomer,Spain,Low,Education,Employed,2691.0,27,25,With parents,8,4,10
2002,Gen Z,Spain,Medium,Retail,Employed,2383.0,27,32,Own,7,2,5
1982,Millennial,Poland,Medium,Education,Employed,2068.0,28,32,Own,10,3,7
1979,Gen X,Italy,Low,Construction,Employed,1534.0,26,3,Own,9,8,4
1995,Millennial,Italy,Medium,Healthcare,Employed,2998.0,22,27,With parents,3,9,5
1959,Baby Boomer,Germany,High,Education,Employed,3292.0,27,3,Rent,8,2,1
1969,Gen X,Netherlands,Medium,IT,Employed,1674.0,24,33,Own,2,6,7
1999,Gen Z,Spain,High,Education,Employed,1773.0,26,5,Own,4,1,4
1981,Millennial,Poland,Medium,Construction,Unemployed,2815.0,18,32,With parents,10,4,2
1972,Gen X,Germany,Medium,Manufacturing,Employed,2351.0,25,4,Rent,4,9,7
1954,Baby Boomer,Italy,Low,Construction,Inactive,2724.0,23,18,With parents,6,1,8
1983,Millennial,Spain,High,Education,Inactive,2444.0,21,17,Rent,3,3,9
2001,Gen Z,Sweden,High,Unemployed,Employed,2542.0,28,2,With parents,1,7,8
1961,Baby Boomer,Poland,Medium,Finance,Employed,1834.0,29,33,Rent,10,8,8
1983,Millennial,France,Low,Unemployed,Employed,402.0,21,1,Own,8,7,8
1966,Gen X,Spain,Low,Unemployed,Employed,2374.0,18,0,With parents,9,7,7
1970,Gen X,Poland,Low,Retail,Employed,2821.0,25,34,Rent,7,6,2
1988,Millennial,Germany,Medium,Manufacturing,Employed,2457.0,24,3,Own,9,7,2
1969,Gen X,France,High,Retail,Employed,1529.0,24,34,Own,6,7,9
1961,Baby Boomer,Poland,Low,Finance,Inactive,1679.0,19,7,Rent,3,9,1
1957,Baby Boomer,Poland,High,IT,Inactive,4411.0,28,28,With parents,9,9,1
1964,Baby Boomer,Czechia,Medium,Healthcare,Employed,2517.0,28,35,Own,1,10,7
1969,Gen X,Czechia,Medium,IT,Employed,87.0,25,13,Rent,1,10,10
1948,Baby Boomer,Czechia,High,Manufacturing,Employed,1683.0,27,29,With parents,2,10,6
1954,Baby Boomer,Italy,Low,Finance,Employed,2005.0,21,6,Own,4,8,6
1947,Baby Boomer,Netherlands,High,Unemployed,Unemployed,1085.0,20,12,Rent,3,9,8
1985,Millennial,Spain,Low,Finance,Unemployed,2083.0,19,21,Own,1,6,4
1989,Millennial,Italy,Medium,Unemployed,Employed,1756.0,17,1,With parents,7,4,5
1962,Baby Boomer,Sweden,High,Healthcare,Employed,2376.0,19,7,With parents,4,9,5
1991,Millennial,France,High,Education,Employed,1944.0,22,20,Own,1,2,6
1980,Gen X,Netherlands,Medium,Manufacturing,Inactive,1570.0,18,19,With parents,6,8,1
1991,Millennial,Poland,Medium,Healthcare,Employed,1895.0,18,10,With parents,6,2,4
1966,Gen X,Italy,High,Construction,Employed,2962.0,26,33,Rent,1,7,3
1978,Gen X,Czechia,High,Construction,Unemployed,2258.0,18,4,Own,7,9,7
1991,Millennial,Netherlands,Low,Retail,Unemployed,2006.0,24,29,Own,8,10,1
1952,Baby Boomer,Sweden,High,Unemployed,Inactive,2516.0,29,32,Rent,5,4,2
1984,Millennial,Spain,Medium,Healthcare,Employed,2199.0,16,11,With parents,10,8,8
1993,Millennial,Sweden,Medium,Retail,Employed,1204.0,20,4,Own,7,7,2
1988,Millennial,France,Medium,Construction,Employed,2818.0,24,0,Own,8,10,9
1963,Baby Boomer,Germany,Medium,Construction,Inactive,1638.0,29,34,Rent,7,3,4
1986,Millennial,Italy,High,Retail,Unemployed,1892.0,22,24,With parents,3,1,3
1985,Millennial,Czechia,Medium,Finance,Unemployed,838.0,27,3,Rent,10,8,4
1981,Millennial,France,High,Healthcare,Employed,2940.0,27,8,Own,10,9,9
1950,Baby Boomer,Germany,Low,Finance,Unemployed,2312.0,16,2,With parents,2,5,7
1996,Millennial,Czechia,High,Construction,Employed,2456.0,19,29,With parents,9,4,4
1970,Gen X,Czechia,High,Finance,Employed,2932.0,21,19,Rent,5,2,7
1978,Gen X,Czechia,Medium,Unemployed,Employed,2940.0,20,9,With parents,9,1,8
2003,Gen Z,Italy,Medium,IT,Employed,1566.0,17,19,Own,4,4,8
2000,Gen Z,France,Medium,IT,Employed,2211.0,16,2,Own,1,8,6
2003,Gen Z,Czechia,High,Finance,Inactive,2123.0,26,10,Own,8,9,1
1989,Millennial,Sweden,High,Finance,Unemployed,2037.0,19,14,With parents,5,1,10
1950,Baby Boomer,France,Low,Unemployed,Employed,1476.0,27,27,With parents,4,4,3
1981,Millennial,Netherlands,High,Retail,Employed,3483.0,25,34,Own,9,5,6
2001,Gen Z,Sweden,Medium,Finance,Employed,3113.0,20,6,Rent,9,2,1
1977,Gen X,Italy,Medium,Manufacturing,Employed,2599.0,19,32,Own,2,2,5
1997,Gen Z,Czechia,High,Healthcare,Employed,3421.0,18,18,Rent,1,3,2
1966,Gen X,France,Medium,Manufacturing,Inactive,2627.0,25,28,Own,8,1,1
1965,Gen X,Poland,High,IT,Employed,1927.0,23,1,Rent,9,8,10
1950,Baby Boomer,Italy,Medium,Manufacturing,Unemployed,1821.0,27,18,Rent,4,1,3
1950,Baby Boomer,France,Low,Education,Unemployed,2547.0,29,8,With parents,1,4,2
1999,Gen Z,Netherlands,Medium,Education,Employed,960.0,21,5,Rent,7,7,6
1992,Millennial,Czechia,Low,IT,Employed,2980.0,26,16,With parents,5,3,6
1948,Baby Boomer,Germany,High,Manufacturing,Unemployed,734.0,29,1,Own,5,9,7
1974,Gen X,Czechia,Medium,Healthcare,Employed,3192.0,27,5,Rent,5,3,7
1955,Baby Boomer,Germany,Medium,Unemployed,Inactive,2647.0,18,13,Rent,10,5,5
1974,Gen X,Poland,Low,IT,Unemployed,3956.0,21,25,Own,9,2,3
1975,Gen X,Italy,Medium,Education,Employed,2362.0,25,17,Own,7,5,6
1968,Gen X,Netherlands,High,IT,Inactive,2790.0,23,5,Rent,2,2,3
1999,Gen Z,France,Low,Manufacturing,Employed,2827.0,22,11,Rent,10,8,5
1953,Baby Boomer,France,Medium,Manufacturing,Inactive,1403.0,28,21,With parents,9,9,3
1999,Gen Z,Germany,High,Manufacturing,Employed,1239.0,16,13,With parents,4,5,6
1947,Baby Boomer,Netherlands,Medium,Retail,Unemployed,1360.0,21,12,Rent,5,6,4
1995,Millennial,Sweden,High,Manufacturing,Employed,2171.0,16,8,Rent,2,4,9
1975,Gen X,Poland,Low,Finance,Unemployed,2193.0,28,31,Own,3,10,2
1984,Millennial,Germany,Medium,Education,Employed,2231.0,19,9,Own,5,7,7
1981,Millennial,Germany,High,Construction,Employed,2645.0,25,26,With parents,1,10,5
1980,Gen X,Poland,High,Education,Employed,1531.0,18,13,With parents,1,5,9
1968,Gen X,Italy,Medium,Retail,Inactive,2955.0,22,8,Own,1,5,10
1975,Gen X,France,Medium,Education,Employed,2587.0,17,8,Own,7,1,5
1950,Baby Boomer,Italy,Medium,Education,Employed,3623.0,28,25,Own,10,2,5
1946,Baby Boomer,Netherlands,Low,IT,Unemployed,2588.0,27,31,Own,4,2,2
1964,Baby Boomer,Sweden,High,Construction,Inactive,2137.0,19,34,Own,4,4,3
1972,Gen X,Czechia,Medium,Construction,Employed,4133.0,20,25,Own,3,5,6
1955,Baby Boomer,Spain,Medium,Manufacturing,Inactive,2124.0,17,2,With parents,2,10,4
1948,Baby Boomer,Spain,High,Finance,Employed,2461.0,24,29,Own,4,4,3
1959,Baby Boomer,Spain,Medium,Finance,Unemployed,2591.0,17,28,Rent,2,3,5
1950,Baby Boomer,Poland,Medium,IT,Unemployed,3038.0,21,19,Rent,7,4,9
1998,Gen Z,Germany,High,Finance,Employed,2277.0,27,3,Rent,10,5,3
1993,Millennial,Sweden,High,IT,Employed,4690.0,23,13,Rent,6,3,7
1974,Gen X,Italy,Medium,Construction,Employed,1684.0,27,20,With parents,6,6,9
2000,Gen Z,Czechia,Low,Construction,Employed,3541.0,22,6,Rent,2,4,4
1982,Millennial,France,Low,Unemployed,Inactive,884.0,29,5,With parents,5,2,7
1995,Millennial,Spain,Medium,Construction,Employed,1314.0,21,5,Rent,10,3,7
2001,Gen Z,Italy,Medium,Finance,Inactive,799.0,23,24,Own,8,1,3
1946,Baby Boomer,Spain,High,Education,Employed,1367.0,20,3,Own,2,10,1
1959,Baby Boomer,Sweden,High,Construction,Inactive,728.0,25,24,Own,8,7,4
1955,Baby Boomer,Spain,High,Unemployed,Unemployed,2297.0,24,17,Own,9,5,9
1952,Baby Boomer,France,Medium,Healthcare,Unemployed,1396.0,17,33,With parents,3,7,10
1970,Gen X,Czechia,High,Manufacturing,Employed,3563.0,21,24,Own,4,5,7
1995,Millennial,Netherlands,Medium,Healthcare,Employed,2652.0,27,21,Own,8,1,10
1989,Millennial,Netherlands,Low,Education,Employed,2260.0,25,13,With parents,2,3,6
1988,Millennial,Sweden,Low,Retail,Employed,2439.0,27,10,Rent,2,9,5
1949,Baby Boomer,Netherlands,Medium,IT,Employed,2781.0,27,26,With parents,1,7,10
1950,Baby Boomer,Poland,High,Unemployed,Unemployed,3273.0,26,25,Rent,2,7,10
1970,Gen X,Germany,Low,Finance,Employed,1752.0,22,34,Own,9,5,1
1998,Gen Z,Poland,Low,Finance,Employed,1587.0,24,15,With parents,5,3,4
1948,Baby Boomer,Italy,High,Education,Employed,2573.0,20,19,Rent,4,10,3
1963,Baby Boomer,Poland,Low,Finance,Employed,3612.0,21,14,With parents,2,4,3
1964,Baby Boomer,Italy,High,Education,Employed,974.0,24,13,Rent,2,4,1
1977,Gen X,Italy,Medium,Unemployed,Unemployed,2559.0,25,7,Own,6,6,3
1964,Baby Boomer,Germany,Low,Healthcare,Employed,3362.0,21,23,Own,7,6,10
1993,Millennial,France,High,Retail,Unemployed,2754.0,29,32,Own,4,7,10
1956,Baby Boomer,Czechia,Low,IT,Employed,2499.0,26,15,Rent,7,8,8
1991,Millennial,Sweden,Medium,Finance,Unemployed,2686.0,27,26,Own,1,9,4
1945,Baby Boomer,Germany,Medium,Retail,Employed,3823.0,16,27,With parents,8,8,7
1970,Gen X,Sweden,Low,Retail,Unemployed,2915.0,19,13,Rent,3,9,2
1958,Baby Boomer,Netherlands,Low,Retail,Employed,804.0,19,8,With parents,7,9,7
1982,Millennial,Netherlands,Low,Manufacturing,Employed,2124.0,18,12,Rent,7,3,6
1981,Millennial,Poland,Low,Retail,Employed,2279.0,29,21,Rent,3,7,8
1955,Baby Boomer,Italy,High,Construction,Inactive,3123.0,23,29,With parents,5,3,8
1980,Gen X,Spain,Medium,Education,Unemployed,2275.0,21,31,Own,2,5,8
1957,Baby Boomer,Spain,Medium,Manufacturing,Employed,2214.0,22,15,With parents,9,10,10
1987,Millennial,Sweden,Medium,Construction,Employed,2238.0,24,24,Own,5,9,4
1947,Baby Boomer,Italy,High,Manufacturing,Employed,2416.0,23,22,With parents,4,8,9
1977,Gen X,Sweden,High,Retail,Employed,2116.0,18,27,Rent,10,3,8
1950,Baby Boomer,Germany,High,Finance,Employed,1823.0,19,2,With parents,3,6,4
1994,Millennial,France,High,Finance,Employed,2067.0,16,22,With parents,1,5,2
2000,Gen Z,Czechia,Medium,Finance,Inactive,2475.0,29,32,Rent,7,10,1
1954,Baby Boomer,Germany,Medium,Finance,Inactive,2759.0,19,24,Own,3,4,2
1949,Baby Boomer,Italy,Medium,Education,Employed,4663.0,27,24,Own,10,6,5
1967,Gen X,Italy,Medium,Unemployed,Employed,1004.0,24,20,Rent,1,8,5
1954,Baby Boomer,France,Medium,Finance,Employed,2728.0,20,30,Own,10,8,10
1988,Millennial,Sweden,Medium,IT,Employed,3528.0,18,29,Own,10,3,2
1946,Baby Boomer,Poland,High,Retail,Employed,1504.0,17,33,Own,8,6,4
1957,Baby Boomer,Poland,High,Manufacturing,Employed,2816.0,21,6,Rent,8,1,8
1984,Millennial,France,Medium,IT,Inactive,1872.0,19,26,Rent,3,1,1
1946,Baby Boomer,Poland,High,Finance,Inactive,1735.0,21,12,With parents,10,1,2
1964,Baby Boomer,Spain,Medium,IT,Employed,1540.0,18,28,With parents,3,9,2
1945,Baby Boomer,Poland,Low,Manufacturing,Employed,2118.0,18,22,With parents,2,10,5
1981,Millennial,Poland,Medium,Finance,Unemployed,2085.0,16,7,Own,8,9,2
1953,Baby Boomer,Poland,Medium,IT,Unemployed,2878.0,24,20,With parents,9,10,8
1961,Baby Boomer,Spain,Low,Education,Employed,900.0,22,12,Own,4,5,3
1953,Baby Boomer,Sweden,High,Education,Unemployed,2965.0,24,25,Own,4,7,3
1955,Baby Boomer,Poland,Medium,Retail,Employed,2945.0,26,9,Own,5,4,8
1959,Baby Boomer,Netherlands,Medium,Unemployed,Employed,2478.0,16,28,With parents,3,2,1
1968,Gen X,Spain,Low,Retail,Employed,4259.0,23,26,With parents,5,6,4
1982,Millennial,France,Low,Construction,Inactive,3310.0,17,3,With parents,4,2,7
1999,Gen Z,Germany,High,IT,Employed,1749.0,18,30,Own,8,7,5
1979,Gen X,France,Medium,Manufacturing,Employed,1129.0,16,16,Own,5,4,3
1974,Gen X,Germany,High,Education,Unemployed,1581.0,22,7,Rent,7,4,8
1975,Gen X,Czechia,High,Healthcare,Unemployed,1677.0,27,19,Rent,4,2,5
1993,Millennial,France,Medium,Unemployed,Inactive,555.0,26,9,Own,2,9,6
1949,Baby Boomer,Netherlands,Medium,Retail,Employed,2645.0,20,33,Rent,8,3,1
2004,Gen Z,Germany,High,Construction,Inactive,1018.0,28,10,Own,4,6,3
1988,Millennial,Germany,High,Education,Employed,2410.0,26,11,Rent,9,10,10
1994,Millennial,Italy,Medium,Construction,Employed,3044.0,18,9,Own,6,9,4
1958,Baby Boomer,Germany,High,Finance,Employed,3460.0,28,12,Rent,8,8,10
1997,Gen Z,Germany,High,IT,Employed,1974.0,19,33,Own,9,9,10
2000,Gen Z,Italy,Medium,Construction,Employed,1555.0,27,29,With parents,9,7,4
1955,Baby Boomer,Poland,Medium,Unemployed,Inactive,3403.0,27,14,Rent,9,9,5
1953,Baby Boomer,Poland,High,Education,Employed,3556.0,25,7,Own,7,10,9
1978,Gen X,Italy,Medium,Education,Employed,2814.0,21,35,With parents,3,9,4
1956,Baby Boomer,Spain,Low,IT,Employed,1577.0,21,21,Own,8,5,7
1979,Gen X,Czechia,Medium,Retail,Employed,1015.0,17,4,With parents,7,7,8
1979,Gen X,Germany,Low,Retail,Employed,3205.0,22,31,Own,9,5,7
1945,Baby Boomer,Germany,Low,Healthcare,Inactive,2145.0,27,19,Own,5,1,2
1984,Millennial,Italy,High,Unemployed,Unemployed,3316.0,28,22,Own,4,7,1
1966,Gen X,Italy,Low,Healthcare,Inactive,1601.0,17,1,Rent,2,9,5
2004,Gen Z,Spain,Low,Retail,Employed,3198.0,24,18,With parents,7,5,8
1973,Gen X,Netherlands,Medium,Retail,Employed,3467.0,29,25,With parents,6,4,1
1952,Baby Boomer,Poland,Medium,Unemployed,Employed,1982.0,17,35,With parents,6,5,2
1955,Baby Boomer,France,Medium,Construction,Unemployed,2478.0,20,13,Rent,10,4,9
1985,Millennial,Netherlands,Low,Unemployed,Employed,1155.0,23,6,Rent,8,9,6
1981,Millennial,Sweden,Low,Retail,Employed,1178.0,23,15,With parents,1,10,1
1958,Baby Boomer,Poland,Low,Retail,Employed,2486.0,28,9,Rent,1,8,8
2004,Gen Z,Germany,Medium,Education,Employed,1714.0,26,21,Rent,4,5,3
1974,Gen X,Sweden,Medium,Healthcare,Employed,2417.0,28,25,With parents,8,5,4
1979,Gen X,Netherlands,High,IT,Employed,2347.0,19,4,Own,5,5,10
1965,Gen X,Italy,Medium,Unemployed,Unemployed,2787.0,22,11,Own,9,7,5
1981,Millennial,Spain,Low,Manufacturing,Inactive,2677.0,23,23,With parents,3,10,9
1949,Baby Boomer,Poland,High,IT,Employed,3028.0,23,23,Rent,6,7,5
1963,Baby Boomer,Spain,Medium,Unemployed,Employed,2404.0,20,14,Rent,6,3,6
2003,Gen Z,Sweden,Medium,Finance,Unemployed,2477.0,25,23,With parents,4,1,7
1958,Baby Boomer,Poland,Medium,Unemployed,Employed,2198.0,17,23,With parents,2,8,5
1970,Gen X,Czechia,Medium,Manufacturing,Employed,3145.0,17,25,With parents,6,10,5
1948,Baby Boomer,Czechia,High,Education,Unemployed,3856.0,20,33,With parents,10,4,2
1969,Gen X,Netherlands,High,Finance,Employed,2875.0,19,17,Rent,3,4,2
1989,Millennial,Germany,Medium,Healthcare,Employed,2648.0,29,5,Own,8,9,6
1986,Millennial,Czechia,Medium,Manufacturing,Employed,2004.0,19,24,With parents,2,7,10
1969,Gen X,Czechia,Medium,Retail,Employed,2419.0,18,16,Rent,3,7,6
1962,Baby Boomer,France,High,Finance,Employed,1845.0,24,15,With parents,9,8,10
1984,Millennial,Spain,High,Education,Employed,1646.0,23,28,Own,2,1,6
1952,Baby Boomer,Spain,Low,Unemployed,Employed,2023.0,19,0,With parents,10,9,3
1983,Millennial,Czechia,Low,Unemployed,Employed,3811.0,22,19,Rent,1,1,9
1984,Millennial,France,Medium,Manufacturing,Employed,2124.0,23,25,With parents,3,10,7
1958,Baby Boomer,Spain,Low,Retail,Employed,3661.0,29,20,Own,10,5,4
1976,Gen X,Spain,Medium,Finance,Employed,1325.0,21,26,Rent,6,9,9
1995,Millennial,Poland,Low,Education,Employed,2325.0,17,35,Rent,8,3,4
1982,Millennial,Poland,Medium,Unemployed,Employed,2849.0,23,34,Own,10,2,3
1977,Gen X,France,High,Finance,Employed,2895.0,18,15,With parents,5,2,1
1967,Gen X,Sweden,High,Manufacturing,Employed,1225.0,29,28,With parents,2,7,4
1959,Baby Boomer,Germany,Medium,Retail,Employed,1106.0,19,6,Rent,8,5,3
1977,Gen X,Netherlands,Medium,Healthcare,Employed,2757.0,19,6,Own,2,8,3
1969,Gen X,Czechia,High,Construction,Employed,1702.0,22,33,Rent,4,5,6
1961,Baby Boomer,Czechia,Low,Education,Inactive,2771.0,23,4,Rent,9,2,9
1977,Gen X,Netherlands,Medium,Manufacturing,Employed,3492.0,24,7,Own,7,7,1
1991,Millennial,Czechia,Medium,Unemployed,Employed,1610.0,16,7,Own,3,7,9
1999,Gen Z,Czechia,Low,Retail,Employed,1730.0,16,28,Own,1,2,2
1946,Baby Boomer,Sweden,Medium,Healthcare,Unemployed,376.0,27,9,With parents,6,6,3
1958,Baby Boomer,Spain,Low,Finance,Employed,2921.0,29,0,Rent,9,5,9
1997,Gen Z,Germany,Medium,Retail,Employed,4117.0,22,27,Rent,4,4,8
1984,Millennial,Czechia,Medium,Construction,Employed,1078.0,19,6,With parents,7,10,9
1984,Millennial,France,Medium,Healthcare,Employed,3320.0,25,16,Own,3,8,8
1995,Millennial,Sweden,Low,Manufacturing,Inactive,3402.0,23,23,With parents,1,8,6
1983,Millennial,Czechia,High,Unemployed,Inactive,2906.0,20,34,Rent,5,5,10
1995,Millennial,France,Medium,Retail,Employed,1655.0,16,8,With parents,1,4,9
1950,Baby Boomer,Poland,Medium,Construction,Employed,1981.0,17,2,Rent,2,9,3
1950,Baby Boomer,Spain,Medium,Retail,Unemployed,2697.0,25,3,With parents,7,5,4
1947,Baby Boomer,Italy,Medium,IT,Employed,2671.0,29,31,With parents,1,4,1
1951,Baby Boomer,Czechia,Low,Education,Employed,1975.0,18,12,Rent,6,2,7
1995,Millennial,France,High,Retail,Unemployed,2614.0,17,23,Rent,7,6,2
1952,Baby Boomer,Sweden,Low,Construction,Employed,1875.0,24,6,With parents,4,5,1
1986,Millennial,Spain,Low,Healthcare,Inactive,2099.0,28,18,With parents,4,6,8
1996,Millennial,Germany,High,Education,Employed,2017.0,22,26,With parents,2,1,10
1959,Baby Boomer,Sweden,Low,Manufacturing,Employed,3185.0,17,26,With parents,5,6,9
1991,Millennial,Poland,Medium,Construction,Employed,914.0,22,17,Rent,7,5,4
1973,Gen X,Netherlands,Medium,Education,Unemployed,2785.0,27,29,Own,4,7,9
1977,Gen X,Czechia,Medium,IT,Employed,2523.0,27,27,Rent,8,1,3
1996,Millennial,Germany,High,Unemployed,Employed,158.0,25,28,Own,8,3,8
1974,Gen X,France,Medium,Manufacturing,Inactive,2984.0,16,8,Rent,7,2,10
1983,Millennial,Czechia,Medium,Retail,Employed,3096.0,29,20,Own,3,6,5
1971,Gen X,France,High,Construction,Employed,1835.0,29,6,Rent,10,1,2
1980,Gen X,Germany,Medium,Finance,Employed,2636.0,20,24,Own,9,3,5
1973,Gen X,France,Medium,Manufacturing,Employed,2441.0,20,25,With parents,8,4,6
1982,Millennial,Sweden,Medium,Construction,Employed,4209.0,24,5,With parents,10,6,5
2001,Gen Z,Spain,Medium,Unemployed,Employed,2652.0,19,19,Own,1,5,7
1977,Gen X,France,High,Unemployed,Unemployed,2295.0,19,17,With parents,9,5,4
1981,Millennial,Poland,High,Manufacturing,Employed,3185.0,21,19,Own,7,5,10
1971,Gen X,Spain,Low,IT,Unemployed,3647.0,29,17,Own,10,1,10
1999,Gen Z,Sweden,Low,Healthcare,Employed,4065.0,26,0,With parents,10,8,7
1977,Gen X,Czechia,Low,Manufacturing,Inactive,1662.0,17,32,With parents,4,10,9
1948,Baby Boomer,Italy,Low,Construction,Employed,2587.0,29,22,Rent,5,2,2
1966,Gen X,Czechia,Low,Unemployed,Employed,1641.0,25,13,Own,7,6,9
1946,Baby Boomer,France,Medium,Healthcare,Employed,4289.0,21,27,Rent,8,7,10
1954,Baby Boomer,France,High,Education,Employed,2243.0,22,20,Own,4,10,2
1949,Baby Boomer,Poland,High,Finance,Employed,3061.0,19,6,Own,7,10,7
2003,Gen Z,Sweden,Low,IT,Employed,2051.0,25,11,Rent,6,4,5
1954,Baby Boomer,Poland,Medium,Unemployed,Employed,2649.0,24,27,With parents,9,8,4
1977,Gen X,Netherlands,Medium,Retail,Employed,575.0,20,6,Rent,4,1,7
1998,Gen Z,Sweden,High,Unemployed,Employed,3136.0,29,16,With parents,4,9,1
1982,Millennial,Germany,High,Construction,Unemployed,3372.0,18,13,With parents,3,4,3
1957,Baby Boomer,Germany,High,Construction,Unemployed,1667.0,24,3,Own,8,10,2
1975,Gen X,Germany,Medium,Construction,Employed,571.0,16,21,Rent,8,9,2
1991,Millennial,Poland,Medium,Manufacturing,Employed,3535.0,23,16,Rent,4,2,5
1980,Gen X,Germany,Low,Finance,Employed,3420.0,16,34,With parents,3,10,10
1989,Millennial,Sweden,Medium,Finance,Inactive,2912.0,25,31,With parents,6,8,2
1968,Gen X,Germany,Low,Healthcare,Inactive,2033.0,23,30,Own,9,5,3
1996,Millennial,Italy,Medium,Manufacturing,Employed,1948.0,20,24,Own,8,7,7
2000,Gen Z,Germany,Medium,Construction,Employed,3401.0,22,9,With parents,7,5,2
1959,Baby Boomer,France,Medium,Finance,Employed,1911.0,23,1,Own,7,6,4
1973,Gen X,Netherlands,Low,Unemployed,Employed,2342.0,26,26,With parents,5,7,2
1952,Baby Boomer,Poland,Low,Construction,Employed,2195.0,27,11,Rent,2,9,8
1949,Baby Boomer,Spain,Low,Construction,Employed,2495.0,16,15,Own,9,6,6
1973,Gen X,Netherlands,Low,Construction,Employed,2103.0,16,15,Rent,3,1,8
1991,Millennial,Italy,Low,IT,Employed,2209.0,22,2,With parents,9,1,6
1948,Baby Boomer,Poland,Low,Retail,Inactive,3812.0,16,24,Own,10,1,1
1956,Baby Boomer,Sweden,Low,Education,Employed,2672.0,19,17,With parents,2,10,9
1989,Millennial,Czechia,High,Unemployed,Employed,2544.0,21,31,Rent,1,5,9
1946,Baby Boomer,Poland,Medium,Education,Employed,2940.0,17,2,Own,10,6,5
1971,Gen X,France,Low,Healthcare,Employed,1193.0,25,7,Rent,7,6,10
1975,Gen X,Sweden,Medium,Finance,Inactive,3116.0,20,4,Rent,1,9,7
1995,Millennial,Netherlands,High,Education,Employed,2473.0,25,19,With parents,8,10,3
1995,Millennial,Netherlands,Medium,Healthcare,Employed,1645.0,25,24,Rent,3,1,2
1980,Gen X,Germany,Medium,Retail,Employed,2113.0,26,5,Rent,3,3,8
1980,Gen X,Sweden,Medium,Construction,Employed,2680.0,26,27,Rent,9,4,3
1970,Gen X,Czechia,High,Unemployed,Unemployed,2278.0,25,22,With parents,1,9,2
1987,Millennial,France,High,Unemployed,Employed,3178.0,26,23,Rent,7,1,7
1971,Gen X,Germany,Medium,Manufacturing,Employed,1524.0,21,9,With parents,2,8,9
1949,Baby Boomer,Germany,High,IT,Employed,1187.0,20,9,Own,3,3,6
1964,Baby Boomer,Czechia,High,Retail,Employed,1514.0,25,32,Own,10,8,2
1955,Baby Boomer,Poland,Medium,Retail,Employed,1831.0,23,8,With parents,8,2,2
1954,Baby Boomer,Netherlands,Medium,Education,Employed,2321.0,26,17,Own,3,6,1
1984,Millennial,Germany,Medium,Education,Employed,1902.0,19,2,Rent,2,2,9
1982,Millennial,Italy,High,IT,Unemployed,1132.0,23,32,Rent,7,7,4
1950,Baby Boomer,Italy,Low,Unemployed,Employed,982.0,26,9,With parents,3,6,4
1952,Baby Boomer,Netherlands,High,Manufacturing,Employed,1049.0,18,26,Rent,8,7,10
1967,Gen X,Italy,Low,Retail,Employed,1940.0,22,34,Own,4,9,4
1991,Millennial,Czechia,Medium,Finance,Employed,1470.0,27,17,Own,6,10,1
1970,Gen X,Poland,High,Education,Employed,1855.0,20,6,With parents,8,9,10
1990,Millennial,France,Low,Unemployed,Employed,3395.0,27,6,Own,4,6,8
1987,Millennial,Spain,Medium,Retail,Employed,1147.0,20,21,Own,5,8,9
1956,Baby Boomer,Germany,Low,Manufacturing,Inactive,2470.0,21,9,Own,3,10,9
1970,Gen X,Spain,Medium,Unemployed,Employed,1134.0,27,26,With parents,4,6,9
1957,Baby Boomer,France,Low,Healthcare,Unemployed,999.0,20,3,With parents,10,10,6
1984,Millennial,France,Medium,Manufacturing,Unemployed,2534.0,28,11,Rent,8,2,7
1962,Baby Boomer,Czechia,Medium,Retail,Inactive,2807.0,16,2,Own,7,5,1
1969,Gen X,Poland,High,Retail,Employed,2910.0,24,2,Own,6,5,5
1977,Gen X,Italy,High,IT,Inactive,3200.0,26,24,With parents,5,4,6
1991,Millennial,Italy,Low,Unemployed,Inactive,2040.0,19,25,Own,9,9,8
1984,Millennial,Czechia,High,Unemployed,Employed,2447.0,20,6,Rent,4,2,1
2004,Gen Z,France,Low,Unemployed,Employed,1853.0,16,33,Own,3,7,8
1987,Millennial,Poland,Low,Retail,Employed,3364.0,18,9,With parents,6,6,7
1956,Baby Boomer,Poland,Low,Unemployed,Employed,1380.0,18,2,Own,2,3,2
1988,Millennial,Netherlands,High,Unemployed,Employed,2651.0,23,27,Rent,9,7,7
1980,Gen X,Sweden,High,Education,Employed,1241.0,26,10,Rent,6,8,4
1992,Millennial,Germany,Low,Finance,Unemployed,2299.0,23,31,With parents,3,4,10
1948,Baby Boomer,Czechia,Low,IT,Employed,754.0,24,7,Rent,2,8,10
1949,Baby Boomer,Sweden,Low,Retail,Unemployed,2404.0,29,19,Own,9,6,6
2000,Gen Z,Czechia,Medium,Unemployed,Employed,3977.0,25,4,Rent,10,5,9
1981,Millennial,Italy,Medium,Manufacturing,Employed,1697.0,22,12,Rent,3,8,4
1952,Baby Boomer,France,Low,Retail,Employed,1982.0,21,10,With parents,6,6,10
1986,Millennial,Czechia,High,Manufacturing,Employed,2980.0,29,33,Rent,9,10,2
1993,Millennial,Czechia,Medium,Manufacturing,Unemployed,2240.0,23,2,With parents,3,8,9
1972,Gen X,Netherlands,High,Retail,Employed,3300.0,18,14,Own,9,6,1
1975,Gen X,Spain,Medium,Manufacturing,Employed,2554.0,25,32,Rent,2,4,6
2002,Gen Z,Italy,Medium,Finance,Inactive,2988.0,25,9,Own,4,2,7
1953,Baby Boomer,Germany,High,Healthcare,Employed,420.0,25,2,Own,10,3,8
1998,Gen Z,Poland,High,IT,Unemployed,2283.0,23,13,Rent,3,7,4
1995,Millennial,France,Medium,Retail,Employed,1203.0,18,32,Rent,7,6,1
1973,Gen X,Italy,Medium,Construction,Employed,1845.0,28,32,With parents,4,6,1
1958,Baby Boomer,Spain,High,Healthcare,Employed,2589.0,17,35,Rent,4,9,1
1984,Millennial,Czechia,Low,Unemployed,Inactive,1993.0,24,22,With parents,1,5,3
1985,Millennial,Germany,Low,Manufacturing,Employed,1494.0,16,0,Rent,10,9,9
1966,Gen X,Czechia,Medium,Manufacturing,Inactive,3329.0,25,26,Rent,3,1,6
1955,Baby Boomer,Germany,High,IT,Inactive,3106.0,25,31,Rent,5,3,7
1967,Gen X,Netherlands,High,Healthcare,Employed,965.0,17,20,Rent,5,5,7
1945,Baby Boomer,Czechia,High,Healthcare,Employed,2886.0,22,19,Rent,4,7,2
1990,Millennial,Italy,Medium,Retail,Unemployed,2353.0,16,26,With parents,7,5,6
1981,Millennial,Spain,Low,Unemployed,Employed,2412.0,27,35,Rent,10,4,9
1965,Gen X,Germany,Medium,Manufacturing,Employed,3600.0,20,31,With parents,10,5,4
1970,Gen X,France,High,Construction,Employed,2339.0,27,28,With parents,4,1,8
1990,Millennial,Germany,Low,Education,Unemployed,2843.0,24,22,Rent,7,5,8
1980,Gen X,Spain,Low,Unemployed,Unemployed,2393.0,24,34,Rent,6,9,3
1998,Gen Z,Poland,Low,Construction,Employed,2398.0,26,14,Rent,6,3,7
1967,Gen X,Poland,Medium,Retail,Employed,1367.0,19,9,With parents,5,10,8
2001,Gen Z,Netherlands,High,Retail,Inactive,4409.0,25,14,Own,8,6,6
1945,Baby Boomer,Italy,Medium,Retail,Employed,0.0,29,24,Own,9,9,4
1998,Gen Z,Spain,High,IT,Unemployed,1547.0,17,16,With parents,9,6,8
1999,Gen Z,Netherlands,Low,IT,Employed,1760.0,24,30,Rent,6,10,4
1995,Millennial,Sweden,High,Unemployed,Unemployed,3018.0,26,10,Rent,5,6,6
1984,Millennial,Germany,High,Retail,Inactive,930.0,19,19,With parents,1,6,2
1959,Baby Boomer,Sweden,Medium,Finance,Employed,2042.0,18,30,Rent,3,7,2
1965,Gen X,Germany,High,Education,Employed,2908.0,28,15,With parents,8,6,4
1991,Millennial,Poland,Medium,Healthcare,Employed,1104.0,18,35,Rent,1,8,6
1953,Baby Boomer,Netherlands,High,Healthcare,Employed,2077.0,28,10,Rent,1,2,3
1997,Gen Z,Poland,High,Manufacturing,Employed,2049.0,22,19,With parents,8,8,3
1953,Baby Boomer,France,High,Healthcare,Employed,1662.0,27,25,Own,7,4,6
1954,Baby Boomer,Sweden,Medium,Construction,Employed,2233.0,17,25,Own,2,2,10
1996,Millennial,Sweden,Low,Healthcare,Employed,1817.0,20,5,Own,6,9,8
2001,Gen Z,Poland,Medium,Education,Unemployed,3071.0,17,34,Rent,9,5,6
1997,Gen Z,France,Medium,Healthcare,Employed,2676.0,22,7,Own,8,3,8
1970,Gen X,Germany,High,Construction,Employed,2034.0,22,6,Own,6,3,4
1985,Millennial,Netherlands,High,Education,Employed,2259.0,18,15,Own,2,9,5
1979,Gen X,France,High,IT,Unemployed,1850.0,18,8,Own,3,5,3
1996,Millennial,Netherlands,Low,Education,Employed,3403.0,23,10,Own,3,10,7
1969,Gen X,Sweden,High,IT,Employed,2607.0,22,20,Own,9,7,7
1970,Gen X,Netherlands,High,Education,Employed,2074.0,19,6,With parents,9,2,6
1955,Baby Boomer,Sweden,High,Retail,Unemployed,2595.0,17,11,Own,5,6,4
1982,Millennial,France,Low,Construction,Unemployed,3900.0,27,20,Rent,5,1,7
1946,Baby Boomer,Sweden,Low,Finance,Employed,1583.0,28,4,With parents,8,8,3
1951,Baby Boomer,Czechia,Low,Unemployed,Employed,2996.0,18,5,Rent,3,1,6
1962,Baby Boomer,Italy,Medium,IT,Employed,2573.0,26,25,Own,9,3,4
1971,Gen X,Sweden,Medium,IT,Unemployed,2005.0,26,28,Own,5,6,5
1978,Gen X,Poland,High,Healthcare,Employed,1543.0,29,2,Own,9,8,6
1971,Gen X,France,Medium,IT,Employed,2973.0,26,10,Rent,10,10,7
1961,Baby Boomer,Czechia,Medium,Education,Employed,2462.0,18,22,Own,9,1,7
1987,Millennial,Germany,Medium,Retail,Unemployed,3499.0,20,24,Own,4,10,7
2003,Gen Z,Netherlands,High,Retail,Employed,3251.0,28,11,Own,2,4,5
1988,Millennial,Czechia,High,Healthcare,Employed,2470.0,22,0,Own,7,3,10
2003,Gen Z,Spain,High,Education,Employed,1550.0,19,3,Own,1,1,7
1995,Millennial,Czechia,Medium,Education,Employed,4049.0,16,0,Own,7,5,5
1998,Gen Z,France,Medium,Manufacturing,Employed,1643.0,18,5,With parents,1,8,5
1968,Gen X,Czechia,High,Unemployed,Employed,2947.0,18,33,Own,5,7,3
1969,Gen X,Czechia,Medium,IT,Employed,605.0,16,26,With parents,1,3,9
1951,Baby Boomer,Poland,Low,Healthcare,Employed,3614.0,23,15,Own,8,5,9
1996,Millennial,Sweden,Low,Retail,Employed,369.0,19,10,With parents,1,5,1
1950,Baby Boomer,Netherlands,Low,Construction,Employed,1918.0,20,13,Rent,6,8,4
1997,Gen Z,Italy,High,Finance,Employed,1244.0,18,9,Rent,1,6,3
1968,Gen X,Germany,Low,Manufacturing,Employed,3456.0,19,12,With parents,2,3,4
1977,Gen X,Italy,Low,Unemployed,Employed,1532.0,16,33,Own,4,7,2
1993,Millennial,Czechia,Medium,Education,Employed,2676.0,28,32,Rent,8,1,6
1973,Gen X,Spain,Medium,IT,Employed,2440.0,28,32,Rent,3,2,6
1987,Millennial,France,Medium,Retail,Employed,899.0,19,12,Own,8,7,7
1966,Gen X,Netherlands,Medium,Construction,Employed,3126.0,17,16,Rent,7,2,6
1970,Gen X,France,Low,Manufacturing,Inactive,2186.0,25,8,With parents,6,2,8
1972,Gen X,Poland,Low,Education,Employed,3557.0,29,12,Own,10,10,4
1994,Millennial,France,Medium,Retail,Employed,2752.0,21,15,With parents,1,7,2
1965,Gen X,Germany,Medium,Retail,Employed,1516.0,17,29,With parents,6,10,10
1993,Millennial,Spain,Medium,Education,Employed,2019.0,24,32,Own,6,4,7
1951,Baby Boomer,Italy,Low,Education,Employed,1993.0,17,5,Rent,10,9,1
1961,Baby Boomer,Czechia,High,Healthcare,Unemployed,2900.0,19,11,With parents,8,7,1
1964,Baby Boomer,Czechia,Medium,Retail,Employed,2871.0,28,1,Rent,6,10,5
1985,Millennial,Spain,Low,Education,Employed,1594.0,19,32,With parents,2,10,5
1993,Millennial,Netherlands,Low,Finance,Unemployed,3052.0,27,14,Own,10,6,5
1964,Baby Boomer,France,High,Unemployed,Employed,2566.0,26,16,Own,3,4,3
1998,Gen Z,Netherlands,Medium,Construction,Employed,2802.0,16,34,Own,2,8,6
1966,Gen X,Italy,Medium,Construction,Employed,2666.0,28,30,Rent,3,5,2
1972,Gen X,Netherlands,High,Finance,Employed,2946.0,26,29,With parents,1,8,10
1984,Millennial,Poland,High,Construction,Employed,1360.0,22,15,Own,7,8,8
1993,Millennial,Spain,High,Manufacturing,Employed,2371.0,16,16,With parents,5,9,8
1951,Baby Boomer,Italy,Medium,Construction,Employed,3107.0,28,6,With parents,9,9,5
1945,Baby Boomer,Italy,Medium,IT,Inactive,3204.0,23,4,Own,7,7,6
1976,Gen X,Sweden,Low,Construction,Inactive,3203.0,18,26,With parents,1,10,2
1957,Baby Boomer,Italy,High,Finance,Unemployed,1403.0,29,0,With parents,1,7,5
1974,Gen X,Sweden,Medium,Healthcare,Inactive,4070.0,23,1,Own,2,6,8
1967,Gen X,Germany,Low,Education,Employed,3789.0,23,3,With parents,7,9,10
1995,Millennial,Czechia,High,IT,Employed,1421.0,25,0,Own,7,8,7
2003,Gen Z,Sweden,High,Healthcare,Employed,1931.0,27,28,Rent,9,1,9
2000,Gen Z,Spain,High,Retail,Unemployed,2817.0,29,20,With parents,3,8,9
1963,Baby Boomer,Netherlands,High,IT,Employed,1551.0,25,34,Own,3,2,8
1976,Gen X,Sweden,High,Finance,Employed,2724.0,20,33,Rent,8,9,2
1974,Gen X,Italy,Low,Healthcare,Unemployed,2391.0,29,1,With parents,6,6,4
1973,Gen X,Spain,High,Education,Unemployed,3360.0,29,24,Own,3,5,4
1993,Millennial,Sweden,High,Education,Unemployed,2587.0,18,5,With parents,8,7,8
1989,Millennial,Sweden,Low,Construction,Employed,373.0,26,7,Rent,3,4,2
1973,Gen X,Italy,Low,Healthcare,Employed,2976.0,26,34,With parents,6,9,10
1974,Gen X,Poland,High,Retail,Employed,3307.0,27,18,Own,1,10,9
1960,Baby Boomer,Poland,Medium,Construction,Employed,2143.0,26,8,With parents,4,8,2
1984,Millennial,Sweden,High,Finance,Employed,2333.0,24,32,With parents,6,1,4
1963,Baby Boomer,Poland,Low,Healthcare,Employed,2336.0,16,7,With parents,5,1,3
1962,Baby Boomer,France,Low,Manufacturing,Employed,1673.0,16,31,Rent,4,3,10
1945,Baby Boomer,Italy,Medium,Healthcare,Employed,4423.0,29,22,Rent,10,8,8
1958,Baby Boomer,France,Low,Healthcare,Unemployed,1496.0,17,33,With parents,1,8,1
1995,Millennial,Spain,Medium,Finance,Inactive,3035.0,28,22,Rent,4,2,7
1991,Millennial,France,Medium,Education,Employed,3031.0,25,31,Rent,1,1,7
1994,Millennial,Spain,Low,Construction,Employed,1788.0,21,0,Own,10,4,9
1946,Baby Boomer,Sweden,Low,Retail,Employed,1357.0,17,6,Rent,4,2,10
1998,Gen Z,Spain,Medium,Construction,Employed,2104.0,19,23,Rent,3,5,8
1972,Gen X,Spain,Low,Healthcare,Unemployed,2828.0,21,1,Rent,7,7,6
1993,Millennial,Netherlands,High,IT,Unemployed,2476.0,17,17,With parents,6,10,6
1994,Millennial,France,Medium,Education,Unemployed,3834.0,19,18,With parents,6,10,6
1974,Gen X,Netherlands,Low,Education,Employed,1671.0,22,35,Rent,10,5,5
1982,Millennial,Sweden,Medium,Unemployed,Inactive,1693.0,16,27,Own,3,1,1
1995,Millennial,Italy,Low,Healthcare,Employed,2994.0,24,34,Rent,6,10,2
1948,Baby Boomer,France,Low,Finance,Employed,699.0,25,31,Own,3,5,6
1945,Baby Boomer,Italy,Low,IT,Employed,1693.0,25,12,Own,7,6,2
1952,Baby Boomer,Italy,High,Healthcare,Unemployed,2082.0,22,5,Rent,2,9,5
1973,Gen X,Spain,High,IT,Employed,2187.0,24,28,Own,9,1,10
1999,Gen Z,Czechia,High,Education,Employed,1743.0,22,9,Own,10,3,1
1983,Millennial,France,Medium,IT,Employed,558.0,26,9,Own,2,5,1
1947,Baby Boomer,Italy,Medium,Construction,Employed,3473.0,16,33,Rent,1,1,6
1976,Gen X,Czechia,Medium,Healthcare,Employed,3426.0,22,19,Own,4,7,1
1954,Baby Boomer,Poland,High,Manufacturing,Employed,702.0,26,32,Rent,8,1,4
1954,Baby Boomer,Italy,High,Manufacturing,Employed,2806.0,24,10,With parents,7,10,2
1963,Baby Boomer,Poland,Low,IT,Employed,2078.0,28,23,Rent,6,10,9
1990,Millennial,France,Low,Finance,Employed,2704.0,23,32,With parents,10,3,1
1978,Gen X,Sweden,Medium,Healthcare,Employed,2453.0,27,21,With parents,7,1,3
2004,Gen Z,Netherlands,High,Retail,Employed,888.0,19,11,Rent,4,9,7
1977,Gen X,France,High,Manufacturing,Unemployed,2922.0,20,29,With parents,8,7,1
1967,Gen X,Netherlands,Medium,Unemployed,Employed,1703.0,18,31,Rent,4,10,1
1999,Gen Z,Netherlands,High,Education,Employed,0.0,25,18,Rent,10,9,6
1972,Gen X,France,Medium,Construction,Employed,2379.0,25,1,Own,8,9,6
1976,Gen X,Italy,High,Healthcare,Employed,793.0,27,13,With parents,5,9,4
1994,Millennial,Germany,High,Healthcare,Inactive,3230.0,17,32,Rent,9,10,10
1951,Baby Boomer,Italy,High,Construction,Employed,1938.0,18,31,Rent,7,5,3
1973,Gen X,Italy,Medium,Manufacturing,Employed,2271.0,22,18,With parents,10,7,10
1952,Baby Boomer,Sweden,Low,Construction,Employed,2668.0,23,13,With parents,10,6,1
1945,Baby Boomer,Spain,Medium,Construction,Employed,2294.0,17,3,With parents,6,6,8
2001,Gen Z,Spain,Medium,Retail,Employed,1668.0,24,1,With parents,2,3,8
1999,Gen Z,Italy,High,Unemployed,Inactive,3217.0,28,9,Rent,6,10,7
1947,Baby Boomer,Poland,Low,Construction,Inactive,2102.0,19,28,With parents,1,6,4
1968,Gen X,Sweden,Medium,Education,Employed,1188.0,17,14,Rent,2,10,2
1967,Gen X,Netherlands,High,Retail,Employed,2519.0,22,30,With parents,5,6,7
2003,Gen Z,Czechia,Low,Education,Unemployed,2128.0,26,32,Own,7,5,8
1952,Baby Boomer,Spain,Medium,Manufacturing,Employed,2179.0,17,28,With parents,1,4,5
1998,Gen Z,Italy,Medium,Healthcare,Employed,2313.0,22,10,With parents,2,10,9
2001,Gen Z,Sweden,Medium,Education,Employed,2250.0,23,8,Rent,4,5,10
1991,Millennial,Germany,Low,Healthcare,Employed,3512.0,28,28,Rent,9,7,8
1981,Millennial,Poland,High,IT,Unemployed,1479.0,24,20,Own,8,4,4
1947,Baby Boomer,France,Medium,IT,Unemployed,327.0,29,30,Own,10,9,10
1995,Millennial,Italy,High,Unemployed,Inactive,2201.0,27,21,With parents,9,4,9
1977,Gen X,Sweden,Medium,Manufacturing,Employed,2949.0,27,17,Rent,4,9,1
1972,Gen X,Italy,Medium,Unemployed,Inactive,792.0,26,1,With parents,7,10,9
1991,Millennial,Czechia,Low,Manufacturing,Employed,2528.0,16,21,Rent,3,9,1
1952,Baby Boomer,Netherlands,Low,Finance,Employed,934.0,17,19,Rent,8,7,5
1978,Gen X,Poland,Medium,Manufacturing,Employed,2959.0,17,3,Rent,7,7,5
1979,Gen X,Spain,Low,IT,Employed,2210.0,29,25,Rent,8,10,8
1976,Gen X,Spain,Medium,Education,Employed,1408.0,22,19,Own,9,1,5
1968,Gen X,Spain,Medium,Construction,Unemployed,757.0,21,21,Rent,6,2,8
1958,Baby Boomer,Czechia,Medium,Construction,Employed,4163.0,29,19,Own,4,3,1
1976,Gen X,France,Low,Construction,Employed,4275.0,26,28,Own,3,3,10
2000,Gen Z,Sweden,High,Retail,Unemployed,1229.0,24,30,With parents,3,3,3
1990,Millennial,Poland,High,Construction,Inactive,1208.0,18,22,With parents,6,9,7
1987,Millennial,Poland,Low,Manufacturing,Employed,2271.0,23,15,Own,8,2,6
1960,Baby Boomer,Spain,Low,Construction,Employed,1853.0,20,18,Own,8,1,5
1948,Baby Boomer,Spain,High,Retail,Inactive,1907.0,20,10,Own,8,1,7
1996,Millennial,Netherlands,Low,Retail,Unemployed,2455.0,25,11,Rent,9,6,5
1981,Millennial,Czechia,High,IT,Employed,3926.0,28,35,Rent,1,7,7
1998,Gen Z,Germany,Low,Finance,Employed,3426.0,26,12,Own,7,2,10
1965,Gen X,Germany,High,Education,Employed,1912.0,27,1,Own,10,2,3
1958,Baby Boomer,Italy,Medium,IT,Inactive,2850.0,20,10,Own,9,8,6
1975,Gen X,Italy,High,Manufacturing,Employed,538.0,23,0,With parents,2,7,2
1999,Gen Z,Poland,Medium,IT,Employed,2322.0,22,9,With parents,4,4,1
1992,Millennial,Poland,Medium,IT,Inactive,1987.0,26,2,Rent,6,7,2
1962,Baby Boomer,France,Low,IT,Employed,3067.0,27,7,Rent,4,4,4
1951,Baby Boomer,France,Low,Manufacturing,Inactive,2760.0,22,15,With parents,9,5,10
1954,Baby Boomer,Germany,High,Manufacturing,Employed,2478.0,19,35,Rent,10,8,6
1951,Baby Boomer,Czechia,Medium,Unemployed,Employed,2614.0,29,19,Rent,1,4,5
1977,Gen X,Italy,High,IT,Employed,1810.0,21,7,Own,9,7,8
1967,Gen X,Germany,Medium,IT,Inactive,3071.0,28,9,Own,10,2,2
1965,Gen X,Czechia,High,Retail,Unemployed,2614.0,16,31,With parents,1,2,3
1963,Baby Boomer,Germany,Medium,Unemployed,Inactive,2054.0,21,26,Own,1,9,2
1992,Millennial,Italy,High,Education,Employed,2289.0,20,30,Rent,5,10,10
1963,Baby Boomer,Sweden,High,Retail,Employed,2960.0,28,2,Own,1,8,2
1980,Gen X,France,Medium,Finance,Employed,3045.0,16,5,Rent,10,3,4
1973,Gen X,Netherlands,High,Education,Employed,1892.0,28,16,With parents,9,7,2
2004,Gen Z,Netherlands,High,Unemployed,Employed,1396.0,26,9,Own,6,1,2
1962,Baby Boomer,Netherlands,Low,Finance,Inactive,1790.0,16,20,With parents,9,4,3
1946,Baby Boomer,Italy,Medium,Education,Employed,1836.0,18,28,Own,5,4,1
1945,Baby Boomer,Spain,Low,IT,Unemployed,2311.0,19,28,Own,6,8,5
1991,Millennial,Spain,High,Unemployed,Inactive,3278.0,16,19,Own,2,4,4
1949,Baby Boomer,Spain,Low,Unemployed,Employed,1777.0,27,14,With parents,9,9,1
1964,Baby Boomer,Poland,Low,Retail,Inactive,2549.0,29,1,Own,3,10,6
1955,Baby Boomer,France,Medium,Education,Employed,2034.0,25,32,Rent,5,7,7
1986,Millennial,France,Medium,Finance,Unemployed,2217.0,22,11,Own,8,10,4
1946,Baby Boomer,Sweden,High,Education,Employed,2473.0,17,12,Own,5,5,3
1947,Baby Boomer,Sweden,High,Manufacturing,Employed,3281.0,26,20,Rent,10,8,9
1967,Gen X,Poland,Medium,Education,Employed,2423.0,19,15,With parents,4,4,3
1999,Gen Z,Germany,Low,Construction,Inactive,0.0,27,33,With parents,4,10,5
1956,Baby Boomer,Czechia,High,IT,Unemployed,2021.0,24,26,Rent,5,6,5
1964,Baby Boomer,Sweden,Medium,Healthcare,Employed,3612.0,23,2,Own,3,5,7
1949,Baby Boomer,Netherlands,Medium,Manufacturing,Inactive,3228.0,17,8,Rent,10,10,1
1981,Millennial,Spain,Medium,Healthcare,Employed,2912.0,26,33,Rent,4,3,3
1982,Millennial,Netherlands,Medium,Unemployed,Inactive,3261.0,26,18,Own,5,8,3
1974,Gen X,Spain,Medium,IT,Employed,2942.0,24,25,Rent,4,6,10
1953,Baby Boomer,Netherlands,High,Construction,Employed,3244.0,16,22,With parents,3,4,10
1978,Gen X,Germany,Medium,Unemployed,Employed,1194.0,21,17,With parents,1,1,8
1997,Gen Z,Czechia,High,Healthcare,Employed,2146.0,18,9,With parents,2,10,3
1988,Millennial,Netherlands,Medium,Unemployed,Employed,2333.0,16,9,Rent,9,1,7
1979,Gen X,Netherlands,Low,Education,Employed,2249.0,23,20,Own,10,3,9
1996,Millennial,Italy,High,Healthcare,Employed,1681.0,21,6,With parents,2,8,8
2002,Gen Z,Czechia,Medium,Retail,Employed,2332.0,19,11,Own,2,8,6
1966,Gen X,Netherlands,Low,IT,Inactive,670.0,18,32,Own,5,2,5
1988,Millennial,Italy,Medium,Retail,Employed,2608.0,28,24,With parents,10,1,7
1968,Gen X,France,Medium,Healthcare,Employed,1594.0,25,27,Rent,9,5,9
1961,Baby Boomer,Czechia,High,Unemployed,Employed,242.0,17,23,With parents,3,1,6
1954,Baby Boomer,Poland,Medium,Construction,Employed,2215.0,28,30,Rent,9,8,2
1974,Gen X,Czechia,High,Unemployed,Unemployed,3593.0,20,17,Own,4,9,8
2000,Gen Z,Czechia,Low,Unemployed,Unemployed,489.0,23,22,With parents,3,2,4
2003,Gen Z,Netherlands,Medium,Retail,Employed,1981.0,27,6,With parents,5,4,6
1990,Millennial,France,High,Manufacturing,Employed,740.0,23,7,Rent,7,6,2
1967,Gen X,Czechia,High,Healthcare,Unemployed,2431.0,18,14,Rent,7,7,6
1976,Gen X,Sweden,Low,Finance,Inactive,2984.0,24,27,Own,2,5,2
1961,Baby Boomer,Sweden,Medium,Retail,Employed,1472.0,25,26,With parents,7,1,1
1994,Millennial,Italy,Medium,Education,Employed,1819.0,20,20,With parents,7,7,5
1995,Millennial,Netherlands,Medium,Healthcare,Employed,2066.0,22,26,With parents,2,7,4
1961,Baby Boomer,Netherlands,High,Construction,Employed,3315.0,26,13,Rent,10,5,4
1958,Baby Boomer,Czechia,High,Finance,Unemployed,942.0,24,20,Rent,9,2,1
1953,Baby Boomer,Germany,Medium,Construction,Employed,1792.0,22,13,With parents,8,2,9
1984,Millennial,France,High,Manufacturing,Employed,3614.0,25,5,Rent,2,9,8
1946,Baby Boomer,Spain,Medium,Education,Employed,1545.0,18,11,Own,6,9,1
1989,Millennial,Spain,Low,Healthcare,Employed,1845.0,17,27,With parents,8,4,5
1969,Gen X,Germany,Medium,Construction,Employed,2362.0,27,28,With parents,9,4,9
1983,Millennial,Italy,High,Education,Employed,4294.0,22,2,Own,1,7,1
1953,Baby Boomer,Spain,High,Healthcare,Unemployed,1194.0,25,32,With parents,7,5,10
1998,Gen Z,Czechia,Medium,Healthcare,Employed,2880.0,23,11,With parents,10,1,10
1966,Gen X,Spain,Medium,IT,Employed,1131.0,27,11,With parents,5,5,3
1987,Millennial,Sweden,High,Retail,Employed,1293.0,27,10,With parents,9,4,4
1990,Millennial,Sweden,Medium,Healthcare,Employed,1738.0,19,27,Rent,9,3,2
1948,Baby Boomer,Poland,Medium,Manufacturing,Employed,2618.0,16,34,Own,3,1,9
1970,Gen X,France,High,Finance,Employed,1705.0,21,33,With parents,10,9,1
2002,Gen Z,Italy,High,Retail,Unemployed,2320.0,24,21,Rent,7,4,4
1973,Gen X,Netherlands,Medium,IT,Employed,1554.0,19,22,With parents,3,3,10
1989,Millennial,France,Medium,Retail,Unemployed,2273.0,18,11,Rent,4,8,3
1978,Gen X,Italy,Medium,Retail,Employed,1032.0,21,18,Rent,8,7,10
1967,Gen X,Spain,Low,Healthcare,Employed,1054.0,21,30,Own,1,6,9
1981,Millennial,Poland,High,Manufacturing,Employed,1738.0,19,12,Rent,4,6,3
1955,Baby Boomer,France,Medium,Healthcare,Employed,2750.0,22,18,With parents,4,2,7
1950,Baby Boomer,Spain,High,Construction,Employed,2374.0,26,35,Own,3,9,2
1962,Baby Boomer,Italy,Low,Manufacturing,Employed,1503.0,17,21,Own,2,1,8
1965,Gen X,France,Medium,Construction,Employed,1182.0,16,29,With parents,8,4,2
1986,Millennial,Netherlands,Low,Manufacturing,Employed,3130.0,26,3,With parents,6,4,10
1980,Gen X,France,High,Education,Employed,3427.0,21,12,Own,2,9,9
1985,Millennial,Spain,Medium,Healthcare,Inactive,2657.0,18,19,Rent,8,3,9
1982,Millennial,Czechia,Medium,Unemployed,Inactive,2520.0,18,5,Own,8,9,9
1978,Gen X,Czechia,Low,Unemployed,Employed,276.0,28,11,Own,7,2,6
1961,Baby Boomer,France,Low,Construction,Employed,2734.0,16,15,With parents,8,1,7
1981,Millennial,Netherlands,Low,IT,Employed,3630.0,28,16,With parents,9,7,4
1969,Gen X,Poland,Medium,Finance,Employed,3165.0,17,7,With parents,3,2,2
1982,Millennial,Poland,Medium,Unemployed,Unemployed,3116.0,18,32,Own,2,1,3
2002,Gen Z,Czechia,Medium,Unemployed,Employed,710.0,16,11,Own,7,9,3
1956,Baby Boomer,Spain,Medium,Retail,Employed,1566.0,23,25,With parents,2,8,1
1967,Gen X,Italy,Medium,Education,Inactive,2070.0,21,18,Own,3,3,3
1997,Gen Z,Spain,Medium,Construction,Unemployed,1560.0,24,12,With parents,6,2,4
1986,Millennial,Poland,Low,IT,Unemployed,1156.0,16,9,Own,9,1,4
1966,Gen X,Germany,Low,Finance,Inactive,2577.0,26,33,Rent,9,10,3
1965,Gen X,Germany,High,Finance,Unemployed,3097.0,29,30,With parents,10,4,10
1971,Gen X,France,Medium,Healthcare,Employed,943.0,27,26,Rent,2,6,4
2001,Gen Z,Netherlands,Low,Manufacturing,Employed,3134.0,19,2,With parents,1,2,4
1975,Gen X,Czechia,Low,Construction,Employed,2401.0,19,4,With parents,6,6,3
1950,Baby Boomer,Sweden,High,Healthcare,Employed,3661.0,20,4,Own,7,5,5
1971,Gen X,Sweden,High,Finance,Unemployed,2915.0,26,6,With parents,8,1,3
1984,Millennial,Sweden,Medium,Healthcare,Employed,2317.0,17,12,Rent,4,10,8
1978,Gen X,France,Medium,Education,Employed,2324.0,28,33,Rent,7,7,3
1956,Baby Boomer,Germany,Medium,Construction,Employed,2202.0,16,35,Own,9,7,10
1989,Millennial,Poland,High,IT,Employed,3837.0,27,33,With parents,1,5,3
2001,Gen Z,France,High,Finance,Inactive,2751.0,24,2,With parents,3,4,8
1997,Gen Z,Sweden,Medium,Construction,Employed,1869.0,20,9,Own,5,2,1
1951,Baby Boomer,Sweden,High,Unemployed,Employed,2712.0,23,34,With parents,7,7,4
1954,Baby Boomer,Czechia,High,Education,Employed,2619.0,29,5,With parents,5,8,3
1989,Millennial,Spain,Medium,IT,Employed,1819.0,27,20,Rent,1,9,1
1961,Baby Boomer,Sweden,Medium,Unemployed,Unemployed,1462.0,18,4,Rent,1,6,1
1970,Gen X,Netherlands,Low,Education,Employed,3264.0,19,2,Rent,1,2,7
1965,Gen X,Sweden,Low,Retail,Inactive,1964.0,19,19,Rent,8,1,4
1972,Gen X,Spain,High,Manufacturing,Inactive,1913.0,21,29,With parents,7,2,5
2002,Gen Z,Sweden,Medium,Unemployed,Inactive,2724.0,19,11,With parents,3,3,2
1990,Millennial,Netherlands,High,Unemployed,Employed,1734.0,20,34,Rent,4,1,3
1946,Baby Boomer,Poland,High,Manufacturing,Inactive,2406.0,27,31,With parents,8,5,1
2004,Gen Z,France,Low,Manufacturing,Employed,1858.0,29,18,Own,7,7,4
1998,Gen Z,Netherlands,Medium,Retail,Inactive,0.0,20,14,Own,7,9,8
1987,Millennial,Spain,High,Finance,Inactive,2548.0,23,9,With parents,6,6,3
1945,Baby Boomer,France,High,Finance,Inactive,2436.0,24,25,With parents,9,8,1
1995,Millennial,France,High,Retail,Unemployed,2518.0,26,5,Rent,6,2,4
1997,Gen Z,Spain,Medium,Manufacturing,Employed,332.0,23,25,Rent,1,5,9
1980,Gen X,Czechia,Medium,Manufacturing,Employed,984.0,27,1,Own,5,9,10
1995,Millennial,Germany,Medium,IT,Employed,3246.0,20,31,With parents,8,7,8
1970,Gen X,Sweden,High,IT,Unemployed,2267.0,27,2,With parents,6,7,10
1973,Gen X,Netherlands,Medium,Unemployed,Employed,496.0,27,18,Rent,5,3,3
1965,Gen X,Spain,High,Healthcare,Employed,2276.0,21,35,With parents,9,3,4
1955,Baby Boomer,Poland,Medium,Unemployed,Employed,787.0,19,19,Rent,7,2,5
1984,Millennial,Italy,High,Construction,Employed,1684.0,17,29,Rent,7,9,7
1955,Baby Boomer,Spain,Medium,Construction,Inactive,2428.0,26,19,With parents,1,4,1
1980,Gen X,Sweden,Medium,Construction,Employed,2430.0,26,33,Rent,2,9,3
1993,Millennial,Sweden,Medium,Education,Unemployed,3106.0,20,16,Own,10,4,1
2003,Gen Z,France,Medium,IT,Employed,2619.0,16,22,Rent,5,8,3
1983,Millennial,France,Medium,IT,Unemployed,2675.0,16,8,Own,3,1,6
1984,Millennial,Spain,Low,IT,Employed,1857.0,16,26,With parents,8,1,9
1979,Gen X,Italy,Low,IT,Employed,1435.0,19,16,With parents,4,6,6
1998,Gen Z,Czechia,Medium,Unemployed,Inactive,2244.0,29,16,With parents,7,6,8
1978,Gen X,Spain,High,Retail,Employed,3118.0,20,1,With parents,5,7,4
1999,Gen Z,Italy,Medium,Healthcare,Employed,2943.0,19,14,With parents,6,7,5
1991,Millennial,Czechia,Low,IT,Employed,2019.0,21,10,Rent,7,10,8
1968,Gen X,Italy,High,Finance,Employed,2146.0,17,8,With parents,8,3,1
1998,Gen Z,Sweden,Medium,Education,Employed,1388.0,20,13,With parents,3,9,8
1966,Gen X,Sweden,High,Construction,Employed,3235.0,28,7,With parents,3,9,2
1949,Baby Boomer,Sweden,Medium,IT,Employed,3654.0,21,11,Own,2,3,6
2000,Gen Z,Poland,Low,Retail,Employed,2595.0,20,6,Rent,6,7,4
1977,Gen X,Sweden,Medium,Finance,Employed,728.0,21,2,With parents,2,4,10
2002,Gen Z,Netherlands,Medium,Construction,Employed,2806.0,23,25,With parents,1,6,10
1980,Gen X,France,Low,Manufacturing,Inactive,3689.0,17,2,Rent,1,6,4
1991,Millennial,France,Low,Unemployed,Employed,1193.0,28,3,Own,9,5,5
1964,Baby Boomer,Italy,Low,Manufacturing,Inactive,2961.0,22,31,With parents,1,6,1
1963,Baby Boomer,France,Medium,Construction,Employed,2031.0,29,13,Own,7,7,4
1979,Gen X,Germany,Medium,Healthcare,Employed,3319.0,21,2,Rent,5,2,8
1996,Millennial,Czechia,Medium,Manufacturing,Employed,1158.0,25,12,With parents,6,7,9
1987,Millennial,Italy,Low,IT,Employed,1810.0,23,7,Rent,10,7,2
1961,Baby Boomer,France,Medium,Construction,Employed,789.0,24,1,With parents,9,7,6
2003,Gen Z,Germany,Medium,Retail,Employed,2506.0,29,30,With parents,3,10,5
1989,Millennial,Czechia,Medium,Healthcare,Unemployed,2698.0,23,26,With parents,6,5,8
1987,Millennial,Poland,Low,Finance,Employed,2510.0,29,16,With parents,7,3,8
1978,Gen X,France,Low,IT,Inactive,1736.0,20,34,Rent,2,5,8
1953,Baby Boomer,Germany,Medium,Manufacturing,Inactive,1805.0,19,23,With parents,6,1,10
1970,Gen X,Spain,Low,Education,Employed,1906.0,18,0,Own,6,5,1
1946,Baby Boomer,Netherlands,Medium,Unemployed,Employed,2997.0,25,28,With parents,5,3,10
1997,Gen Z,Spain,Medium,IT,Employed,893.0,24,25,Rent,7,7,4
1953,Baby Boomer,Germany,Medium,Education,Employed,1893.0,22,34,Own,9,4,2
1953,Baby Boomer,Italy,Low,Finance,Employed,875.0,16,23,With parents,7,6,4
1984,Millennial,Sweden,Medium,Education,Unemployed,1832.0,18,32,Rent,2,6,6
1961,Baby Boomer,Sweden,Medium,Finance,Inactive,2187.0,28,25,Rent,4,4,4
1945,Baby Boomer,Sweden,High,Healthcare,Unemployed,4090.0,27,25,With parents,1,1,5
1969,Gen X,Czechia,High,Retail,Employed,1599.0,18,10,Own,2,3,3
1987,Millennial,Italy,Medium,Manufacturing,Employed,3124.0,28,28,Rent,9,3,2
1984,Millennial,Czechia,Medium,Unemployed,Employed,661.0,21,28,Rent,7,6,7
1986,Millennial,France,Medium,Manufacturing,Employed,2236.0,28,2,Own,8,10,6
1969,Gen X,Sweden,High,Unemployed,Employed,2234.0,17,8,With parents,8,8,3
1983,Millennial,Spain,Low,IT,Employed,2871.0,19,34,With parents,2,2,10
1979,Gen X,Italy,High,Construction,Inactive,1708.0,27,5,With parents,5,6,9
1947,Baby Boomer,Italy,Medium,Manufacturing,Unemployed,1494.0,17,8,With parents,1,7,6
1994,Millennial,Sweden,Medium,Healthcare,Employed,328.0,20,7,Own,9,3,5
1981,Millennial,Spain,Low,Manufacturing,Inactive,2498.0,28,26,Rent,5,1,8
1988,Millennial,Poland,Medium,IT,Employed,1622.0,19,33,With parents,1,2,2
1988,Millennial,Italy,Medium,Manufacturing,Employed,3123.0,19,23,Rent,7,5,6
1995,Millennial,Sweden,Low,Retail,Unemployed,2661.0,27,4,Rent,9,1,6
1974,Gen X,Netherlands,Medium,Finance,Inactive,3267.0,19,9,Own,1,4,7
1982,Millennial,Germany,High,Education,Employed,1414.0,28,19,Rent,1,6,3
1978,Gen X,Czechia,Medium,Education,Employed,2384.0,19,21,With parents,1,1,6
1956,Baby Boomer,France,Medium,Finance,Unemployed,2371.0,29,11,Rent,7,6,3
1963,Baby Boomer,Italy,Low,Education,Employed,1753.0,20,28,With parents,10,8,8
1981,Millennial,Netherlands,High,Retail,Employed,3307.0,17,30,With parents,3,1,5
1988,Millennial,Netherlands,High,Healthcare,Employed,2903.0,21,5,With parents,9,8,6
2003,Gen Z,Italy,Medium,IT,Inactive,4028.0,16,6,Rent,9,8,9
2003,Gen Z,Poland,Medium,Retail,Employed,2825.0,25,32,Own,7,2,9
1993,Millennial,Germany,Medium,IT,Inactive,3882.0,17,14,Rent,3,3,5
1961,Baby Boomer,France,Medium,Healthcare,Employed,3862.0,18,12,Own,10,6,10
1954,Baby Boomer,Italy,Low,Retail,Employed,1758.0,17,23,Own,8,8,7
2001,Gen Z,Czechia,High,Manufacturing,Inactive,877.0,18,29,Own,6,5,6
1999,Gen Z,France,Medium,Construction,Employed,3718.0,23,32,Rent,4,9,10
1993,Millennial,Spain,Medium,Healthcare,Employed,2824.0,18,19,Own,8,4,4
1991,Millennial,Netherlands,Medium,Education,Employed,2669.0,26,18,Own,3,4,1
1956,Baby Boomer,Netherlands,High,Retail,Unemployed,1796.0,29,18,Own,1,8,4
1960,Baby Boomer,Italy,Low,Healthcare,Employed,2557.0,25,23,With parents,4,5,2
1968,Gen X,Italy,Medium,Healthcare,Employed,3115.0,16,4,Own,9,8,8
1963,Baby Boomer,Czechia,Medium,Retail,Employed,2793.0,29,21,With parents,7,1,2
1952,Baby Boomer,Spain,Medium,Education,Employed,1648.0,26,21,Own,1,10,9
1975,Gen X,Poland,High,Finance,Employed,3588.0,23,27,Rent,1,5,10
1965,Gen X,Italy,Low,Education,Unemployed,2312.0,23,16,With parents,1,8,6
1961,Baby Boomer,Netherlands,High,Healthcare,Employed,2811.0,22,30,Own,6,8,5
1967,Gen X,France,Low,IT,Employed,2957.0,19,6,Rent,10,7,9
1981,Millennial,Germany,Low,Finance,Employed,4119.0,27,16,With parents,10,3,2
1998,Gen Z,Sweden,High,Unemployed,Inactive,2573.0,20,11,Rent,9,10,1
1960,Baby Boomer,France,Medium,Finance,Employed,2153.0,27,6,Own,3,10,9
1950,Baby Boomer,Poland,Medium,Healthcare,Employed,3922.0,27,28,Own,3,7,10
1952,Baby Boomer,Germany,Low,Retail,Unemployed,3197.0,26,7,Own,7,3,4
1969,Gen X,France,Medium,Retail,Employed,2475.0,29,3,Own,6,6,2
1962,Baby Boomer,France,Medium,Retail,Employed,2419.0,25,15,With parents,9,9,6
1969,Gen X,Spain,High,Education,Employed,436.0,21,15,With parents,3,8,1
1956,Baby Boomer,Sweden,High,Manufacturing,Unemployed,2121.0,21,21,With parents,7,4,4
1959,Baby Boomer,Czechia,Medium,Retail,Employed,938.0,22,10,Own,7,5,4
2003,Gen Z,Poland,Medium,Retail,Unemployed,0.0,19,10,Own,9,4,10
1970,Gen X,Netherlands,Medium,Finance,Employed,1664.0,23,4,Rent,6,6,7
1985,Millennial,Spain,Medium,IT,Employed,957.0,17,11,Rent,9,8,3
1989,Millennial,Germany,Low,IT,Employed,1880.0,24,24,With parents,6,6,8
1970,Gen X,Sweden,Medium,Healthcare,Inactive,2477.0,21,12,Own,2,5,2
1991,Millennial,Netherlands,Low,Healthcare,Employed,2658.0,29,25,Own,6,9,4
1976,Gen X,Spain,Low,Healthcare,Employed,2102.0,27,10,Rent,5,7,8
1954,Baby Boomer,Sweden,Low,Retail,Employed,1040.0,16,22,With parents,6,10,4
1960,Baby Boomer,Czechia,Medium,IT,Employed,2091.0,16,12,Own,9,3,5
1951,Baby Boomer,Poland,High,Healthcare,Employed,1241.0,28,32,Rent,6,10,10
1961,Baby Boomer,Italy,Medium,Unemployed,Employed,3463.0,23,27,With parents,5,2,8
1967,Gen X,Czechia,Medium,IT,Employed,2067.0,25,3,With parents,5,5,8
1970,Gen X,Italy,Low,Retail,Employed,1175.0,25,27,With parents,3,5,5
1965,Gen X,Germany,Medium,Finance,Unemployed,1254.0,28,33,Rent,5,6,6
1966,Gen X,Italy,Medium,Retail,Inactive,2206.0,22,9,Own,5,1,9
2002,Gen Z,Spain,Medium,Healthcare,Employed,2252.0,18,7,Rent,10,5,2
1951,Baby Boomer,Germany,High,Retail,Employed,2026.0,23,8,Own,3,7,3
1958,Baby Boomer,Netherlands,Low,Retail,Employed,3094.0,23,17,Own,7,9,9
1959,Baby Boomer,Czechia,Low,Unemployed,Employed,1335.0,28,1,Own,8,3,3
1997,Gen Z,Czechia,Medium,IT,Employed,3103.0,22,17,With parents,7,7,5
1951,Baby Boomer,Poland,High,Manufacturing,Employed,2115.0,29,1,Own,2,7,3
1953,Baby Boomer,Germany,High,Unemployed,Inactive,2976.0,20,21,With parents,7,7,10
1995,Millennial,Netherlands,High,Education,Employed,1637.0,23,15,Rent,1,4,4
1992,Millennial,Czechia,Medium,Unemployed,Employed,2900.0,20,31,Own,3,3,3
1952,Baby Boomer,Germany,High,Healthcare,Employed,1474.0,16,9,Rent,10,1,10
1994,Millennial,France,Low,Construction,Employed,3683.0,23,33,Rent,4,6,4
2003,Gen Z,France,Low,Manufacturing,Inactive,2128.0,22,15,Own,6,4,1
1967,Gen X,Germany,High,Finance,Employed,1812.0,22,33,Own,9,8,8
1973,Gen X,Czechia,High,Construction,Inactive,1144.0,17,33,With parents,9,6,10
1962,Baby Boomer,Sweden,Low,Healthcare,Employed,2352.0,26,12,Own,6,6,7
1975,Gen X,Italy,Low,Manufacturing,Employed,2066.0,27,11,With parents,9,8,6
1974,Gen X,France,Low,Retail,Inactive,997.0,27,14,With parents,6,5,7
1996,Millennial,Sweden,Low,Healthcare,Employed,1537.0,27,29,Own,7,8,8
1983,Millennial,Sweden,Low,Manufacturing,Employed,441.0,18,30,Own,6,1,1
1979,Gen X,Poland,High,Education,Unemployed,1183.0,27,28,Own,3,10,7
1962,Baby Boomer,Netherlands,Medium,Retail,Employed,2089.0,18,33,With parents,1,2,9
2003,Gen Z,Spain,High,Unemployed,Employed,2518.0,27,31,With parents,4,8,4
1986,Millennial,France,High,Healthcare,Employed,1909.0,27,22,With parents,1,1,2
1983,Millennial,Germany,Medium,Finance,Employed,2624.0,26,9,With parents,10,5,1
1961,Baby Boomer,Italy,High,Unemployed,Employed,1337.0,25,7,With parents,1,5,8
1958,Baby Boomer,Spain,Medium,Finance,Inactive,2599.0,21,20,Own,5,2,9
1975,Gen X,Netherlands,Medium,Healthcare,Employed,2131.0,21,10,With parents,8,2,3
1968,Gen X,Sweden,Medium,Manufacturing,Employed,2015.0,18,11,Own,1,1,8
1979,Gen X,Netherlands,Medium,Unemployed,Employed,2197.0,26,18,With parents,5,4,8
1988,Millennial,Czechia,High,Unemployed,Employed,1661.0,20,33,With parents,8,6,1
2004,Gen Z,France,High,Healthcare,Employed,819.0,24,33,Own,3,3,8
1989,Millennial,Netherlands,Medium,Construction,Employed,1259.0,22,25,Rent,6,10,2
1978,Gen X,Netherlands,High,Retail,Unemployed,929.0,24,15,Rent,7,4,2
1947,Baby Boomer,Italy,Low,IT,Employed,1995.0,17,18,With parents,10,8,4
1981,Millennial,Czechia,High,Unemployed,Employed,2814.0,25,28,Own,8,2,10
1987,Millennial,Czechia,Medium,Finance,Employed,3535.0,25,35,Rent,3,9,7
1984,Millennial,Sweden,Low,Unemployed,Employed,1785.0,16,20,Rent,1,10,2
1970,Gen X,Italy,Medium,Unemployed,Unemployed,2055.0,17,9,Own,10,6,5
1999,Gen Z,Italy,Medium,Manufacturing,Employed,3894.0,21,22,Rent,8,9,4
1967,Gen X,Germany,Low,Education,Employed,1838.0,25,6,With parents,4,1,6
1988,Millennial,Netherlands,High,Unemployed,Employed,1636.0,22,4,With parents,2,4,3
1983,Millennial,Netherlands,Low,Healthcare,Employed,2083.0,23,18,With parents,1,7,9
1959,Baby Boomer,Czechia,High,Retail,Inactive,1818.0,26,32,Rent,6,10,1
2000,Gen Z,Netherlands,High,Healthcare,Employed,1589.0,21,23,Own,1,9,8
1993,Millennial,Poland,Medium,Education,Employed,933.0,21,22,Own,6,1,6
1948,Baby Boomer,Italy,Medium,Retail,Employed,3633.0,18,21,With parents,8,1,4
1973,Gen X,Spain,High,Education,Employed,2696.0,24,35,With parents,3,3,9
1966,Gen X,Czechia,Medium,Retail,Employed,3655.0,26,20,With parents,6,6,1
1969,Gen X,France,Medium,IT,Inactive,3059.0,17,17,With parents,6,5,9
1957,Baby Boomer,Czechia,Medium,Finance,Employed,2214.0,26,26,Rent,5,5,2
1962,Baby Boomer,Sweden,Medium,Retail,Unemployed,697.0,29,24,With parents,3,9,6
1977,Gen X,Spain,High,Education,Employed,1382.0,20,29,Rent,6,3,8
1960,Baby Boomer,Sweden,Low,Manufacturing,Unemployed,1886.0,18,13,With parents,1,5,2
1989,Millennial,Germany,Medium,Unemployed,Employed,1332.0,16,33,Own,4,7,5
1986,Millennial,Germany,Medium,Finance,Employed,562.0,17,31,Rent,8,2,10
1988,Millennial,Sweden,High,Unemployed,Inactive,1398.0,21,30,Own,6,7,10
1946,Baby Boomer,Netherlands,High,Construction,Employed,2025.0,29,1,Own,4,1,4
1999,Gen Z,Spain,Medium,IT,Employed,3631.0,25,34,Own,6,7,5
1979,Gen X,Netherlands,Low,Healthcare,Inactive,1594.0,16,22,With parents,1,2,10
1986,Millennial,Czechia,Low,IT,Employed,2790.0,26,5,Own,3,7,4
1978,Gen X,Poland,Medium,IT,Employed,1321.0,17,20,Own,7,3,3
1974,Gen X,Germany,Medium,Healthcare,Unemployed,1998.0,25,25,Own,1,5,4
2003,Gen Z,Germany,High,Retail,Inactive,2169.0,20,29,Rent,2,9,5
1999,Gen Z,Spain,Medium,Unemployed,Unemployed,3640.0,16,29,With parents,3,1,1
1957,Baby Boomer,Germany,Medium,IT,Employed,0.0,29,7,Own,4,6,4
1957,Baby Boomer,Poland,High,Unemployed,Employed,1470.0,29,32,With parents,6,7,9
1962,Baby Boomer,Poland,Medium,Finance,Unemployed,2422.0,26,9,Rent,9,10,8
1976,Gen X,Poland,Medium,Unemployed,Employed,2576.0,26,17,With parents,1,9,5
1976,Gen X,France,Low,IT,Inactive,1141.0,25,35,Own,4,4,3
1979,Gen X,Poland,Medium,Manufacturing,Employed,2165.0,19,10,With parents,4,9,2
2003,Gen Z,Poland,High,Finance,Employed,2212.0,20,7,With parents,6,1,8
1983,Millennial,France,Medium,Manufacturing,Employed,3524.0,20,0,With parents,1,4,8
1990,Millennial,Netherlands,Medium,Finance,Inactive,2388.0,20,7,With parents,9,6,5
1996,Millennial,Czechia,Medium,Education,Employed,2072.0,29,4,With parents,1,7,7
1973,Gen X,Italy,High,Healthcare,Inactive,1567.0,25,0,Rent,10,1,1
1993,Millennial,Germany,Medium,Finance,Inactive,2747.0,24,2,Own,1,1,6
1973,Gen X,Poland,Medium,Finance,Inactive,1971.0,24,26,With parents,3,9,10
1997,Gen Z,Germany,High,Retail,Inactive,1690.0,20,22,With parents,1,7,9
1988,Millennial,Spain,Low,Unemployed,Inactive,1318.0,21,10,Own,4,9,7
2001,Gen Z,Germany,High,Retail,Unemployed,1933.0,23,10,Own,7,5,5
1960,Baby Boomer,Sweden,Medium,Unemployed,Employed,2829.0,27,35,Own,9,9,6
2000,Gen Z,Netherlands,Medium,Education,Employed,1738.0,22,30,Own,4,5,7
1988,Millennial,Czechia,Medium,Retail,Employed,2231.0,21,23,With parents,6,6,6
1991,Millennial,France,Medium,Construction,Employed,1699.0,19,18,Own,2,8,5
2001,Gen Z,Germany,Medium,Unemployed,Employed,2353.0,18,31,Rent,7,9,2
1954,Baby Boomer,Germany,Low,Construction,Employed,2275.0,19,16,With parents,8,10,3
1974,Gen X,Germany,Medium,Retail,Inactive,1492.0,28,34,Rent,3,3,4
1969,Gen X,Italy,Low,Construction,Employed,2949.0,18,11,Own,1,2,5
1983,Millennial,Italy,Low,Unemployed,Employed,890.0,28,14,Rent,2,5,1
1964,Baby Boomer,Spain,High,Manufacturing,Unemployed,3222.0,23,12,With parents,2,6,10
1949,Baby Boomer,France,Medium,Construction,Employed,2496.0,21,29,With parents,6,8,7
1945,Baby Boomer,Germany,High,Retail,Employed,2729.0,21,18,With parents,7,4,8
1974,Gen X,Germany,Low,Retail,Inactive,714.0,16,8,With parents,5,1,7
1993,Millennial,Germany,Medium,Construction,Employed,2154.0,20,27,Rent,10,4,5
1947,Baby Boomer,Germany,Low,Unemployed,Employed,3580.0,23,24,With parents,1,10,1
1989,Millennial,Italy,High,Education,Employed,2069.0,26,3,With parents,5,8,9
1958,Baby Boomer,Netherlands,High,Education,Employed,2317.0,28,6,With parents,8,2,2
2000,Gen Z,Netherlands,Low,Unemployed,Unemployed,1170.0,17,3,Own,10,10,10
1974,Gen X,Spain,High,IT,Employed,905.0,29,22,Rent,2,8,1
1994,Millennial,Sweden,Low,Retail,Inactive,2407.0,18,5,Own,8,4,2
1948,Baby Boomer,Poland,Medium,Retail,Employed,1590.0,27,8,With parents,6,2,4
1962,Baby Boomer,France,High,Finance,Employed,1702.0,24,8,Own,1,4,2
1981,Millennial,Netherlands,High,Retail,Inactive,2257.0,27,20,With parents,10,1,6
1969,Gen X,Sweden,High,Manufacturing,Inactive,2818.0,28,2,Own,9,10,8
1992,Millennial,Czechia,Medium,Construction,Employed,2673.0,19,12,With parents,8,7,9
1945,Baby Boomer,Czechia,Low,Finance,Employed,2290.0,26,17,With parents,5,3,8
1997,Gen Z,Germany,Low,Retail,Unemployed,2998.0,25,30,With parents,4,4,8
1990,Millennial,Czechia,Medium,Manufacturing,Employed,3140.0,27,28,Own,1,3,9
1959,Baby Boomer,Netherlands,High,IT,Employed,2082.0,20,1,With parents,2,8,8
1953,Baby Boomer,Spain,Low,Finance,Unemployed,3701.0,27,30,Own,5,3,2
1959,Baby Boomer,Poland,Medium,Construction,Employed,1221.0,27,6,With parents,5,7,7
1993,Millennial,Netherlands,Medium,Construction,Employed,820.0,26,9,Rent,8,2,3
2001,Gen Z,Spain,Medium,Unemployed,Employed,3445.0,22,12,With parents,5,10,1
1968,Gen X,Czechia,Medium,Unemployed,Inactive,1570.0,28,0,Rent,5,9,10
1948,Baby Boomer,Italy,Medium,Healthcare,Employed,0.0,20,24,With parents,3,6,9
1956,Baby Boomer,Poland,High,Retail,Unemployed,1907.0,17,29,With parents,7,3,8
2003,Gen Z,Spain,Low,Finance,Employed,3306.0,22,1,With parents,6,8,6
2002,Gen Z,Sweden,High,Construction,Employed,1923.0,26,35,With parents,5,8,2
1981,Millennial,Netherlands,Low,Education,Employed,602.0,21,23,With parents,2,6,1
1981,Millennial,Italy,Low,Finance,Employed,1939.0,26,11,Own,4,4,10
1987,Millennial,Sweden,Medium,Education,Employed,2033.0,24,4,Own,3,3,6
2004,Gen Z,Spain,High,Retail,Employed,1898.0,17,14,Own,7,9,5
1950,Baby Boomer,Spain,Medium,Manufacturing,Unemployed,1553.0,17,6,Rent,9,5,2
1983,Millennial,Czechia,Medium,Education,Unemployed,1595.0,28,1,With parents,3,4,1
2000,Gen Z,Sweden,Medium,Finance,Employed,2855.0,28,2,With parents,7,9,3
1990,Millennial,Netherlands,Low,Unemployed,Unemployed,1678.0,23,3,With parents,9,7,5
1968,Gen X,Poland,High,Finance,Employed,2345.0,25,15,Rent,5,3,9
1955,Baby Boomer,Italy,High,Construction,Employed,2342.0,26,26,Rent,8,6,8
1957,Baby Boomer,Czechia,Low,Unemployed,Employed,1645.0,16,21,Rent,8,8,9
1978,Gen X,Germany,Medium,Education,Employed,1523.0,23,2,Rent,7,5,5
1969,Gen X,France,High,IT,Employed,2263.0,20,16,Own,1,2,4
1951,Baby Boomer,Poland,Medium,Construction,Employed,713.0,16,21,Rent,5,8,3
1996,Millennial,Czechia,Medium,IT,Employed,3994.0,25,6,Rent,10,2,3
1948,Baby Boomer,Italy,Low,IT,Employed,1685.0,26,29,Rent,9,1,4
2003,Gen Z,Sweden,Medium,Education,Inactive,1848.0,16,7,Rent,9,5,5
1952,Baby Boomer,Spain,Low,Education,Unemployed,2863.0,21,18,Own,6,5,10
1964,Baby Boomer,Sweden,High,Finance,Employed,2047.0,27,6,With parents,8,1,7
1973,Gen X,Czechia,Medium,Retail,Inactive,1824.0,25,0,Rent,4,6,9
1998,Gen Z,Italy,Medium,Retail,Employed,996.0,26,15,Own,9,7,4
1997,Gen Z,Sweden,High,Manufacturing,Unemployed,2292.0,17,30,Own,2,9,5
1995,Millennial,Sweden,Low,Unemployed,Employed,1708.0,17,26,Own,2,9,5
1989,Millennial,France,Medium,Education,Employed,4073.0,16,9,With parents,7,2,4
1990,Millennial,Netherlands,Medium,Construction,Employed,2015.0,16,33,Rent,4,8,3
1954,Baby Boomer,Czechia,Medium,Unemployed,Employed,160.0,19,13,With parents,4,9,7
1987,Millennial,France,High,Construction,Employed,3055.0,20,1,Own,2,4,5
1978,Gen X,Czechia,High,Unemployed,Employed,1300.0,19,21,With parents,9,7,2
2001,Gen Z,Germany,Low,Retail,Employed,2296.0,21,25,Own,2,5,9
1970,Gen X,Germany,High,Retail,Employed,3464.0,23,4,Own,9,1,1
1985,Millennial,France,Medium,IT,Unemployed,1922.0,26,15,Rent,5,10,4
1993,Millennial,Poland,High,IT,Employed,2016.0,26,11,Own,5,8,7
2002,Gen Z,Poland,Medium,Construction,Unemployed,3041.0,17,16,With parents,7,2,8
1947,Baby Boomer,Sweden,Medium,Construction,Employed,3483.0,16,24,With parents,5,3,10
2000,Gen Z,Sweden,Medium,IT,Employed,2076.0,17,23,Own,6,5,6
1950,Baby Boomer,Spain,Medium,Healthcare,Employed,4020.0,28,10,Rent,3,7,7
1949,Baby Boomer,Germany,Medium,Unemployed,Inactive,635.0,25,17,With parents,3,5,9
1949,Baby Boomer,Czechia,Low,Retail,Employed,1388.0,29,35,Rent,3,10,6
1998,Gen Z,Spain,High,IT,Employed,1770.0,26,2,Rent,1,4,7
1991,Millennial,Germany,Medium,IT,Employed,3151.0,21,18,Rent,3,2,2
1967,Gen X,France,High,Education,Employed,2407.0,26,5,Rent,4,1,7
1993,Millennial,Poland,Medium,Construction,Employed,1592.0,29,22,Own,6,3,7
1953,Baby Boomer,Sweden,Medium,Finance,Employed,1187.0,19,6,Own,4,6,2
1979,Gen X,Poland,High,IT,Inactive,856.0,22,8,Own,3,9,5
1964,Baby Boomer,France,Medium,Education,Unemployed,2665.0,29,1,Rent,8,9,4
2002,Gen Z,Spain,High,Manufacturing,Inactive,1850.0,17,10,With parents,5,5,7
1993,Millennial,Spain,High,IT,Employed,3113.0,16,2,With parents,3,3,4
2003,Gen Z,Italy,Medium,Finance,Employed,910.0,28,29,Own,4,3,9
1986,Millennial,Sweden,Medium,Education,Employed,2584.0,20,7,With parents,4,7,9
1979,Gen X,Sweden,Low,Finance,Inactive,2162.0,29,20,Own,3,7,5
1994,Millennial,Czechia,Medium,IT,Employed,1648.0,24,7,Rent,9,3,8
1962,Baby Boomer,Sweden,Low,Manufacturing,Employed,1713.0,28,10,Own,4,10,3
1961,Baby Boomer,Germany,High,IT,Inactive,2293.0,21,33,With parents,8,7,4
1968,Gen X,Spain,Medium,Education,Employed,2172.0,21,15,Own,9,8,2
1947,Baby Boomer,France,Medium,Manufacturing,Employed,1398.0,16,6,Own,7,3,3
1976,Gen X,Spain,Medium,Manufacturing,Employed,2664.0,16,3,With parents,3,5,4
1979,Gen X,Poland,High,Manufacturing,Employed,3285.0,19,31,Own,1,10,9
1982,Millennial,Germany,Low,Healthcare,Inactive,1980.0,29,21,Own,9,8,4
1957,Baby Boomer,Sweden,Low,Education,Employed,2724.0,17,6,With parents,4,7,1
2000,Gen Z,Czechia,Low,Healthcare,Employed,2057.0,18,12,Own,3,1,2
1991,Millennial,Czechia,High,Finance,Employed,4369.0,26,17,Rent,7,2,7
1969,Gen X,Czechia,High,Manufacturing,Employed,2212.0,21,33,Own,10,6,2
1953,Baby Boomer,Netherlands,Medium,Healthcare,Employed,2831.0,25,12,With parents,9,8,3
1948,Baby Boomer,Italy,High,IT,Employed,3251.0,28,33,Rent,7,5,10
1958,Baby Boomer,Germany,Low,Healthcare,Employed,1623.0,16,28,Rent,9,7,3
1981,Millennial,Poland,High,Retail,Employed,2835.0,26,4,With parents,7,10,8
1978,Gen X,Sweden,Low,Finance,Unemployed,2976.0,27,30,With parents,8,7,7
1955,Baby Boomer,Poland,Low,Manufacturing,Employed,2587.0,28,10,Own,8,3,1
1985,Millennial,Poland,Low,Manufacturing,Unemployed,2887.0,27,3,Rent,8,1,8
2000,Gen Z,Sweden,Medium,Construction,Employed,1617.0,26,6,Rent,2,6,3
1947,Baby Boomer,Poland,High,Unemployed,Employed,4133.0,25,22,Rent,2,5,5
2003,Gen Z,Czechia,Medium,Finance,Inactive,41.0,17,30,With parents,2,9,7
1972,Gen X,France,High,Finance,Employed,1443.0,19,16,Own,7,1,3
1973,Gen X,Italy,Medium,Education,Employed,996.0,21,9,With parents,8,5,8
1953,Baby Boomer,Netherlands,Low,IT,Employed,3751.0,28,21,Rent,10,3,8
1947,Baby Boomer,Poland,Medium,Construction,Employed,2082.0,18,29,Own,1,6,9
1969,Gen X,Poland,Medium,Finance,Employed,1350.0,24,28,Own,8,5,6
1978,Gen X,Spain,High,Construction,Employed,1655.0,25,16,With parents,8,4,2
1956,Baby Boomer,Italy,Medium,Finance,Employed,828.0,19,20,Rent,5,8,8
1986,Millennial,Germany,Medium,Construction,Employed,2765.0,22,21,Rent,3,9,10
1953,Baby Boomer,Italy,Medium,Education,Unemployed,2855.0,26,21,Rent,1,9,2
1959,Baby Boomer,Italy,Medium,Finance,Employed,2473.0,20,26,Own,4,1,9
1984,Millennial,Sweden,High,Healthcare,Employed,1556.0,21,22,Rent,7,9,2
1969,Gen X,Sweden,Low,Retail,Employed,3573.0,24,3,With parents,7,4,7
1949,Baby Boomer,Sweden,High,Retail,Employed,2904.0,24,25,Own,5,4,3
1955,Baby Boomer,Netherlands,Medium,Retail,Employed,630.0,21,16,With parents,6,9,1
2003,Gen Z,Czechia,Medium,Finance,Employed,2026.0,17,2,Own,9,1,8
1978,Gen X,Italy,High,Construction,Employed,1159.0,24,16,With parents,7,5,7
1968,Gen X,Netherlands,Medium,Retail,Unemployed,3525.0,26,18,Rent,2,8,3
2004,Gen Z,Poland,Medium,IT,Unemployed,1796.0,17,17,Own,2,5,1
1959,Baby Boomer,Sweden,Low,Healthcare,Employed,959.0,17,27,With parents,2,8,10
1982,Millennial,Poland,Low,Retail,Inactive,2068.0,17,14,Own,2,5,4
1952,Baby Boomer,Sweden,High,Manufacturing,Unemployed,3631.0,29,25,Own,5,2,5
2003,Gen Z,France,Medium,Finance,Employed,2978.0,22,34,Rent,10,2,3
1949,Baby Boomer,Netherlands,High,Healthcare,Inactive,1731.0,26,15,Own,5,8,5
1992,Millennial,Netherlands,Low,IT,Employed,2043.0,19,14,With parents,8,3,1
1970,Gen X,Czechia,Low,Retail,Employed,3095.0,23,4,Own,5,2,7
1962,Baby Boomer,Germany,Low,IT,Employed,3455.0,23,23,With parents,8,1,2
1950,Baby Boomer,Spain,Medium,Finance,Inactive,804.0,16,1,Rent,6,4,5
1981,Millennial,Italy,High,Retail,Employed,2338.0,16,35,Own,10,3,10
2004,Gen Z,Germany,Medium,Manufacturing,Employed,1881.0,19,30,With parents,4,8,2
1992,Millennial,Netherlands,Medium,Healthcare,Employed,1761.0,17,29,Own,10,1,8
1957,Baby Boomer,Germany,High,Construction,Employed,3408.0,28,11,Own,4,5,3
1972,Gen X,France,High,Manufacturing,Employed,981.0,18,20,Rent,3,10,1
1949,Baby Boomer,Spain,Low,Retail,Unemployed,2925.0,25,11,Own,9,6,6
1957,Baby Boomer,Czechia,High,Education,Employed,146.0,17,34,Own,5,1,8
1961,Baby Boomer,Netherlands,Medium,Unemployed,Employed,1547.0,25,21,Rent,8,9,7
1994,Millennial,Netherlands,Low,Healthcare,Unemployed,2230.0,24,35,Own,4,2,6
1984,Millennial,Italy,Low,IT,Employed,1020.0,29,7,Rent,3,4,5
1989,Millennial,Czechia,Medium,Retail,Employed,4183.0,21,26,Own,6,7,8
1976,Gen X,Czechia,Medium,Manufacturing,Employed,1554.0,22,26,With parents,6,9,10
1973,Gen X,Sweden,Medium,Finance,Inactive,1482.0,21,35,With parents,6,3,4
1995,Millennial,Spain,Low,Construction,Employed,1576.0,16,6,With parents,2,10,7
2002,Gen Z,France,High,Education,Employed,2725.0,29,2,Rent,6,2,2
1947,Baby Boomer,Poland,High,Construction,Employed,3017.0,20,3,Rent,5,8,9
2000,Gen Z,Germany,High,Finance,Unemployed,1806.0,18,23,Rent,5,9,8
1984,Millennial,Czechia,Medium,Retail,Employed,2485.0,25,7,Rent,3,2,4
1978,Gen X,Italy,Low,Unemployed,Employed,2555.0,23,12,Rent,5,3,7
1984,Millennial,Netherlands,Low,IT,Employed,903.0,29,8,Rent,10,6,1
1971,Gen X,Poland,Low,Manufacturing,Employed,2093.0,22,19,Own,1,3,5
1957,Baby Boomer,France,Medium,Healthcare,Employed,1633.0,24,19,With parents,1,6,2
1989,Millennial,Spain,Medium,Education,Employed,799.0,27,4,Rent,7,6,2
1977,Gen X,Czechia,High,Retail,Unemployed,2392.0,16,4,Own,10,3,2
1950,Baby Boomer,Germany,Medium,Retail,Inactive,3113.0,17,34,Own,7,2,2
1968,Gen X,Czechia,Medium,Retail,Employed,2239.0,17,0,Rent,9,8,5
1963,Baby Boomer,Italy,Medium,Retail,Employed,0.0,16,14,With parents,9,7,4
1960,Baby Boomer,Czechia,Medium,Manufacturing,Employed,1789.0,23,16,Rent,7,9,1
1984,Millennial,Czechia,Medium,Healthcare,Unemployed,1396.0,27,11,With parents,10,1,6
1972,Gen X,Czechia,Low,IT,Employed,3802.0,19,35,With parents,9,1,3
1977,Gen X,Netherlands,Medium,Education,Employed,1895.0,22,14,Rent,10,1,8
2003,Gen Z,Netherlands,Medium,Construction,Unemployed,748.0,25,13,With parents,9,1,2
2003,Gen Z,Poland,Low,Unemployed,Unemployed,2159.0,16,26,With parents,3,5,8
1992,Millennial,Poland,High,Retail,Employed,2772.0,23,21,With parents,4,2,6
1985,Millennial,Germany,High,Finance,Employed,2289.0,26,8,Rent,1,4,5
1957,Baby Boomer,Spain,Low,Retail,Employed,1478.0,23,20,With parents,2,9,10
1987,Millennial,France,Low,Healthcare,Employed,1787.0,26,2,With parents,8,3,6
1989,Millennial,Sweden,High,Healthcare,Unemployed,2889.0,25,30,Own,9,8,6
1969,Gen X,Spain,Low,Unemployed,Employed,2291.0,27,12,Rent,9,9,4
1997,Gen Z,Spain,Medium,Manufacturing,Employed,4023.0,18,1,With parents,9,9,1
1986,Millennial,Spain,Low,Manufacturing,Unemployed,2288.0,24,13,Rent,1,2,2
1980,Gen X,Sweden,Low,Finance,Employed,825.0,20,6,Rent,8,8,8
1971,Gen X,Germany,High,Finance,Employed,2020.0,20,28,Own,5,8,9
1982,Millennial,Sweden,High,Manufacturing,Employed,1693.0,27,3,Own,3,3,4
2004,Gen Z,Germany,Low,Education,Inactive,803.0,29,3,With parents,6,1,8
1951,Baby Boomer,Sweden,Medium,Finance,Employed,2317.0,20,23,With parents,4,1,10
1949,Baby Boomer,France,Low,Manufacturing,Employed,1824.0,16,20,With parents,1,4,6
1987,Millennial,Czechia,Low,Retail,Employed,2334.0,29,27,Rent,3,9,1
1989,Millennial,Spain,High,Manufacturing,Unemployed,3847.0,25,7,Own,2,9,6
2002,Gen Z,Czechia,Medium,Construction,Employed,2084.0,17,16,Own,1,2,7
2001,Gen Z,Germany,Medium,Education,Employed,3122.0,16,8,With parents,10,7,1
1995,Millennial,Sweden,High,Manufacturing,Inactive,2028.0,17,19,Own,9,1,9
1975,Gen X,France,High,Manufacturing,Inactive,2574.0,24,4,Rent,3,5,6
1967,Gen X,Sweden,High,Retail,Inactive,2308.0,24,34,With parents,1,10,8
1986,Millennial,Czechia,Low,Finance,Employed,2441.0,28,28,Own,3,5,8
1954,Baby Boomer,Netherlands,Low,Retail,Inactive,2082.0,29,11,With parents,1,8,9
1976,Gen X,France,Medium,Construction,Employed,3505.0,20,31,Rent,1,9,1
1987,Millennial,Spain,Medium,Construction,Employed,2769.0,19,30,Rent,9,3,6
1997,Gen Z,Italy,High,Unemployed,Employed,2304.0,28,30,With parents,1,6,9
1974,Gen X,Spain,Medium,Retail,Employed,3018.0,17,0,With parents,5,7,8
1983,Millennial,Italy,High,Manufacturing,Employed,2316.0,21,4,Own,5,6,4
1975,Gen X,France,Low,Retail,Employed,3205.0,28,35,Rent,1,9,5
1962,Baby Boomer,Netherlands,High,Healthcare,Unemployed,1138.0,24,11,Rent,9,10,9
1980,Gen X,Czechia,Medium,IT,Employed,4118.0,28,15,With parents,5,4,5
1946,Baby Boomer,Netherlands,High,IT,Employed,2355.0,23,15,Own,2,1,9
1958,Baby Boomer,Germany,Low,Retail,Employed,1173.0,25,20,With parents,7,4,1
1957,Baby Boomer,Netherlands,Medium,Finance,Inactive,2874.0,19,32,With parents,9,10,10
1973,Gen X,Poland,High,Education,Employed,3364.0,21,25,With parents,4,6,9
1956,Baby Boomer,France,Medium,Construction,Employed,1278.0,26,2,Rent,5,6,10
1983,Millennial,Czechia,Medium,Retail,Employed,1775.0,29,22,With parents,9,3,9
1946,Baby Boomer,Czechia,High,Finance,Inactive,3113.0,24,24,With parents,2,2,6
1976,Gen X,Germany,Medium,Retail,Employed,2708.0,25,19,Own,5,8,7
1957,Baby Boomer,Czechia,Medium,Manufacturing,Employed,1804.0,25,35,With parents,6,9,6
1990,Millennial,Netherlands,Low,Construction,Employed,1976.0,26,34,Own,3,10,4
1971,Gen X,France,High,Construction,Inactive,1075.0,19,32,With parents,10,10,7
1993,Millennial,Spain,Medium,Finance,Employed,1311.0,24,4,Rent,9,4,2
1985,Millennial,Netherlands,Medium,Construction,Employed,694.0,27,3,With parents,10,3,3
1961,Baby Boomer,Sweden,Low,Education,Employed,1886.0,23,7,Rent,8,10,4
1984,Millennial,Italy,Medium,Retail,Inactive,2810.0,18,10,With parents,4,1,3
1975,Gen X,France,Low,Healthcare,Employed,1960.0,24,26,Rent,5,2,9
1978,Gen X,Czechia,Low,Finance,Employed,3205.0,28,9,Rent,8,8,4
2004,Gen Z,Germany,Medium,IT,Employed,1619.0,27,19,With parents,10,6,10
1968,Gen X,Spain,Low,Finance,Employed,858.0,20,31,Own,10,6,1
1989,Millennial,Poland,Low,Unemployed,Employed,3239.0,16,26,Rent,1,1,8
1979,Gen X,Spain,Medium,Healthcare,Employed,2531.0,26,17,Rent,8,8,4
1992,Millennial,Netherlands,Low,Construction,Inactive,3305.0,23,25,With parents,6,6,9
1950,Baby Boomer,Italy,Medium,Unemployed,Employed,1897.0,20,34,Own,7,4,9
1963,Baby Boomer,Spain,Low,Healthcare,Inactive,3631.0,20,27,Rent,4,3,9
1974,Gen X,Poland,Medium,Construction,Employed,1231.0,17,0,With parents,6,6,9
1951,Baby Boomer,Sweden,Medium,Healthcare,Inactive,1941.0,24,33,Rent,10,3,7
1954,Baby Boomer,Germany,High,Education,Employed,2567.0,21,25,With parents,10,4,9
1985,Millennial,France,Medium,Education,Employed,1778.0,26,5,With parents,4,10,7
1976,Gen X,Italy,Low,Finance,Employed,2405.0,25,24,Own,10,8,8
1978,Gen X,Poland,Low,Unemployed,Unemployed,3323.0,27,16,With parents,10,7,2
1972,Gen X,Czechia,Medium,Education,Unemployed,2539.0,18,25,Own,2,7,4
2004,Gen Z,Netherlands,High,IT,Employed,2039.0,22,20,With parents,1,6,4
1959,Baby Boomer,Netherlands,Low,Unemployed,Employed,3304.0,17,31,With parents,4,8,4
1974,Gen X,Netherlands,Medium,Construction,Employed,2661.0,22,24,Rent,7,9,3
1981,Millennial,Czechia,Low,Manufacturing,Employed,2193.0,27,31,Own,8,1,1
1973,Gen X,Czechia,Medium,Finance,Employed,2128.0,26,18,Rent,3,3,6
1966,Gen X,Italy,Medium,Retail,Employed,1869.0,17,1,Own,3,8,5
1948,Baby Boomer,Spain,Medium,Retail,Employed,2959.0,26,34,Own,5,1,3
1964,Baby Boomer,Italy,High,Finance,Unemployed,2993.0,20,15,Rent,10,9,7
1976,Gen X,Netherlands,Medium,Manufacturing,Unemployed,3339.0,25,15,Own,10,1,6
1980,Gen X,Sweden,Low,Retail,Employed,2587.0,28,32,Own,7,9,4
1994,Millennial,Poland,Medium,Finance,Unemployed,1710.0,25,23,Rent,4,7,9
1948,Baby Boomer,France,Medium,Finance,Employed,2498.0,28,30,Own,7,6,4
1971,Gen X,France,Medium,Healthcare,Unemployed,1694.0,24,22,Rent,2,9,9
1961,Baby Boomer,Italy,Medium,IT,Employed,2346.0,28,16,With parents,1,10,3
1956,Baby Boomer,Netherlands,Medium,Unemployed,Unemployed,3469.0,24,32,Rent,6,4,7
1966,Gen X,Czechia,Medium,Retail,Employed,3263.0,21,35,Own,4,5,7
1961,Baby Boomer,Germany,High,IT,Employed,3015.0,18,18,With parents,7,10,1
1954,Baby Boomer,Sweden,Medium,Construction,Employed,2180.0,27,20,With parents,1,2,1
1998,Gen Z,Italy,High,Finance,Employed,3006.0,19,18,With parents,1,3,2
1945,Baby Boomer,Netherlands,Low,Manufacturing,Employed,1623.0,19,7,Rent,5,7,4
1966,Gen X,Spain,Medium,Finance,Employed,884.0,24,25,Rent,1,5,2
1970,Gen X,France,High,Retail,Unemployed,2445.0,19,17,With parents,2,8,10
2000,Gen Z,France,Medium,IT,Employed,1862.0,19,13,Own,3,3,10
2003,Gen Z,Sweden,High,Healthcare,Employed,3806.0,20,17,Own,1,3,5
1962,Baby Boomer,France,High,Unemployed,Employed,3669.0,21,27,With parents,8,1,2
1994,Millennial,Germany,Low,Healthcare,Employed,1580.0,23,32,Own,2,1,8
1958,Baby Boomer,Netherlands,Medium,Finance,Employed,2825.0,27,5,Own,2,2,6
1991,Millennial,Netherlands,Low,Manufacturing,Inactive,423.0,16,6,Rent,8,7,3
1973,Gen X,Sweden,High,Construction,Employed,2505.0,20,4,Own,7,9,2
1956,Baby Boomer,Netherlands,High,Unemployed,Employed,2482.0,24,26,Rent,3,6,9
1980,Gen X,Czechia,Low,Education,Employed,1306.0,25,7,With parents,5,5,1
2003,Gen Z,Sweden,Low,Retail,Employed,2349.0,19,32,Own,3,4,6
1979,Gen X,Netherlands,Medium,Finance,Employed,1365.0,23,11,Own,5,4,7
1996,Millennial,Germany,Medium,Healthcare,Employed,2967.0,24,14,Rent,9,7,9
1956,Baby Boomer,Poland,Low,Healthcare,Inactive,2368.0,16,16,Rent,3,1,7
1951,Baby Boomer,Italy,Medium,Manufacturing,Employed,3543.0,23,28,With parents,3,6,4
1973,Gen X,Italy,Medium,Healthcare,Employed,822.0,23,2,With parents,1,1,2
1955,Baby Boomer,Netherlands,Low,Retail,Employed,1419.0,20,10,Own,5,4,6
1977,Gen X,Spain,High,Manufacturing,Inactive,1763.0,25,25,Rent,3,10,10
1950,Baby Boomer,France,High,IT,Unemployed,2641.0,17,5,Rent,3,6,7
1991,Millennial,Germany,High,Manufacturing,Employed,2444.0,27,34,Own,4,2,6
1959,Baby Boomer,Spain,High,Construction,Inactive,2583.0,22,23,Rent,2,5,4
1976,Gen X,Czechia,Low,Retail,Employed,1616.0,29,33,Rent,2,10,7
1995,Millennial,Spain,Medium,Construction,Employed,487.0,26,23,Rent,8,4,10
1955,Baby Boomer,Netherlands,Low,Retail,Unemployed,1516.0,26,18,Rent,3,3,6
2002,Gen Z,Germany,High,IT,Unemployed,3467.0,20,12,Own,4,10,6
1967,Gen X,Italy,High,Finance,Inactive,1642.0,27,8,With parents,2,6,2
1970,Gen X,France,High,Manufacturing,Inactive,2359.0,20,18,With parents,5,7,2
1978,Gen X,Italy,High,Retail,Inactive,2255.0,21,31,Own,9,2,6
1990,Millennial,Spain,Medium,Retail,Employed,2365.0,27,20,With parents,9,6,1
1978,Gen X,Czechia,Medium,IT,Employed,998.0,25,31,Rent,8,10,8
1973,Gen X,France,Medium,Education,Employed,2936.0,23,11,Own,9,1,9
1948,Baby Boomer,Poland,Low,Manufacturing,Unemployed,2111.0,26,28,With parents,9,10,8
1961,Baby Boomer,Spain,Low,Unemployed,Employed,4279.0,16,32,Rent,9,4,10
1979,Gen X,Italy,Medium,Retail,Employed,1864.0,18,0,With parents,10,6,6
1957,Baby Boomer,Italy,Medium,Healthcare,Unemployed,3079.0,27,3,Own,2,3,10
1985,Millennial,Netherlands,Medium,IT,Inactive,1851.0,22,12,With parents,3,9,1
1983,Millennial,Italy,Medium,Education,Employed,3927.0,29,22,With parents,4,3,8
1959,Baby Boomer,Germany,Medium,Education,Employed,2858.0,26,27,With parents,1,4,2
1999,Gen Z,Spain,Medium,IT,Employed,1043.0,24,11,Own,6,5,4
1973,Gen X,Sweden,Medium,Education,Employed,3466.0,25,18,Rent,2,10,1
1973,Gen X,Sweden,Medium,Retail,Employed,2898.0,17,32,Own,4,8,1
1955,Baby Boomer,Czechia,High,Education,Inactive,1780.0,19,17,With parents,5,10,5
1996,Millennial,France,Medium,Manufacturing,Employed,748.0,26,33,Own,4,2,6
1976,Gen X,Italy,Medium,Unemployed,Employed,3278.0,19,29,With parents,6,4,9
1946,Baby Boomer,Netherlands,High,Healthcare,Employed,3755.0,26,5,Rent,10,2,3
1991,Millennial,Netherlands,High,Unemployed,Employed,3207.0,22,3,Rent,10,3,2
1958,Baby Boomer,Italy,High,Unemployed,Employed,2983.0,20,11,With parents,6,3,2
1964,Baby Boomer,Germany,Medium,Retail,Unemployed,2702.0,27,22,Own,9,7,8
1966,Gen X,Netherlands,Low,IT,Unemployed,3153.0,26,27,With parents,9,5,9
1955,Baby Boomer,Sweden,Medium,Healthcare,Employed,1964.0,20,10,Own,1,2,8
1971,Gen X,France,Medium,Finance,Unemployed,567.0,22,27,Own,10,6,3
1947,Baby Boomer,Spain,High,Retail,Employed,2883.0,27,33,With parents,8,4,10
1961,Baby Boomer,Poland,Medium,Healthcare,Employed,2553.0,17,33,Rent,5,2,10
1988,Millennial,Germany,Low,Education,Employed,937.0,23,20,Rent,1,3,8
2000,Gen Z,Czechia,Low,Finance,Employed,226.0,21,35,Own,5,2,10
1972,Gen X,Czechia,Low,IT,Employed,2273.0,20,27,With parents,6,4,6
1973,Gen X,Netherlands,Medium,IT,Employed,2060.0,27,33,With parents,7,3,6
1965,Gen X,Spain,High,Unemployed,Employed,1984.0,16,28,With parents,3,8,9
1991,Millennial,Poland,High,Manufacturing,Employed,2722.0,29,25,Rent,9,4,8
1960,Baby Boomer,Czechia,High,Education,Employed,1529.0,17,12,Rent,3,10,1
1981,Millennial,Italy,Low,Unemployed,Employed,2819.0,21,33,Own,1,3,7
2003,Gen Z,Italy,Medium,Manufacturing,Employed,2825.0,21,18,Rent,3,10,6
1964,Baby Boomer,France,Low,Manufacturing,Employed,0.0,28,7,Rent,7,9,5
1950,Baby Boomer,Poland,Medium,Education,Employed,2138.0,26,28,With parents,10,9,3
1963,Baby Boomer,Italy,High,Retail,Unemployed,2380.0,24,15,With parents,1,3,1
2001,Gen Z,Czechia,Medium,Finance,Employed,2873.0,26,27,Rent,4,4,8
1949,Baby Boomer,Italy,High,Construction,Employed,2694.0,21,29,Own,7,7,3
1947,Baby Boomer,Sweden,Medium,Manufacturing,Employed,624.0,16,22,With parents,3,3,7
2003,Gen Z,Netherlands,Low,Healthcare,Employed,2286.0,27,28,Own,7,10,6
1945,Baby Boomer,Czechia,Low,Finance,Inactive,1966.0,22,19,Rent,4,9,2
2002,Gen Z,Czechia,Medium,Retail,Employed,3167.0,27,16,Rent,7,7,2
2004,Gen Z,Czechia,High,Unemployed,Employed,1121.0,18,25,With parents,9,6,3
1982,Millennial,France,Low,Education,Unemployed,2198.0,23,32,With parents,10,6,3
1959,Baby Boomer,Spain,High,IT,Employed,2984.0,21,13,With parents,5,8,2
1978,Gen X,Czechia,High,Retail,Employed,2884.0,18,30,With parents,3,9,8
1979,Gen X,Italy,Medium,Unemployed,Unemployed,2061.0,18,15,Rent,1,3,1
1993,Millennial,Sweden,High,Manufacturing,Inactive,3262.0,28,20,Rent,3,3,3
1969,Gen X,Czechia,Medium,Healthcare,Employed,1542.0,23,34,With parents,4,8,1
1968,Gen X,Germany,Medium,Unemployed,Employed,2859.0,21,18,Own,2,3,4
1956,Baby Boomer,Germany,High,Finance,Unemployed,3008.0,17,5,With parents,4,4,1
1962,Baby Boomer,Spain,High,Education,Employed,969.0,18,22,With parents,5,7,1
1959,Baby Boomer,Poland,Medium,IT,Employed,3373.0,27,25,With parents,8,7,4
1988,Millennial,France,Medium,Finance,Employed,716.0,21,8,Own,5,2,6
1960,Baby Boomer,Sweden,Low,Healthcare,Employed,2536.0,29,12,With parents,2,2,6
1971,Gen X,Netherlands,Low,Construction,Employed,1778.0,29,14,Rent,1,4,4
1952,Baby Boomer,Sweden,Medium,IT,Employed,3111.0,22,31,Own,9,5,7
2004,Gen Z,Germany,High,Education,Unemployed,2497.0,19,16,Rent,4,6,8
1990,Millennial,Germany,Medium,Finance,Employed,3812.0,23,28,Own,9,7,2
1969,Gen X,Spain,Low,Retail,Employed,3223.0,18,17,Own,9,3,9
1961,Baby Boomer,Poland,Medium,Manufacturing,Employed,2319.0,29,33,With parents,1,1,5
1973,Gen X,Poland,Medium,Education,Unemployed,3285.0,21,24,Rent,7,2,6
1997,Gen Z,Spain,Medium,Unemployed,Employed,2107.0,22,11,Own,6,1,1
1952,Baby Boomer,Czechia,Low,Healthcare,Employed,1220.0,23,14,Rent,2,2,4
1959,Baby Boomer,Sweden,High,Retail,Employed,1788.0,26,23,Own,10,6,7
1971,Gen X,Germany,Low,Finance,Employed,2097.0,19,8,With parents,4,10,6
1990,Millennial,Sweden,Medium,IT,Inactive,0.0,20,19,Own,5,7,2
1994,Millennial,Sweden,High,Retail,Employed,3445.0,21,24,Rent,5,8,7
1996,Millennial,France,Medium,Retail,Employed,2113.0,16,23,Rent,7,8,9
1951,Baby Boomer,Germany,Medium,Healthcare,Unemployed,3068.0,27,25,Rent,10,10,9
1947,Baby Boomer,Poland,Medium,Manufacturing,Employed,2344.0,24,13,Rent,2,7,3
1973,Gen X,Netherlands,Medium,Construction,Employed,813.0,18,4,Own,3,2,6
1988,Millennial,Sweden,Medium,Unemployed,Employed,2271.0,17,28,Own,2,9,1
1997,Gen Z,Germany,Medium,Unemployed,Employed,2092.0,26,7,Own,7,5,4
1968,Gen X,Sweden,High,Retail,Employed,1583.0,22,16,Own,7,4,5
2004,Gen Z,France,High,Retail,Employed,1849.0,26,21,With parents,9,2,9
2002,Gen Z,Czechia,Medium,Manufacturing,Employed,2224.0,26,17,Own,4,8,3
1947,Baby Boomer,Italy,Low,Manufacturing,Employed,0.0,29,26,With parents,4,10,9
1964,Baby Boomer,Germany,Low,IT,Employed,2524.0,19,1,Own,6,4,5
1990,Millennial,Spain,Low,Finance,Unemployed,2744.0,19,0,Own,3,1,3
1959,Baby Boomer,Italy,Medium,Unemployed,Unemployed,2651.0,25,7,Own,3,6,2
1969,Gen X,Sweden,Low,IT,Employed,1947.0,24,20,With parents,9,4,9
1974,Gen X,Spain,Medium,Manufacturing,Inactive,3968.0,22,23,Own,7,7,6
1958,Baby Boomer,Spain,High,Construction,Employed,2660.0,24,1,Own,9,7,6
1951,Baby Boomer,Spain,Medium,Education,Employed,1824.0,16,27,Own,2,10,2
1961,Baby Boomer,Germany,High,Manufacturing,Employed,1085.0,18,33,Rent,4,5,8
1988,Millennial,Poland,High,IT,Employed,972.0,25,11,Rent,8,9,5
1964,Baby Boomer,Sweden,Low,Healthcare,Employed,2560.0,26,4,Rent,9,7,10
1980,Gen X,Italy,High,Healthcare,Employed,2850.0,25,35,With parents,3,10,6
1953,Baby Boomer,France,High,Finance,Employed,2312.0,28,7,Own,8,5,9
1982,Millennial,Poland,Medium,Retail,Employed,2149.0,27,29,With parents,8,8,8
1992,Millennial,Sweden,Low,Construction,Inactive,1895.0,29,9,Own,3,10,9
2001,Gen Z,Czechia,Medium,Healthcare,Employed,2643.0,21,20,With parents,8,2,7
2004,Gen Z,Czechia,High,IT,Employed,1502.0,29,33,Rent,6,6,1
1966,Gen X,Germany,Medium,Healthcare,Unemployed,2182.0,26,33,Own,9,8,1
1998,Gen Z,Spain,Low,Construction,Employed,2283.0,28,3,Rent,1,7,4
1997,Gen Z,France,Medium,Construction,Employed,2719.0,16,10,Rent,9,4,2
1997,Gen Z,Sweden,Medium,Education,Employed,1464.0,29,21,Own,8,1,9
1946,Baby Boomer,Italy,Medium,Manufacturing,Unemployed,1296.0,20,22,With parents,10,3,4
1968,Gen X,Sweden,High,Manufacturing,Unemployed,2245.0,29,33,Rent,8,5,5
1952,Baby Boomer,Poland,Medium,IT,Employed,2386.0,19,29,Rent,8,6,2
1955,Baby Boomer,Czechia,High,Retail,Employed,2195.0,29,24,Own,10,3,9
1957,Baby Boomer,Netherlands,High,Construction,Employed,0.0,19,23,Own,7,2,8
1961,Baby Boomer,Poland,Medium,Manufacturing,Employed,2499.0,29,24,With parents,3,3,7
1952,Baby Boomer,Sweden,Low,Unemployed,Inactive,4512.0,29,29,Rent,6,5,7
1965,Gen X,France,High,Healthcare,Employed,3026.0,27,15,Rent,10,3,8
1962,Baby Boomer,Sweden,High,Construction,Employed,439.0,22,9,With parents,8,8,10
1974,Gen X,Sweden,Low,Education,Employed,1835.0,29,30,Own,8,7,10
1962,Baby Boomer,Germany,Medium,Unemployed,Employed,2024.0,20,10,Own,4,9,7
1990,Millennial,Italy,Medium,Retail,Inactive,1911.0,22,8,Own,8,3,10
1991,Millennial,France,High,Retail,Unemployed,1085.0,16,35,With parents,8,8,7
1975,Gen X,Sweden,High,Retail,Employed,1396.0,26,18,Own,1,9,6
1982,Millennial,Spain,Low,Unemployed,Unemployed,3040.0,29,4,Own,5,8,9
1976,Gen X,Italy,High,Manufacturing,Employed,2872.0,24,11,With parents,7,5,4
1955,Baby Boomer,Poland,Low,Finance,Employed,2100.0,23,9,Rent,8,6,5
1989,Millennial,France,High,Retail,Employed,3053.0,22,13,Rent,9,10,6
1969,Gen X,Poland,Medium,Unemployed,Employed,1609.0,25,19,With parents,6,9,7
1977,Gen X,Czechia,Medium,Unemployed,Employed,1891.0,17,19,Own,10,2,5
2004,Gen Z,Sweden,Low,IT,Employed,1872.0,26,35,Own,5,9,5
1982,Millennial,Poland,Low,Healthcare,Employed,804.0,21,24,Rent,8,1,10
1985,Millennial,Poland,Medium,Finance,Employed,1970.0,29,4,Own,6,10,10
1952,Baby Boomer,Germany,Medium,Education,Employed,3674.0,19,26,Rent,2,6,6
1955,Baby Boomer,Poland,Low,Healthcare,Employed,3576.0,18,1,Rent,9,1,10
1966,Gen X,Spain,Low,IT,Employed,2305.0,28,11,Own,9,1,9
1995,Millennial,Spain,Low,IT,Inactive,2003.0,23,27,Rent,1,3,6
1968,Gen X,Italy,High,Construction,Employed,3792.0,29,12,Rent,9,4,8
1985,Millennial,Sweden,High,Finance,Employed,1978.0,19,20,With parents,5,4,4
1961,Baby Boomer,Netherlands,Low,Healthcare,Employed,1733.0,18,7,Own,9,10,7
1956,Baby Boomer,Czechia,Medium,Manufacturing,Employed,3061.0,26,11,With parents,5,10,5
2001,Gen Z,Poland,Low,Construction,Employed,660.0,20,10,Own,10,5,4
1990,Millennial,Poland,High,IT,Employed,2100.0,28,18,Own,6,6,2
1976,Gen X,France,High,Retail,Employed,2141.0,24,7,Own,9,4,9
1959,Baby Boomer,Germany,Medium,Education,Unemployed,2664.0,25,26,Own,7,7,5
1960,Baby Boomer,Netherlands,High,Unemployed,Employed,1667.0,18,6,Rent,4,2,6
1998,Gen Z,Italy,High,Education,Employed,2047.0,24,20,With parents,6,8,1
1966,Gen X,Czechia,High,IT,Employed,2284.0,19,26,With parents,8,4,4
1972,Gen X,Netherlands,Medium,Retail,Employed,1971.0,27,13,Rent,5,6,5
1964,Baby Boomer,Poland,Medium,Healthcare,Employed,2033.0,25,31,With parents,4,10,4
1977,Gen X,France,Low,Unemployed,Employed,2949.0,19,28,With parents,7,1,2
1954,Baby Boomer,Sweden,Medium,Education,Employed,2723.0,17,23,Own,3,2,1
1984,Millennial,Germany,Medium,Retail,Unemployed,2666.0,27,27,Own,4,4,9
1976,Gen X,Sweden,Low,Retail,Employed,721.0,23,23,Own,7,10,4
1994,Millennial,Italy,Medium,Manufacturing,Unemployed,2587.0,19,1,Own,5,9,8
2004,Gen Z,Netherlands,Medium,IT,Employed,1443.0,18,30,Rent,1,1,8
1977,Gen X,Italy,Low,Retail,Employed,3992.0,28,11,Rent,6,1,4
1946,Baby Boomer,Poland,Medium,Construction,Employed,2192.0,18,0,Rent,9,7,8
1977,Gen X,Italy,High,Healthcare,Employed,2024.0,16,20,With parents,10,10,4
1977,Gen X,Sweden,High,Education,Employed,3567.0,23,28,Own,3,8,6
1985,Millennial,France,Medium,Construction,Inactive,3288.0,28,29,With parents,4,7,5
1957,Baby Boomer,Italy,Medium,Manufacturing,Employed,1987.0,26,0,Own,10,3,1
1974,Gen X,Spain,Medium,Healthcare,Inactive,1141.0,20,21,Own,2,8,9
1977,Gen X,France,Low,Education,Unemployed,613.0,20,7,With parents,3,8,6
1957,Baby Boomer,Netherlands,High,IT,Employed,1257.0,28,12,With parents,5,5,10
1996,Millennial,Germany,Low,Healthcare,Employed,2489.0,19,13,With parents,6,8,9
1970,Gen X,Germany,Low,Unemployed,Employed,2067.0,28,0,Rent,2,2,4
1966,Gen X,Poland,High,Education,Unemployed,1357.0,27,31,With parents,2,9,4
1983,Millennial,Poland,Low,Manufacturing,Inactive,1847.0,29,11,Rent,6,5,4
1946,Baby Boomer,Spain,Medium,Unemployed,Employed,3745.0,20,15,With parents,1,3,2
1982,Millennial,Netherlands,Low,Construction,Employed,3208.0,27,23,Rent,2,6,3
1983,Millennial,Sweden,Low,Education,Employed,3777.0,20,19,With parents,4,6,5
1970,Gen X,Germany,Low,Unemployed,Unemployed,1579.0,24,31,Rent,1,3,4
1990,Millennial,Germany,Low,Retail,Inactive,2926.0,26,26,With parents,5,7,1
2002,Gen Z,Germany,Medium,Manufacturing,Employed,2833.0,21,33,Own,3,8,8
1994,Millennial,Sweden,High,Healthcare,Employed,3522.0,28,21,With parents,10,2,4
1959,Baby Boomer,Germany,Medium,Unemployed,Employed,2210.0,24,2,With parents,1,1,4
1978,Gen X,Italy,High,Finance,Employed,1496.0,23,16,Own,4,10,7
1986,Millennial,Netherlands,Low,Unemployed,Unemployed,1388.0,18,13,Own,1,9,6
1999,Gen Z,France,Medium,IT,Employed,2188.0,17,26,Rent,2,10,2
1988,Millennial,France,Low,Construction,Employed,2270.0,21,19,Own,10,2,4
1993,Millennial,Spain,Medium,Manufacturing,Employed,2445.0,29,30,Rent,7,8,2
1984,Millennial,Italy,Medium,Construction,Employed,944.0,28,30,With parents,1,2,3
1955,Baby Boomer,Germany,Medium,Manufacturing,Employed,3365.0,17,28,Own,6,10,10
1947,Baby Boomer,Germany,High,Manufacturing,Unemployed,982.0,18,31,Rent,4,3,6
2003,Gen Z,Poland,Medium,Education,Employed,3362.0,18,29,With parents,6,5,9
1950,Baby Boomer,Poland,Medium,Unemployed,Employed,1909.0,28,26,Rent,5,2,1
1953,Baby Boomer,Spain,High,Retail,Employed,3861.0,16,18,With parents,6,9,4
1950,Baby Boomer,Germany,Medium,Finance,Employed,629.0,20,27,Rent,5,3,8
1953,Baby Boomer,Spain,Medium,IT,Employed,3258.0,23,9,With parents,2,7,4
1983,Millennial,Italy,High,Unemployed,Employed,1272.0,24,15,With parents,10,2,6
1975,Gen X,France,Medium,Construction,Employed,1208.0,22,30,Rent,4,2,1
1976,Gen X,Germany,Low,IT,Employed,3691.0,20,9,With parents,7,7,10
1985,Millennial,Netherlands,Medium,Retail,Unemployed,2878.0,23,9,Rent,4,1,4
1994,Millennial,Sweden,Medium,Education,Employed,870.0,24,27,With parents,5,3,7
1956,Baby Boomer,Italy,Medium,Education,Employed,2382.0,27,11,Own,2,2,6
1952,Baby Boomer,Germany,Low,Retail,Employed,3464.0,24,32,Own,3,4,9
1952,Baby Boomer,Sweden,High,Construction,Unemployed,2703.0,24,27,Rent,5,4,3
1994,Millennial,Netherlands,High,Retail,Employed,2228.0,26,17,Own,4,10,5
1972,Gen X,Poland,Medium,Healthcare,Employed,3236.0,17,27,Own,3,1,7
1964,Baby Boomer,Spain,Medium,Education,Employed,2532.0,28,27,With parents,2,5,1
1991,Millennial,Poland,High,Construction,Employed,706.0,18,13,Own,9,7,9
2003,Gen Z,France,Low,Manufacturing,Unemployed,2286.0,17,7,Rent,2,9,9
1951,Baby Boomer,Poland,Medium,Unemployed,Inactive,2636.0,26,29,Rent,9,4,3
1955,Baby Boomer,Germany,Medium,IT,Employed,2400.0,29,35,With parents,4,6,8
1964,Baby Boomer,Netherlands,High,Education,Unemployed,1836.0,26,2,Own,10,9,2
1960,Baby Boomer,Poland,Low,Retail,Employed,2612.0,20,9,With parents,9,1,4
1948,Baby Boomer,Germany,High,Manufacturing,Employed,2365.0,29,8,Own,9,10,7
1950,Baby Boomer,France,Medium,Unemployed,Unemployed,407.0,27,12,Own,10,1,9
2002,Gen Z,Sweden,Medium,Unemployed,Employed,1006.0,18,21,Own,5,8,4
1966,Gen X,Netherlands,Medium,Unemployed,Employed,2479.0,28,23,With parents,7,10,1
1970,Gen X,Poland,Low,Healthcare,Inactive,2871.0,24,6,With parents,4,9,7
1947,Baby Boomer,Spain,High,Finance,Employed,1500.0,17,12,Own,10,1,3
1985,Millennial,Spain,High,Healthcare,Employed,2863.0,20,5,Rent,4,10,10
2004,Gen Z,Netherlands,Medium,Manufacturing,Employed,2650.0,27,9,Own,1,7,9
1986,Millennial,Spain,High,Unemployed,Unemployed,2030.0,20,10,Rent,10,5,10
1958,Baby Boomer,Poland,High,Construction,Inactive,2584.0,20,28,Own,9,8,9
1955,Baby Boomer,Poland,Medium,Construction,Employed,2564.0,16,15,Own,10,6,2
1962,Baby Boomer,Netherlands,Medium,Manufacturing,Unemployed,2989.0,25,19,Rent,8,10,7
1998,Gen Z,Poland,Medium,Construction,Unemployed,3032.0,22,20,Rent,9,4,8
1956,Baby Boomer,Sweden,Medium,Retail,Employed,1262.0,29,28,With parents,1,3,1
1967,Gen X,Germany,Low,Construction,Unemployed,1540.0,17,13,Rent,2,3,5
1956,Baby Boomer,France,Medium,Finance,Employed,3529.0,27,15,Own,8,1,8
1957,Baby Boomer,Sweden,Low,Retail,Employed,2995.0,29,8,With parents,8,2,10
1969,Gen X,Sweden,High,IT,Employed,2775.0,29,5,Own,1,9,2
1989,Millennial,Spain,High,Construction,Employed,2915.0,17,28,With parents,10,5,1
1995,Millennial,Germany,Low,Finance,Employed,3224.0,24,17,Own,5,7,10
2002,Gen Z,Netherlands,Medium,Finance,Employed,2320.0,27,23,Rent,6,4,4
1963,Baby Boomer,Czechia,Medium,IT,Employed,1859.0,16,16,Own,5,2,1
1999,Gen Z,Spain,Medium,Healthcare,Employed,2705.0,24,35,Own,6,5,5
1990,Millennial,Germany,Medium,Manufacturing,Employed,2176.0,21,20,With parents,7,9,8
1980,Gen X,Poland,Medium,Healthcare,Unemployed,3594.0,20,18,Rent,10,9,8
1989,Millennial,Netherlands,Medium,Construction,Inactive,3581.0,20,22,Rent,6,8,9
1952,Baby Boomer,Czechia,Low,Construction,Unemployed,3002.0,20,26,Own,3,5,5
1973,Gen X,Netherlands,Low,Retail,Employed,1051.0,21,10,Own,6,7,8
1999,Gen Z,Czechia,Low,Education,Unemployed,1214.0,22,25,With parents,9,1,10
1997,Gen Z,Czechia,High,Construction,Employed,1016.0,26,10,With parents,6,4,5
1999,Gen Z,Spain,High,Construction,Employed,2368.0,24,21,Rent,6,7,7
1976,Gen X,Poland,Medium,Retail,Employed,3031.0,17,18,Rent,5,3,8
1995,Millennial,Spain,Medium,Education,Employed,1923.0,19,7,With parents,1,4,8
1988,Millennial,Czechia,Low,Unemployed,Unemployed,1618.0,26,22,With parents,5,1,2
1962,Baby Boomer,Czechia,Medium,Unemployed,Employed,2293.0,20,22,Own,1,8,1
1950,Baby Boomer,Italy,Low,Unemployed,Employed,1494.0,21,8,Own,8,2,8
1962,Baby Boomer,Germany,Medium,Manufacturing,Inactive,2439.0,22,23,With parents,1,10,9
1963,Baby Boomer,Italy,High,Manufacturing,Employed,1981.0,18,11,With parents,8,1,7
1966,Gen X,Germany,Low,Unemployed,Unemployed,1609.0,29,11,With parents,4,3,8
1981,Millennial,France,High,Finance,Unemployed,2304.0,18,31,Own,3,3,9
1976,Gen X,Sweden,Low,Manufacturing,Employed,2999.0,24,1,Rent,4,7,10
2000,Gen Z,Netherlands,Medium,IT,Employed,833.0,24,5,With parents,2,2,10
1985,Millennial,Spain,Low,IT,Employed,2351.0,29,3,Own,3,7,10
2003,Gen Z,France,Medium,Unemployed,Employed,311.0,17,12,Rent,4,1,4
1947,Baby Boomer,France,Low,Education,Employed,1971.0,19,35,With parents,9,10,3
1972,Gen X,Netherlands,Medium,Healthcare,Employed,2826.0,19,17,Rent,10,4,4
1954,Baby Boomer,Netherlands,Medium,Finance,Inactive,3120.0,20,14,Own,2,8,10
1995,Millennial,Germany,Medium,Healthcare,Inactive,1728.0,17,32,Own,3,7,3
1979,Gen X,Italy,Medium,Education,Unemployed,1718.0,27,29,With parents,4,5,2
1973,Gen X,Poland,High,IT,Employed,1993.0,26,35,Rent,3,7,1
1998,Gen Z,Germany,Medium,Retail,Employed,1208.0,26,24,Rent,3,9,4
1959,Baby Boomer,Poland,Low,Construction,Employed,2346.0,19,3,Rent,9,1,5
1977,Gen X,France,Medium,Unemployed,Employed,1298.0,26,17,Rent,5,2,8
1951,Baby Boomer,Poland,High,Finance,Unemployed,2701.0,29,32,Own,9,1,7
1956,Baby Boomer,Italy,Medium,Education,Inactive,1555.0,18,19,Rent,6,5,6
1993,Millennial,Germany,Medium,Healthcare,Employed,1912.0,29,20,With parents,10,3,6
1974,Gen X,Czechia,Low,Education,Unemployed,2649.0,28,0,Own,8,10,5
1965,Gen X,Netherlands,Medium,Education,Employed,2772.0,26,33,With parents,1,1,4
1975,Gen X,Czechia,Medium,Manufacturing,Employed,2731.0,21,8,Rent,8,1,8
2002,Gen Z,Italy,High,Unemployed,Employed,2437.0,19,0,Rent,1,7,8
1968,Gen X,Sweden,High,IT,Employed,1222.0,16,26,Own,9,2,10
1964,Baby Boomer,Italy,Low,Finance,Unemployed,2172.0,18,14,Rent,3,9,3
1981,Millennial,Sweden,Medium,Manufacturing,Unemployed,2043.0,23,23,With parents,9,7,8
1948,Baby Boomer,Germany,Low,IT,Employed,1821.0,27,24,Own,8,10,5
1972,Gen X,Netherlands,Medium,Unemployed,Employed,2267.0,18,33,Rent,7,1,1
1988,Millennial,Italy,High,Education,Employed,1424.0,22,9,With parents,1,1,8
1964,Baby Boomer,Czechia,Medium,IT,Unemployed,2169.0,17,29,Rent,7,4,7
2004,Gen Z,Sweden,Medium,Healthcare,Inactive,1930.0,29,24,Rent,2,3,7
1968,Gen X,Netherlands,Low,Unemployed,Inactive,1788.0,20,2,Rent,2,6,5
1994,Millennial,Spain,High,Finance,Unemployed,1195.0,22,21,Rent,9,8,5
1993,Millennial,Spain,Medium,Unemployed,Employed,1171.0,16,23,With parents,9,10,7
1995,Millennial,Spain,Medium,Unemployed,Employed,3408.0,29,26,Own,1,7,9
1976,Gen X,Poland,Low,Manufacturing,Employed,2303.0,26,25,With parents,7,1,10
1985,Millennial,Italy,Medium,Finance,Employed,3831.0,27,15,With parents,5,6,1
1980,Gen X,Germany,High,Education,Unemployed,3876.0,16,3,Own,6,9,8
2002,Gen Z,Czechia,Medium,Healthcare,Unemployed,3307.0,26,22,Own,1,9,10
1997,Gen Z,Germany,Medium,IT,Employed,1046.0,23,18,Rent,6,2,9
1978,Gen X,Poland,Medium,Construction,Employed,3470.0,17,14,Rent,1,8,7
1980,Gen X,Germany,High,IT,Employed,2086.0,27,30,With parents,4,4,2
1946,Baby Boomer,Sweden,Medium,Healthcare,Employed,1950.0,28,23,Rent,2,3,5
1959,Baby Boomer,Spain,Low,Construction,Employed,1822.0,26,10,Own,2,7,4
1978,Gen X,Czechia,Medium,IT,Employed,1884.0,19,9,Own,1,5,7
1980,Gen X,Italy,Medium,Manufacturing,Inactive,2559.0,18,7,Rent,7,6,3
1950,Baby Boomer,Germany,High,Retail,Employed,4270.0,20,2,With parents,2,4,8
1983,Millennial,Germany,High,IT,Employed,725.0,17,18,Rent,7,9,5
1986,Millennial,France,Medium,Education,Employed,3949.0,21,3,Own,2,3,6
1995,Millennial,France,Low,IT,Inactive,3558.0,23,28,Own,7,5,4
1995,Millennial,France,High,Finance,Inactive,2040.0,20,20,With parents,4,2,7
2002,Gen Z,Italy,Medium,Education,Employed,1752.0,22,8,Own,9,4,9
1998,Gen Z,Spain,Medium,IT,Inactive,988.0,20,17,With parents,1,7,4
1956,Baby Boomer,Netherlands,Medium,IT,Employed,1383.0,28,18,With parents,3,10,6
1947,Baby Boomer,Spain,Medium,Unemployed,Employed,1654.0,21,16,Rent,5,5,6
1989,Millennial,Czechia,Low,Education,Employed,2107.0,24,23,Rent,7,6,1
1962,Baby Boomer,Spain,High,Manufacturing,Employed,2173.0,27,5,With parents,7,5,9
1984,Millennial,Italy,High,Construction,Employed,2885.0,26,30,Rent,6,7,2
1965,Gen X,Sweden,Medium,Construction,Inactive,2786.0,29,26,Own,5,9,10
1959,Baby Boomer,Sweden,Medium,Retail,Unemployed,2415.0,25,33,With parents,5,7,1
1977,Gen X,Italy,Low,Retail,Employed,2161.0,26,26,With parents,4,3,5
1979,Gen X,France,Low,Construction,Employed,3229.0,16,26,Rent,9,7,2
1970,Gen X,Germany,Medium,Manufacturing,Employed,2956.0,25,34,With parents,8,3,10
1952,Baby Boomer,Poland,Medium,IT,Employed,2600.0,24,11,With parents,9,4,5
1980,Gen X,Poland,High,Retail,Employed,1835.0,18,28,With parents,7,6,1
1992,Millennial,Netherlands,High,Manufacturing,Employed,3195.0,25,5,Rent,5,7,7
1974,Gen X,Germany,Medium,Manufacturing,Unemployed,2951.0,29,6,With parents,10,8,4
1967,Gen X,Netherlands,Medium,Retail,Unemployed,1979.0,18,5,With parents,2,9,8
1986,Millennial,France,Low,Construction,Employed,474.0,19,18,With parents,4,1,8
1988,Millennial,Netherlands,High,Education,Employed,2286.0,23,13,Rent,6,4,7
1958,Baby Boomer,Germany,Medium,Healthcare,Employed,1577.0,16,20,With parents,8,3,1
1958,Baby Boomer,Czechia,Low,Construction,Employed,2846.0,19,13,With parents,5,6,3
1946,Baby Boomer,Germany,Medium,Education,Employed,2394.0,22,13,Rent,9,6,6
1999,Gen Z,Poland,High,Construction,Employed,695.0,27,31,With parents,4,8,6
1981,Millennial,Sweden,High,IT,Employed,2465.0,18,25,With parents,6,4,6
1949,Baby Boomer,France,Low,Education,Inactive,3744.0,22,2,With parents,4,4,2
1982,Millennial,Czechia,High,Finance,Employed,2062.0,26,14,With parents,6,1,8
1989,Millennial,Italy,Medium,Healthcare,Unemployed,2192.0,20,20,With parents,10,3,3
1985,Millennial,Czechia,Low,Construction,Employed,1891.0,28,29,Own,3,3,5
1998,Gen Z,Czechia,High,Unemployed,Inactive,2265.0,25,13,With parents,8,8,9
2004,Gen Z,Netherlands,High,Healthcare,Employed,3586.0,26,27,Own,4,8,7
1991,Millennial,Poland,Medium,Manufacturing,Employed,3150.0,24,1,Own,7,8,9
1958,Baby Boomer,Netherlands,Medium,Finance,Employed,1682.0,23,21,Own,10,9,4
2000,Gen Z,Netherlands,High,IT,Employed,2135.0,26,6,Own,8,8,1
1983,Millennial,Italy,High,Manufacturing,Employed,2193.0,18,31,Own,9,6,10
1969,Gen X,France,High,Education,Inactive,2570.0,29,15,Rent,2,5,3
1964,Baby Boomer,Germany,Medium,Education,Unemployed,2587.0,27,35,Rent,3,4,5
1946,Baby Boomer,Spain,High,Retail,Employed,2114.0,19,1,Rent,9,3,10
1983,Millennial,Netherlands,High,Manufacturing,Employed,1080.0,22,16,Own,7,7,1
1950,Baby Boomer,Spain,Low,Finance,Employed,2097.0,28,2,With parents,7,9,7
1961,Baby Boomer,France,High,Manufacturing,Unemployed,1874.0,29,22,With parents,4,1,1
2003,Gen Z,Spain,Medium,Manufacturing,Unemployed,1392.0,17,27,With parents,1,2,8
1969,Gen X,Netherlands,Medium,Manufacturing,Employed,2910.0,25,7,With parents,8,8,7
2001,Gen Z,Italy,Medium,Healthcare,Employed,2217.0,26,32,Rent,10,4,2
1972,Gen X,Spain,Low,Retail,Unemployed,1271.0,21,3,Own,9,8,7
1946,Baby Boomer,France,Medium,Construction,Employed,3982.0,24,6,Rent,4,6,6
1979,Gen X,France,High,IT,Employed,2575.0,27,10,With parents,1,1,7
1981,Millennial,Sweden,Low,IT,Employed,2913.0,24,7,Own,9,6,1
1949,Baby Boomer,Sweden,Medium,Unemployed,Inactive,3143.0,21,19,With parents,5,1,7
1945,Baby Boomer,Italy,High,IT,Employed,1807.0,27,27,Rent,6,8,9
1984,Millennial,Spain,Medium,Unemployed,Inactive,2689.0,21,10,Rent,2,1,8
1956,Baby Boomer,Spain,Medium,Healthcare,Employed,463.0,21,21,Rent,5,5,7
2000,Gen Z,Sweden,Medium,Retail,Employed,3066.0,26,35,With parents,1,10,2
1980,Gen X,Germany,Medium,Finance,Employed,2139.0,25,5,Own,3,6,7
1989,Millennial,Poland,Medium,Retail,Inactive,2674.0,21,6,Own,1,8,2
1967,Gen X,France,High,Unemployed,Employed,2137.0,18,9,Rent,1,4,4
1991,Millennial,Germany,Medium,Healthcare,Employed,3836.0,19,3,Own,9,3,1
1975,Gen X,France,High,Finance,Employed,3302.0,21,8,With parents,6,5,3
1955,Baby Boomer,Czechia,Medium,Manufacturing,Employed,0.0,25,18,Own,8,8,5
1954,Baby Boomer,Czechia,Medium,Education,Inactive,2697.0,16,32,With parents,5,8,6
1947,Baby Boomer,Germany,Medium,Manufacturing,Employed,1946.0,16,21,Rent,9,5,3
1998,Gen Z,Czechia,High,IT,Unemployed,2733.0,28,0,Rent,4,9,3
1958,Baby Boomer,Sweden,Medium,Manufacturing,Inactive,2721.0,22,20,Rent,10,2,10
1960,Baby Boomer,Sweden,Low,Healthcare,Employed,1531.0,16,6,Own,8,4,6
1954,Baby Boomer,Poland,Low,IT,Unemployed,2096.0,20,6,With parents,6,1,9
1973,Gen X,Germany,Medium,Education,Employed,1283.0,25,21,Rent,10,8,2
1954,Baby Boomer,France,Medium,Finance,Employed,3537.0,26,12,With parents,5,2,2
1956,Baby Boomer,Spain,Medium,Unemployed,Employed,2495.0,23,22,Rent,5,8,7
1974,Gen X,France,Low,Unemployed,Unemployed,2589.0,21,21,With parents,3,8,4
1985,Millennial,Netherlands,High,Finance,Employed,2474.0,29,25,Rent,4,8,1
1945,Baby Boomer,Sweden,Medium,Unemployed,Employed,1246.0,18,17,With parents,10,6,6
1949,Baby Boomer,Italy,Medium,IT,Inactive,2770.0,29,6,With parents,5,8,9
1964,Baby Boomer,Italy,Medium,Construction,Unemployed,3807.0,17,1,With parents,9,4,10
1952,Baby Boomer,Sweden,Low,Construction,Employed,800.0,29,18,Own,10,6,6
1987,Millennial,Netherlands,High,Manufacturing,Employed,2272.0,29,13,Rent,3,2,6
1956,Baby Boomer,Italy,Low,Construction,Employed,2884.0,17,24,With parents,5,7,4
1945,Baby Boomer,Czechia,Medium,Unemployed,Employed,1526.0,19,32,Own,9,1,1
2001,Gen Z,Sweden,High,Retail,Employed,2859.0,24,19,Own,1,9,7
1998,Gen Z,Italy,Medium,Retail,Employed,2240.0,24,4,Own,5,10,4
1964,Baby Boomer,Sweden,Medium,Finance,Employed,1559.0,16,20,With parents,4,2,9
1972,Gen X,Poland,Medium,Retail,Unemployed,0.0,20,12,With parents,1,7,4
2001,Gen Z,Spain,High,IT,Employed,2111.0,24,13,Own,1,6,9
1987,Millennial,Spain,High,Retail,Employed,2134.0,29,15,Rent,7,2,1
1981,Millennial,France,High,Healthcare,Employed,3383.0,29,27,With parents,6,6,10
1991,Millennial,Netherlands,Medium,Finance,Employed,2505.0,19,0,With parents,1,3,4
1981,Millennial,Sweden,High,Education,Employed,1723.0,26,1,Rent,4,1,2
1956,Baby Boomer,Germany,Low,Retail,Employed,786.0,22,7,With parents,7,9,6
1981,Millennial,France,Low,Healthcare,Employed,2987.0,26,12,Rent,6,7,9
1993,Millennial,France,High,Healthcare,Employed,2306.0,21,18,Rent,10,9,2
1993,Millennial,Sweden,Low,IT,Employed,1845.0,28,1,With parents,2,10,2
2000,Gen Z,Sweden,Low,Finance,Employed,1713.0,19,30,Own,9,4,1
1988,Millennial,France,Low,IT,Employed,3319.0,25,9,With parents,10,7,9
2000,Gen Z,France,Medium,Education,Employed,3452.0,29,4,Own,3,2,1
1972,Gen X,Spain,High,Education,Employed,1636.0,26,22,With parents,2,1,2
1991,Millennial,Germany,Medium,Unemployed,Employed,132.0,27,29,Own,1,8,5
1959,Baby Boomer,Czechia,Low,Manufacturing,Inactive,2008.0,22,31,Rent,3,7,7
1950,Baby Boomer,France,Medium,Education,Employed,2403.0,22,0,Own,6,5,9
1988,Millennial,Czechia,High,Finance,Unemployed,2265.0,17,2,Own,10,10,1
2003,Gen Z,Spain,High,Construction,Unemployed,783.0,22,29,With parents,1,4,8
1964,Baby Boomer,France,Medium,Construction,Inactive,3580.0,28,27,Rent,2,2,1
1994,Millennial,Italy,High,Finance,Employed,526.0,29,20,Own,9,6,9
1958,Baby Boomer,France,High,Unemployed,Unemployed,1526.0,24,12,Own,1,5,10
1946,Baby Boomer,Sweden,Low,Unemployed,Inactive,1280.0,21,25,With parents,1,10,2
1953,Baby Boomer,Netherlands,Low,IT,Employed,1233.0,27,29,Rent,9,9,3
1981,Millennial,Netherlands,Low,Healthcare,Employed,236.0,21,23,Own,3,10,10
1964,Baby Boomer,France,High,Manufacturing,Inactive,2255.0,26,4,With parents,6,2,4
1970,Gen X,Poland,Low,Construction,Employed,3473.0,28,15,Rent,3,5,3
1973,Gen X,Italy,Medium,Unemployed,Employed,2052.0,21,15,Own,2,3,2
1945,Baby Boomer,Germany,Low,Construction,Unemployed,1293.0,27,9,Own,3,5,5
1999,Gen Z,France,High,Education,Employed,3469.0,28,17,Own,10,5,2
1979,Gen X,Czechia,Medium,Healthcare,Employed,2955.0,17,16,Own,4,5,2
1950,Baby Boomer,Germany,High,IT,Employed,1440.0,27,30,Own,1,8,8
1981,Millennial,Italy,High,Unemployed,Employed,2490.0,21,25,Rent,3,5,2
1997,Gen Z,France,Low,Retail,Unemployed,3171.0,21,25,Own,7,6,8
2003,Gen Z,Poland,Medium,Manufacturing,Employed,1386.0,24,11,Own,2,1,8
1949,Baby Boomer,Spain,Low,Finance,Unemployed,2310.0,17,17,Own,7,4,1
1977,Gen X,Poland,High,Healthcare,Employed,1850.0,24,33,Own,4,2,5
1993,Millennial,Sweden,Medium,IT,Employed,1127.0,20,34,With parents,7,2,9
1995,Millennial,Poland,Low,IT,Employed,2350.0,24,10,Rent,3,1,8
1958,Baby Boomer,Czechia,Low,Manufacturing,Employed,2589.0,25,29,Rent,7,6,10
1956,Baby Boomer,Spain,Medium,Manufacturing,Inactive,2240.0,25,10,Rent,10,3,9
1986,Millennial,Sweden,High,Unemployed,Employed,1465.0,17,3,Own,7,2,3
1964,Baby Boomer,Spain,Medium,Education,Unemployed,4091.0,29,35,Rent,3,8,2
1997,Gen Z,Netherlands,High,Education,Employed,1759.0,20,9,Own,6,5,1
1994,Millennial,Spain,Medium,Finance,Employed,2703.0,26,33,Own,9,10,8
1968,Gen X,France,Low,Finance,Employed,2927.0,28,30,With parents,7,1,8
2003,Gen Z,Germany,High,Unemployed,Unemployed,0.0,17,31,Own,5,1,8
1987,Millennial,Netherlands,Low,Manufacturing,Employed,2946.0,20,27,Rent,1,2,3
1978,Gen X,Netherlands,High,Manufacturing,Employed,2208.0,22,31,Own,8,3,1
1969,Gen X,Germany,Medium,Healthcare,Employed,1963.0,27,31,Rent,4,2,9
1994,Millennial,Czechia,Low,Education,Employed,2089.0,22,16,Own,2,2,7
1973,Gen X,Netherlands,Medium,IT,Employed,2725.0,27,33,With parents,9,5,6
2001,Gen Z,Spain,High,Construction,Employed,146.0,26,34,Own,3,7,7
1983,Millennial,Poland,High,Construction,Inactive,2229.0,22,20,Rent,6,1,6
1975,Gen X,Italy,Low,Construction,Employed,2588.0,20,31,With parents,3,1,4
2000,Gen Z,Czechia,Low,Unemployed,Employed,4145.0,22,33,Own,7,2,2
1991,Millennial,Spain,Medium,Education,Employed,985.0,21,33,With parents,2,2,1
1987,Millennial,Sweden,Medium,Education,Employed,2599.0,22,7,Own,4,1,9
1994,Millennial,Sweden,High,Manufacturing,Employed,1764.0,20,15,With parents,10,9,2
1967,Gen X,Poland,Low,Construction,Inactive,2636.0,27,34,Own,9,10,6
1988,Millennial,Czechia,High,Manufacturing,Inactive,2980.0,17,22,Rent,8,7,8
1982,Millennial,Czechia,Medium,Education,Employed,1538.0,24,21,Own,8,10,7
1964,Baby Boomer,Poland,High,Retail,Employed,3960.0,17,30,Rent,8,7,9
1967,Gen X,Czechia,Medium,Retail,Unemployed,3389.0,18,28,Own,7,6,9
1989,Millennial,Netherlands,Medium,Finance,Inactive,2909.0,24,18,Own,6,6,4
1996,Millennial,France,High,Education,Employed,1879.0,17,35,Rent,8,6,9
1960,Baby Boomer,France,Medium,Construction,Employed,1701.0,28,8,Rent,7,2,10
1994,Millennial,Czechia,High,Unemployed,Inactive,2596.0,29,34,Rent,1,10,2
1986,Millennial,Netherlands,High,Retail,Employed,1845.0,23,0,Rent,6,7,1
2004,Gen Z,Netherlands,Medium,Unemployed,Employed,1729.0,28,32,Own,8,4,6
1999,Gen Z,Germany,Medium,Unemployed,Inactive,3924.0,27,16,Own,5,2,4
1952,Baby Boomer,Germany,Low,Finance,Unemployed,2693.0,28,25,Own,6,9,4
1994,Millennial,Italy,Low,Finance,Employed,2941.0,28,12,Rent,2,7,10
1965,Gen X,Italy,Low,Education,Employed,3889.0,18,4,Own,2,6,10
1945,Baby Boomer,Italy,Low,Finance,Employed,2275.0,21,18,Own,2,5,1
1999,Gen Z,Italy,Medium,Manufacturing,Inactive,1631.0,24,8,With parents,6,10,6
1952,Baby Boomer,Poland,Medium,Manufacturing,Inactive,1237.0,25,5,With parents,5,3,3
1973,Gen X,Poland,Medium,Manufacturing,Unemployed,3419.0,25,20,Rent,6,1,7
1976,Gen X,Germany,Medium,IT,Employed,1864.0,18,21,Rent,6,5,1
1982,Millennial,France,Low,Unemployed,Employed,0.0,24,4,With parents,4,4,8
1949,Baby Boomer,Netherlands,Low,Manufacturing,Employed,0.0,22,21,Own,7,9,9
1991,Millennial,Sweden,Medium,Construction,Employed,872.0,20,6,Own,9,6,4
1966,Gen X,France,Medium,Manufacturing,Employed,1862.0,23,25,Rent,7,7,5
1991,Millennial,Spain,Medium,Education,Employed,1996.0,21,24,Own,6,3,8
1978,Gen X,Poland,Medium,Retail,Employed,2673.0,22,4,Own,3,7,5
1945,Baby Boomer,Italy,High,Construction,Inactive,1177.0,18,31,With parents,6,9,10
1999,Gen Z,Italy,Medium,Retail,Employed,2397.0,28,7,With parents,8,9,4
1999,Gen Z,Spain,Medium,Manufacturing,Unemployed,2996.0,25,8,Rent,8,9,5
1970,Gen X,France,High,Unemployed,Employed,2070.0,26,27,Rent,4,1,2
1987,Millennial,Italy,High,Manufacturing,Unemployed,1782.0,21,19,With parents,5,1,10
1954,Baby Boomer,France,Medium,Manufacturing,Employed,1420.0,26,3,Own,4,2,2
1974,Gen X,Netherlands,Medium,Finance,Employed,3231.0,18,2,With parents,2,8,1
1994,Millennial,Spain,Low,Education,Employed,967.0,22,10,With parents,5,8,4
1962,Baby Boomer,Sweden,Medium,Education,Employed,3619.0,25,28,Rent,1,1,10
1961,Baby Boomer,France,High,Unemployed,Employed,2180.0,21,21,Own,2,6,8
1970,Gen X,Netherlands,Medium,Education,Unemployed,1265.0,25,7,Rent,7,10,10
1952,Baby Boomer,Czechia,High,Retail,Employed,2957.0,27,33,Rent,5,3,10
1991,Millennial,Czechia,Medium,Construction,Employed,2657.0,23,30,With parents,10,1,10
1984,Millennial,France,High,Construction,Employed,2574.0,23,3,With parents,8,5,10
1993,Millennial,Czechia,Medium,IT,Employed,2834.0,21,14,Rent,6,2,2
1956,Baby Boomer,France,Low,Retail,Unemployed,2346.0,17,17,With parents,8,6,7
1971,Gen X,Italy,Medium,Education,Employed,2613.0,29,10,With parents,2,4,8
1952,Baby Boomer,Germany,Medium,Unemployed,Employed,3425.0,25,26,Own,8,8,10
1969,Gen X,Czechia,Low,Healthcare,Unemployed,2382.0,28,18,Own,9,1,1
1990,Millennial,Poland,High,IT,Employed,2938.0,25,8,Rent,8,7,3
1948,Baby Boomer,France,Medium,Manufacturing,Unemployed,220.0,21,24,Own,7,10,6
1977,Gen X,France,High,Finance,Employed,2492.0,16,21,Rent,8,6,7
1945,Baby Boomer,France,Medium,Retail,Employed,4471.0,28,22,Own,2,9,5
1963,Baby Boomer,Germany,Low,Finance,Employed,592.0,21,9,With parents,6,4,7
1975,Gen X,Netherlands,High,IT,Employed,4000.0,21,16,With parents,7,6,6
1960,Baby Boomer,Czechia,Medium,Unemployed,Unemployed,2849.0,21,12,Rent,9,7,7
1958,Baby Boomer,Sweden,Medium,Construction,Employed,673.0,27,3,Own,3,8,4
1997,Gen Z,Sweden,Medium,Unemployed,Employed,2236.0,24,31,With parents,6,10,2
1992,Millennial,Spain,Medium,Healthcare,Employed,2562.0,19,27,Rent,8,7,8
1949,Baby Boomer,Italy,High,IT,Employed,3020.0,26,29,Own,4,7,1
1985,Millennial,Germany,Medium,Retail,Unemployed,1808.0,22,20,With parents,5,6,4
1970,Gen X,Netherlands,Medium,Education,Employed,2827.0,26,14,Own,2,6,4
1972,Gen X,France,High,Manufacturing,Unemployed,3447.0,18,2,Rent,10,1,1
1946,Baby Boomer,Netherlands,Low,Education,Inactive,2998.0,23,16,Rent,7,9,8
1994,Millennial,Germany,Medium,Education,Employed,3274.0,17,14,Rent,8,8,6
1950,Baby Boomer,Germany,High,Unemployed,Unemployed,1799.0,17,32,With parents,6,9,2
1953,Baby Boomer,Germany,Medium,Retail,Employed,2817.0,20,4,Rent,9,1,4
1977,Gen X,Spain,High,Education,Employed,4270.0,16,7,Own,3,6,7
1985,Millennial,Poland,Medium,Unemployed,Employed,1228.0,16,8,With parents,9,6,9
1969,Gen X,Italy,High,Education,Employed,2580.0,29,25,Rent,9,9,7
1992,Millennial,Spain,High,Retail,Inactive,1196.0,26,1,Rent,9,2,2
1957,Baby Boomer,Spain,Medium,Unemployed,Employed,3329.0,18,35,With parents,6,1,1
1953,Baby Boomer,Czechia,Low,Retail,Employed,421.0,21,11,Rent,9,2,10
1997,Gen Z,Poland,Medium,Healthcare,Employed,1689.0,25,18,Own,7,6,7
1957,Baby Boomer,Spain,High,Education,Employed,4276.0,27,26,With parents,8,7,9
1975,Gen X,Germany,Low,IT,Employed,1755.0,21,23,Own,8,7,2
1985,Millennial,Germany,Low,Construction,Unemployed,2145.0,23,1,Own,8,3,3
1955,Baby Boomer,Czechia,Medium,Manufacturing,Employed,3322.0,22,15,Rent,3,4,4
1948,Baby Boomer,Netherlands,High,Finance,Inactive,2075.0,16,1,With parents,6,3,9
1978,Gen X,France,Medium,Manufacturing,Unemployed,371.0,16,20,Rent,7,9,7
1982,Millennial,Spain,Medium,Retail,Employed,1237.0,19,9,Own,4,3,2
1990,Millennial,France,Low,Unemployed,Employed,3386.0,16,16,Rent,4,10,4
1948,Baby Boomer,Italy,Medium,Finance,Employed,3524.0,16,11,Rent,7,6,4
1982,Millennial,Sweden,Low,Retail,Inactive,394.0,25,6,Own,2,6,4
1963,Baby Boomer,Germany,Low,Construction,Employed,1345.0,16,8,Rent,8,5,10
1950,Baby Boomer,Netherlands,High,Unemployed,Employed,1595.0,26,9,Own,6,5,7
1978,Gen X,Italy,High,Construction,Employed,1857.0,18,15,With parents,9,8,6
1962,Baby Boomer,Czechia,Low,Healthcare,Employed,1364.0,28,0,Own,5,9,2
1957,Baby Boomer,Netherlands,Low,Education,Employed,2295.0,25,8,With parents,10,8,10
1985,Millennial,Sweden,Medium,Retail,Employed,1684.0,17,12,Own,10,8,2
1967,Gen X,Sweden,Medium,Construction,Employed,1814.0,26,15,Own,1,10,3
1963,Baby Boomer,Czechia,Low,Retail,Employed,1181.0,25,33,Rent,7,3,10
1989,Millennial,Poland,Medium,Manufacturing,Employed,2905.0,23,29,With parents,4,6,1
1955,Baby Boomer,Czechia,Low,Education,Employed,952.0,22,12,Own,10,9,9
1945,Baby Boomer,Germany,High,Healthcare,Unemployed,2544.0,25,7,Rent,4,5,7
1968,Gen X,Italy,High,Construction,Employed,3103.0,28,10,Rent,3,4,7
1998,Gen Z,Poland,Medium,Unemployed,Employed,3992.0,23,30,With parents,5,9,9
1951,Baby Boomer,Sweden,Medium,Retail,Employed,2650.0,19,10,Rent,6,5,7
1969,Gen X,Italy,High,Retail,Employed,2404.0,29,6,Rent,3,6,1
1965,Gen X,Netherlands,High,Unemployed,Employed,679.0,24,0,Own,8,7,4
1959,Baby Boomer,Poland,Low,Retail,Employed,3525.0,20,22,With parents,2,8,9
1945,Baby Boomer,Poland,Low,Manufacturing,Unemployed,2329.0,22,31,With parents,7,3,6
1956,Baby Boomer,Germany,Medium,Construction,Employed,2478.0,19,14,With parents,1,1,8
2002,Gen Z,Czechia,Low,Retail,Employed,2556.0,16,17,With parents,9,10,3
1951,Baby Boomer,France,Medium,Retail,Inactive,2303.0,26,27,Rent,9,5,6
1959,Baby Boomer,Netherlands,Medium,Manufacturing,Employed,2207.0,27,13,With parents,5,9,4
1965,Gen X,Netherlands,Medium,Retail,Employed,1872.0,23,12,Rent,2,9,8
1963,Baby Boomer,Czechia,Medium,Unemployed,Employed,2854.0,24,33,Rent,6,4,3
2004,Gen Z,Poland,Medium,Education,Inactive,850.0,28,19,Rent,10,3,5
1973,Gen X,Poland,High,Education,Employed,831.0,24,23,Rent,5,5,2
1969,Gen X,Germany,Low,Manufacturing,Employed,1438.0,25,27,With parents,4,2,7
1977,Gen X,France,Medium,Education,Employed,3324.0,29,10,Rent,2,2,9
1993,Millennial,Netherlands,Low,Finance,Unemployed,2601.0,23,27,Own,5,6,5
1976,Gen X,Sweden,Low,Finance,Unemployed,1629.0,16,21,Own,8,5,9
1993,Millennial,Spain,Medium,Finance,Employed,1479.0,18,29,Own,2,9,2
1979,Gen X,Spain,Low,Healthcare,Employed,2129.0,20,16,Own,7,4,8
1988,Millennial,France,Low,Retail,Employed,2560.0,22,21,Rent,3,1,3
1982,Millennial,Italy,Low,Healthcare,Employed,3425.0,27,0,Own,6,10,10
1970,Gen X,Germany,Medium,Education,Unemployed,4048.0,23,19,Own,4,6,5
1955,Baby Boomer,France,High,Manufacturing,Employed,2087.0,16,4,Rent,6,8,3
1979,Gen X,Czechia,Low,Finance,Employed,4182.0,20,32,With parents,2,7,5
1952,Baby Boomer,Czechia,Medium,Manufacturing,Employed,2272.0,18,0,With parents,10,3,5
1990,Millennial,Spain,Low,Healthcare,Employed,2472.0,22,8,With parents,5,4,1
1958,Baby Boomer,Poland,Medium,Unemployed,Employed,3081.0,21,31,With parents,2,10,8
1954,Baby Boomer,Spain,Medium,Education,Inactive,3211.0,27,25,Rent,8,5,7
1946,Baby Boomer,Poland,Medium,Construction,Employed,3618.0,16,5,Rent,9,3,8
1990,Millennial,Germany,High,Retail,Employed,1043.0,26,29,With parents,8,8,3
1953,Baby Boomer,Poland,High,Construction,Employed,2310.0,17,22,Own,1,9,7
1947,Baby Boomer,France,Low,Education,Employed,3330.0,20,24,Rent,5,7,7
1965,Gen X,Poland,High,Finance,Employed,1239.0,20,24,Own,4,8,2
1970,Gen X,Italy,Low,Unemployed,Employed,515.0,16,12,Own,4,2,3
1952,Baby Boomer,Czechia,High,Education,Employed,862.0,26,24,Own,7,10,6
1992,Millennial,France,Medium,Manufacturing,Employed,2090.0,27,16,With parents,10,3,4
1946,Baby Boomer,Czechia,Medium,IT,Employed,4019.0,27,26,With parents,10,4,4
1950,Baby Boomer,Germany,Low,Unemployed,Employed,842.0,19,10,With parents,4,10,1
1972,Gen X,France,Low,Finance,Unemployed,1151.0,27,5,Own,1,2,8
1997,Gen Z,Italy,High,Construction,Employed,1747.0,24,14,Own,3,3,2
1973,Gen X,Germany,High,Retail,Inactive,1306.0,24,31,Rent,8,8,6
1970,Gen X,Spain,Medium,Finance,Employed,1143.0,20,23,Rent,10,10,10
1969,Gen X,Italy,High,Finance,Employed,365.0,22,10,With parents,7,7,10
1956,Baby Boomer,Germany,High,Retail,Inactive,1725.0,26,28,Rent,2,6,1
1949,Baby Boomer,Sweden,Medium,Construction,Employed,3964.0,17,7,Own,7,6,1
1978,Gen X,Poland,Low,Finance,Employed,2699.0,16,9,Own,2,2,10
1992,Millennial,France,Low,Manufacturing,Employed,3259.0,27,9,Own,6,8,2
1981,Millennial,Germany,Medium,Education,Unemployed,1656.0,17,0,With parents,8,6,6
1959,Baby Boomer,France,Low,Manufacturing,Employed,1442.0,28,22,Rent,3,5,4
1988,Millennial,Poland,Low,Education,Employed,2669.0,19,17,Own,3,10,8
1980,Gen X,Germany,Low,IT,Employed,2276.0,21,22,With parents,8,5,7
1959,Baby Boomer,Spain,Low,Finance,Unemployed,2150.0,18,4,With parents,8,2,4
1987,Millennial,Sweden,High,IT,Employed,3710.0,17,30,Rent,10,2,4
1992,Millennial,Sweden,Low,Healthcare,Employed,1475.0,28,19,Own,6,7,5
1967,Gen X,Italy,Medium,Construction,Employed,1351.0,22,28,With parents,1,5,7
1950,Baby Boomer,Germany,Medium,Education,Unemployed,2966.0,23,32,With parents,3,7,10
1990,Millennial,Poland,Medium,Manufacturing,Employed,2845.0,24,31,Own,10,8,9
1994,Millennial,Germany,Low,Unemployed,Employed,1260.0,26,24,With parents,7,4,5
1988,Millennial,France,Medium,Manufacturing,Unemployed,2271.0,27,26,With parents,2,5,3
2003,Gen Z,Netherlands,Low,Finance,Employed,586.0,25,22,Rent,9,1,9
1987,Millennial,Czechia,Medium,Manufacturing,Employed,2468.0,28,1,Rent,9,6,1
1989,Millennial,Germany,Low,Healthcare,Inactive,1779.0,23,3,Rent,2,1,2
1965,Gen X,Sweden,Medium,Retail,Unemployed,1979.0,17,24,Rent,6,3,4
1967,Gen X,Sweden,Medium,Manufacturing,Employed,1174.0,18,22,Rent,2,10,6
1987,Millennial,Czechia,Medium,Finance,Employed,3275.0,16,35,Own,1,3,3
1999,Gen Z,Sweden,Medium,IT,Employed,2436.0,16,22,With parents,10,7,10
1960,Baby Boomer,Spain,Medium,Construction,Inactive,3094.0,21,32,Own,9,10,3
1991,Millennial,Germany,High,Manufacturing,Inactive,2106.0,18,27,Own,5,2,9
1997,Gen Z,Italy,Low,Manufacturing,Employed,3271.0,19,7,Rent,1,9,3
2004,Gen Z,Germany,High,Manufacturing,Employed,519.0,25,32,Own,7,4,5
1959,Baby Boomer,Netherlands,High,Finance,Unemployed,2205.0,27,28,With parents,3,6,3
1969,Gen X,Sweden,Medium,Construction,Employed,3276.0,23,14,Own,6,6,1
1980,Gen X,France,Medium,Retail,Employed,417.0,20,14,Own,4,2,5
1955,Baby Boomer,Sweden,Medium,Manufacturing,Employed,2316.0,27,18,Rent,3,10,5
1995,Millennial,Germany,Low,Retail,Employed,2719.0,29,20,Own,6,4,3
1959,Baby Boomer,Spain,Low,Retail,Inactive,1854.0,26,34,Own,8,2,9
1948,Baby Boomer,Poland,Low,Construction,Inactive,3095.0,21,25,Rent,6,10,10
1965,Gen X,Germany,Low,Construction,Employed,3104.0,24,27,With parents,6,1,4
1957,Baby Boomer,Germany,Medium,Healthcare,Employed,1644.0,29,21,Rent,5,10,3
1966,Gen X,Italy,High,IT,Employed,1852.0,26,35,Rent,5,7,5
1963,Baby Boomer,Spain,Low,Manufacturing,Unemployed,1155.0,26,15,Own,1,5,7
1978,Gen X,Netherlands,High,Manufacturing,Employed,2486.0,17,11,Rent,4,5,2
1958,Baby Boomer,Poland,High,Manufacturing,Employed,2382.0,18,27,Rent,8,3,5
1948,Baby Boomer,Sweden,High,Retail,Employed,2202.0,20,6,With parents,6,1,3
1992,Millennial,France,High,Unemployed,Employed,2291.0,17,32,Own,7,3,9
1997,Gen Z,Germany,Medium,Construction,Employed,1429.0,23,23,With parents,9,9,8
1996,Millennial,Netherlands,Low,Education,Inactive,914.0,17,10,With parents,8,4,9
1990,Millennial,Poland,Medium,Unemployed,Employed,2600.0,19,14,Rent,4,5,6
1971,Gen X,France,Medium,IT,Employed,2022.0,29,18,With parents,7,6,4
1973,Gen X,Netherlands,High,Finance,Employed,1272.0,18,14,With parents,3,9,9
1991,Millennial,Spain,High,Manufacturing,Employed,1547.0,19,8,Rent,5,5,4
1972,Gen X,Spain,Medium,Education,Employed,3027.0,19,12,Rent,3,7,4
1979,Gen X,Poland,Medium,Education,Employed,2975.0,21,28,Own,7,9,2
1952,Baby Boomer,Sweden,Low,Construction,Inactive,2797.0,25,25,Rent,3,1,1
1960,Baby Boomer,Czechia,Low,Education,Employed,2163.0,27,22,Rent,8,2,10
1986,Millennial,France,Medium,IT,Employed,1586.0,27,16,Rent,10,5,4
1980,Gen X,Spain,Medium,Education,Employed,3390.0,25,4,Own,8,5,6
1974,Gen X,Czechia,High,Finance,Unemployed,1909.0,25,15,With parents,6,9,4
1962,Baby Boomer,Poland,Medium,Manufacturing,Employed,2444.0,24,29,Rent,9,7,4
1946,Baby Boomer,Spain,High,Finance,Unemployed,1435.0,18,20,Own,2,10,2
1993,Millennial,Spain,Medium,Manufacturing,Employed,1986.0,16,4,Rent,6,9,3
1957,Baby Boomer,Netherlands,High,Healthcare,Employed,0.0,29,25,With parents,4,7,3
1948,Baby Boomer,Czechia,Low,Retail,Employed,1634.0,23,29,With parents,7,6,7
1970,Gen X,Netherlands,High,Education,Inactive,829.0,22,21,Rent,1,6,4
1969,Gen X,Spain,Medium,Finance,Employed,2396.0,17,1,Rent,4,1,3
1974,Gen X,Czechia,Low,Retail,Employed,1664.0,20,11,Own,10,7,5
1955,Baby Boomer,Italy,Low,Retail,Employed,1929.0,27,26,With parents,4,4,4
1951,Baby Boomer,Czechia,High,Retail,Employed,4117.0,27,25,Rent,6,10,1
1975,Gen X,Netherlands,Low,Retail,Employed,1281.0,25,24,Rent,10,3,6
1988,Millennial,France,Medium,Retail,Employed,2310.0,19,18,Rent,6,1,5
1954,Baby Boomer,Poland,Medium,Manufacturing,Employed,2397.0,24,26,Rent,6,7,7
1983,Millennial,Poland,Medium,IT,Employed,1345.0,19,16,Own,4,10,8
1957,Baby Boomer,Sweden,High,Education,Employed,3193.0,20,5,Own,5,9,3
1975,Gen X,France,Medium,Education,Employed,3682.0,23,22,With parents,8,1,4
1951,Baby Boomer,France,Medium,Manufacturing,Employed,3280.0,18,17,With parents,3,2,5
2000,Gen Z,France,High,Finance,Employed,1342.0,21,1,Own,6,10,8
1993,Millennial,Sweden,High,Manufacturing,Employed,1567.0,21,18,With parents,1,4,10
1986,Millennial,France,High,Construction,Employed,376.0,29,3,Own,10,9,7
1986,Millennial,Germany,Medium,Unemployed,Employed,2036.0,22,32,Rent,6,10,7
2000,Gen Z,Sweden,Low,Retail,Employed,2101.0,24,33,Rent,9,8,5
1980,Gen X,Poland,Medium,IT,Employed,2902.0,26,31,Own,8,1,4
1964,Baby Boomer,Germany,High,Education,Employed,3787.0,18,17,Rent,5,4,1
1948,Baby Boomer,Sweden,Low,Finance,Employed,1067.0,28,8,Rent,7,9,6
1998,Gen Z,Spain,Medium,Healthcare,Employed,2325.0,29,35,Own,5,2,9
1951,Baby Boomer,Spain,Low,Manufacturing,Employed,1997.0,20,2,Rent,3,2,2
1998,Gen Z,Poland,Medium,Healthcare,Employed,2064.0,20,17,With parents,9,6,1
1945,Baby Boomer,Spain,High,Education,Employed,3608.0,20,24,Rent,7,6,10
1988,Millennial,France,Low,Manufacturing,Employed,2286.0,21,1,With parents,8,6,5
2000,Gen Z,Sweden,Medium,Education,Unemployed,2695.0,16,0,Own,7,10,4
1989,Millennial,Germany,High,Manufacturing,Employed,2627.0,28,23,With parents,7,1,4
1986,Millennial,France,Low,Finance,Inactive,2396.0,24,23,Rent,8,9,1
1991,Millennial,Spain,Medium,Education,Employed,1510.0,27,3,With parents,8,2,1
2003,Gen Z,Netherlands,High,Construction,Unemployed,3885.0,18,34,Rent,6,7,1
1957,Baby Boomer,Czechia,High,Healthcare,Employed,2169.0,21,34,Rent,4,1,8
1999,Gen Z,Germany,Low,IT,Inactive,2678.0,19,11,With parents,5,1,1
1966,Gen X,France,Low,Finance,Employed,2428.0,22,22,Rent,6,9,5
1998,Gen Z,Sweden,Low,Construction,Employed,300.0,23,21,With parents,9,7,10
1965,Gen X,Poland,High,Finance,Employed,1262.0,19,25,Rent,5,5,6
1966,Gen X,France,High,Manufacturing,Inactive,2303.0,25,3,Own,9,10,7
1972,Gen X,Netherlands,Medium,Healthcare,Inactive,1435.0,21,6,Own,9,3,5
1953,Baby Boomer,Spain,Medium,Education,Employed,2563.0,27,22,With parents,8,8,9
1970,Gen X,Germany,Low,Healthcare,Employed,1381.0,27,30,With parents,10,1,1
1953,Baby Boomer,Poland,Medium,Finance,Employed,2215.0,25,6,Own,6,8,7
1959,Baby Boomer,Germany,Medium,Manufacturing,Employed,663.0,29,21,Own,1,4,6
1954,Baby Boomer,Poland,High,Unemployed,Employed,2952.0,22,18,Own,5,2,9
1968,Gen X,Czechia,Medium,Healthcare,Inactive,2606.0,27,29,Own,3,7,6
2002,Gen Z,Sweden,Medium,Construction,Employed,2648.0,25,25,Rent,9,4,2
2001,Gen Z,Germany,Medium,Education,Employed,2118.0,22,21,With parents,4,4,9
1986,Millennial,Spain,Low,Retail,Employed,1573.0,24,8,With parents,7,6,4
1952,Baby Boomer,Sweden,Medium,Finance,Employed,3620.0,23,28,Own,6,2,9
1968,Gen X,Sweden,Low,IT,Employed,3700.0,18,31,With parents,6,5,3
1960,Baby Boomer,Czechia,Medium,IT,Employed,2136.0,28,17,With parents,5,9,3
1993,Millennial,Poland,Low,Finance,Employed,1686.0,19,30,Rent,1,3,5
1970,Gen X,Italy,Low,Unemployed,Employed,644.0,24,31,Rent,3,4,8
1971,Gen X,Germany,High,Retail,Employed,2403.0,26,8,With parents,5,3,9
1981,Millennial,Germany,Medium,Manufacturing,Employed,1598.0,22,29,Rent,2,7,4
1948,Baby Boomer,France,Medium,Healthcare,Inactive,1768.0,22,31,Own,2,3,8
1994,Millennial,Poland,High,Healthcare,Employed,3068.0,16,7,With parents,4,7,10
1968,Gen X,Netherlands,Medium,Retail,Unemployed,1334.0,17,23,Rent,7,5,5
1963,Baby Boomer,Italy,High,Construction,Employed,3927.0,16,3,Rent,1,3,9
1980,Gen X,Spain,Low,Retail,Employed,1285.0,19,16,With parents,9,1,3
2004,Gen Z,France,High,Education,Employed,358.0,19,20,With parents,1,5,8
1983,Millennial,Czechia,High,Education,Employed,1608.0,29,8,Own,8,9,5
1954,Baby Boomer,Italy,High,IT,Unemployed,2521.0,20,4,Rent,6,10,8
1969,Gen X,Poland,Low,Manufacturing,Employed,2323.0,20,4,With parents,1,4,10
1962,Baby Boomer,Italy,Medium,Unemployed,Employed,2365.0,27,29,Rent,7,9,1
1963,Baby Boomer,Czechia,Low,Manufacturing,Employed,1951.0,16,5,Rent,2,10,9
1980,Gen X,Sweden,Medium,Construction,Employed,1749.0,22,7,Rent,1,3,5
1954,Baby Boomer,Germany,High,Retail,Employed,1084.0,21,32,Rent,8,8,3
1977,Gen X,Sweden,Medium,IT,Employed,2317.0,23,14,With parents,2,5,2
1999,Gen Z,Germany,Medium,IT,Employed,3151.0,29,8,With parents,9,6,3
1994,Millennial,France,Medium,Education,Employed,2213.0,19,2,Own,6,4,1
1949,Baby Boomer,Czechia,Medium,Healthcare,Employed,1515.0,16,30,With parents,1,6,6
1991,Millennial,Poland,High,Construction,Employed,2331.0,27,6,Rent,8,3,7
1993,Millennial,Poland,High,Manufacturing,Employed,3517.0,18,15,Own,7,7,10
1979,Gen X,Italy,Low,Construction,Employed,2016.0,24,27,With parents,1,4,7
1988,Millennial,France,Medium,IT,Employed,1087.0,25,34,With parents,8,5,2
1978,Gen X,Poland,Low,Education,Employed,2398.0,22,14,Own,2,6,3
1977,Gen X,Netherlands,Medium,Education,Employed,2731.0,17,6,With parents,8,5,4
1999,Gen Z,Netherlands,High,Education,Inactive,2980.0,28,34,With parents,9,2,10
1965,Gen X,Sweden,High,Construction,Employed,2828.0,18,30,With parents,5,4,7
1961,Baby Boomer,Germany,Medium,Healthcare,Employed,2349.0,17,7,Rent,5,8,10
1966,Gen X,Italy,Medium,IT,Unemployed,1450.0,19,15,Own,7,8,8
1992,Millennial,Spain,Low,Retail,Employed,1315.0,17,33,Own,1,7,9
1981,Millennial,Czechia,Medium,Retail,Employed,1896.0,19,0,Rent,5,10,6
1959,Baby Boomer,Germany,Low,Education,Employed,2754.0,26,18,Own,1,2,7
1979,Gen X,France,Medium,Education,Unemployed,1615.0,29,13,With parents,8,4,8
1972,Gen X,Poland,Low,Healthcare,Unemployed,1758.0,29,18,Rent,8,9,7
1951,Baby Boomer,Germany,Medium,Education,Employed,1403.0,29,22,Rent,1,6,7
1976,Gen X,Spain,Low,Finance,Employed,3605.0,22,3,Rent,2,8,9
1955,Baby Boomer,Spain,High,IT,Employed,2000.0,28,33,Own,7,9,10
1954,Baby Boomer,Netherlands,High,Unemployed,Employed,2804.0,23,1,Rent,7,5,6
1953,Baby Boomer,France,Medium,Unemployed,Employed,3622.0,29,11,Rent,9,5,1
1958,Baby Boomer,Germany,Low,Education,Employed,1343.0,25,22,Rent,3,9,3
1957,Baby Boomer,Italy,Medium,Unemployed,Employed,2883.0,28,17,Own,2,6,5
2001,Gen Z,Germany,Low,Education,Unemployed,2116.0,21,31,Own,10,7,9
1969,Gen X,Netherlands,Medium,IT,Employed,3465.0,29,16,Own,8,8,1
1946,Baby Boomer,Sweden,High,Manufacturing,Employed,1487.0,26,30,Rent,7,8,2
1979,Gen X,Spain,Medium,Finance,Unemployed,2393.0,24,35,With parents,3,3,3
1951,Baby Boomer,France,Medium,Finance,Inactive,2771.0,21,25,Own,3,5,4
1965,Gen X,France,Medium,Unemployed,Employed,1584.0,26,11,With parents,7,1,6
1962,Baby Boomer,Italy,High,Retail,Employed,2013.0,26,34,With parents,5,3,7
1947,Baby Boomer,France,High,Education,Employed,2073.0,18,15,Own,9,2,7
1986,Millennial,Netherlands,Medium,IT,Unemployed,3184.0,16,3,Own,10,10,2
1998,Gen Z,Netherlands,Medium,Retail,Employed,4196.0,24,27,With parents,7,2,3
1983,Millennial,Netherlands,Medium,Construction,Employed,3619.0,18,32,Own,1,2,1
1985,Millennial,France,Low,Unemployed,Employed,3494.0,16,9,With parents,1,1,1
1993,Millennial,France,Medium,Construction,Employed,0.0,27,30,With parents,6,6,6
1955,Baby Boomer,Netherlands,Medium,Healthcare,Unemployed,2319.0,26,13,Rent,5,4,4
1983,Millennial,France,Low,Construction,Employed,2258.0,29,4,With parents,5,10,10
1968,Gen X,Czechia,Low,Construction,Employed,2921.0,17,9,Rent,8,2,4
2004,Gen Z,France,Medium,Manufacturing,Employed,903.0,27,24,Rent,8,5,9
1990,Millennial,Czechia,High,Education,Employed,2853.0,18,16,Own,9,2,8
1963,Baby Boomer,Spain,Medium,Manufacturing,Employed,323.0,23,19,Own,4,8,3
1948,Baby Boomer,Germany,Medium,Education,Unemployed,3125.0,23,32,With parents,5,4,3
1970,Gen X,Poland,Medium,Education,Inactive,716.0,17,8,Own,7,5,8
1982,Millennial,Czechia,Medium,Education,Employed,3302.0,21,30,Own,3,8,2
1986,Millennial,Czechia,Medium,Manufacturing,Employed,3257.0,17,4,Own,6,6,10
1976,Gen X,France,Medium,Finance,Inactive,1900.0,28,28,Own,3,1,5
1983,Millennial,Poland,Low,Healthcare,Employed,2595.0,22,3,With parents,4,6,6
1989,Millennial,Sweden,Medium,Finance,Inactive,2197.0,28,30,Rent,10,1,5
1990,Millennial,Poland,Medium,IT,Employed,869.0,25,3,Rent,8,6,1
1980,Gen X,Spain,Medium,IT,Employed,2706.0,26,17,Rent,10,7,5
1984,Millennial,Czechia,High,Construction,Employed,3269.0,26,17,Own,4,6,9
1981,Millennial,France,Low,Finance,Unemployed,1910.0,18,33,Own,4,4,10
1977,Gen X,Netherlands,Medium,Healthcare,Inactive,2775.0,23,13,With parents,7,4,2
1980,Gen X,Poland,Medium,Construction,Employed,1411.0,18,25,Rent,3,2,3
1947,Baby Boomer,France,High,Healthcare,Employed,3026.0,25,22,With parents,3,2,6
1953,Baby Boomer,Italy,Medium,Education,Employed,2209.0,21,32,Rent,1,7,3
1952,Baby Boomer,Sweden,High,Education,Employed,2187.0,16,16,With parents,7,10,6
1977,Gen X,Netherlands,High,IT,Employed,2622.0,23,31,With parents,4,8,7
2003,Gen Z,Italy,Medium,Education,Employed,3576.0,22,34,With parents,7,6,3
1950,Baby Boomer,Italy,Medium,Construction,Employed,2674.0,16,29,Rent,2,6,4
1985,Millennial,Poland,Medium,Education,Employed,1226.0,29,14,Own,5,7,6
1983,Millennial,Italy,High,Healthcare,Employed,1554.0,29,6,Rent,7,3,1
1948,Baby Boomer,Spain,Low,Manufacturing,Employed,2135.0,22,5,Own,9,10,1
1957,Baby Boomer,Spain,Medium,Unemployed,Employed,2647.0,26,8,With parents,10,2,5
1993,Millennial,Poland,Medium,Finance,Inactive,1154.0,20,12,Rent,4,4,8
2004,Gen Z,France,Medium,Retail,Employed,2514.0,17,17,Own,6,2,1
1946,Baby Boomer,Germany,Medium,Retail,Employed,3000.0,16,34,Rent,3,7,1
2004,Gen Z,France,Medium,Education,Employed,1750.0,29,0,Rent,2,9,1
1949,Baby Boomer,France,Low,Education,Inactive,3974.0,17,23,Rent,10,7,10
1988,Millennial,France,Medium,Finance,Employed,1532.0,28,35,With parents,2,5,1
1971,Gen X,France,Medium,Retail,Employed,2381.0,21,15,Own,5,3,9
1976,Gen X,Netherlands,High,Healthcare,Inactive,320.0,17,17,With parents,3,1,2
1965,Gen X,Germany,Medium,Unemployed,Employed,1915.0,28,2,Own,2,1,6
1952,Baby Boomer,Netherlands,High,Retail,Employed,2066.0,21,7,With parents,2,3,2
1982,Millennial,Italy,Medium,Retail,Employed,1815.0,28,17,Rent,3,4,5
1952,Baby Boomer,Sweden,Low,Construction,Unemployed,1537.0,27,28,With parents,1,5,5
1994,Millennial,France,High,Retail,Employed,1734.0,23,26,Rent,8,9,9
1947,Baby Boomer,Sweden,Low,Education,Employed,2770.0,23,28,Own,9,2,4
1998,Gen Z,Spain,High,Construction,Employed,474.0,21,3,Own,1,4,6
1988,Millennial,Poland,High,Education,Employed,526.0,20,11,Rent,5,3,4
2002,Gen Z,Poland,Medium,Finance,Inactive,1758.0,19,12,Rent,8,8,6
1947,Baby Boomer,Netherlands,Medium,Retail,Employed,2090.0,29,13,With parents,2,1,3
1966,Gen X,Netherlands,Medium,Unemployed,Employed,1496.0,21,13,With parents,1,1,4
1950,Baby Boomer,Spain,Medium,Education,Inactive,2257.0,28,9,With parents,5,9,9
1946,Baby Boomer,France,Medium,Finance,Employed,2758.0,20,21,Own,1,1,1
1967,Gen X,Sweden,Medium,Retail,Employed,3081.0,25,8,Rent,6,4,7
1988,Millennial,Czechia,Medium,Unemployed,Employed,3391.0,19,23,Own,9,8,3
1946,Baby Boomer,Sweden,Low,Healthcare,Employed,1008.0,21,16,Rent,8,4,9
1982,Millennial,Germany,High,Education,Employed,1506.0,24,23,Rent,6,5,7
1961,Baby Boomer,Italy,High,Unemployed,Employed,1411.0,24,4,Own,4,2,2
1979,Gen X,Poland,Medium,Unemployed,Employed,3110.0,23,33,With parents,7,9,5
1978,Gen X,Italy,High,Unemployed,Employed,1631.0,25,0,With parents,6,10,1
1967,Gen X,Germany,Low,Manufacturing,Employed,2476.0,16,26,Own,7,9,1
1974,Gen X,Netherlands,Low,Unemployed,Employed,927.0,24,7,Rent,2,3,7
1996,Millennial,Sweden,Medium,Finance,Employed,1621.0,20,5,Own,7,8,7
1952,Baby Boomer,Poland,Medium,Education,Employed,1393.0,26,4,With parents,10,9,8
1966,Gen X,Italy,Medium,Healthcare,Employed,2815.0,18,17,Rent,4,3,8
1988,Millennial,Czechia,High,Healthcare,Inactive,1078.0,23,6,Own,5,1,7
2002,Gen Z,Netherlands,High,Education,Inactive,3806.0,23,35,With parents,7,2,3
1980,Gen X,Germany,Medium,Unemployed,Employed,2394.0,24,32,Rent,10,8,3
1949,Baby Boomer,Czechia,High,IT,Inactive,1545.0,17,33,Own,2,1,2
1957,Baby Boomer,Italy,Low,Finance,Inactive,2507.0,25,31,Own,1,7,1
1973,Gen X,Czechia,Low,Retail,Employed,1468.0,19,2,With parents,5,2,8
1975,Gen X,Sweden,High,Retail,Employed,1244.0,25,0,Own,10,3,6
1991,Millennial,France,Medium,Healthcare,Inactive,2828.0,17,20,Own,1,4,5
2001,Gen Z,Czechia,Medium,Unemployed,Employed,3432.0,28,12,Own,6,3,1
1999,Gen Z,Netherlands,Medium,Education,Employed,2543.0,28,7,Own,2,4,5
1960,Baby Boomer,Germany,Medium,IT,Employed,1094.0,21,29,With parents,2,5,10
1986,Millennial,Italy,Low,Finance,Employed,1465.0,16,7,Rent,4,6,8
1974,Gen X,Sweden,Medium,Manufacturing,Employed,3576.0,29,26,Rent,10,5,8
2001,Gen Z,France,Low,Retail,Employed,2915.0,25,22,Own,2,9,10
1999,Gen Z,France,Low,Construction,Employed,1185.0,18,7,With parents,9,10,6
1960,Baby Boomer,Germany,Medium,Finance,Employed,1558.0,17,14,Own,3,9,2
1956,Baby Boomer,Spain,Low,Unemployed,Inactive,2369.0,22,6,Own,8,6,2
1961,Baby Boomer,Sweden,High,Finance,Employed,2070.0,23,11,Own,7,6,2
1960,Baby Boomer,Sweden,Low,IT,Employed,4080.0,17,35,Own,7,9,8
1956,Baby Boomer,Poland,Low,Finance,Employed,1542.0,24,29,Rent,4,7,8
1952,Baby Boomer,Germany,Medium,Retail,Employed,2739.0,26,9,Own,4,6,8
1964,Baby Boomer,France,Medium,Education,Inactive,2468.0,16,18,Own,1,9,1
1947,Baby Boomer,France,Low,Unemployed,Employed,706.0,17,17,Own,8,7,9
1960,Baby Boomer,Czechia,Low,Retail,Employed,46.0,18,19,Rent,1,8,10
1974,Gen X,Germany,High,Manufacturing,Employed,1854.0,17,1,With parents,4,10,4
1989,Millennial,Spain,Medium,Education,Employed,2577.0,29,29,With parents,3,5,9
1967,Gen X,Poland,Medium,Healthcare,Employed,3631.0,16,10,With parents,1,8,7
1972,Gen X,Italy,Medium,IT,Employed,1496.0,23,21,With parents,7,10,3
1995,Millennial,Germany,Medium,Unemployed,Employed,2627.0,16,18,With parents,7,1,10
1984,Millennial,Poland,Medium,Retail,Employed,1939.0,20,2,Own,2,7,10
1998,Gen Z,Sweden,Medium,Education,Inactive,3755.0,26,3,Own,10,2,3
1949,Baby Boomer,Poland,High,Finance,Employed,2164.0,28,34,With parents,5,3,2
1964,Baby Boomer,Czechia,Low,Education,Employed,1804.0,21,8,Rent,8,8,7
1984,Millennial,Netherlands,High,Retail,Unemployed,2353.0,22,7,Own,1,3,8
2000,Gen Z,France,Low,Healthcare,Unemployed,2374.0,18,33,With parents,9,10,1
1988,Millennial,Czechia,Low,Retail,Employed,3457.0,27,30,Rent,7,7,7
1945,Baby Boomer,Italy,Low,Healthcare,Inactive,2205.0,26,18,With parents,7,6,2
2001,Gen Z,Germany,Low,Finance,Employed,2587.0,22,31,Rent,2,3,7
1974,Gen X,Czechia,High,Retail,Employed,711.0,23,27,With parents,8,3,6
1965,Gen X,France,Medium,Education,Employed,1160.0,25,17,Own,3,9,9
1964,Baby Boomer,Netherlands,Low,Manufacturing,Employed,1861.0,18,24,With parents,10,5,7
1950,Baby Boomer,Czechia,High,Manufacturing,Employed,2293.0,20,9,With parents,7,7,9
1966,Gen X,Netherlands,High,Finance,Employed,1514.0,16,4,With parents,3,2,5
1962,Baby Boomer,Czechia,High,Construction,Employed,2455.0,24,14,With parents,6,10,6
1952,Baby Boomer,France,High,Construction,Unemployed,1729.0,23,24,With parents,1,7,6
1983,Millennial,Spain,Low,Education,Employed,3728.0,18,19,Rent,4,8,3
1976,Gen X,Poland,High,Manufacturing,Employed,2014.0,19,9,Own,9,4,3
1977,Gen X,Germany,Medium,Finance,Employed,2588.0,16,27,Own,7,1,1
1997,Gen Z,Germany,High,Healthcare,Employed,2004.0,29,5,Own,7,10,4
1960,Baby Boomer,Germany,High,Education,Unemployed,2116.0,16,10,Rent,4,4,3
1956,Baby Boomer,France,Medium,Construction,Employed,2692.0,29,18,With parents,10,5,7
1982,Millennial,Sweden,High,Unemployed,Employed,2324.0,21,15,Own,1,5,6
1996,Millennial,Spain,Medium,Healthcare,Employed,1730.0,21,31,Rent,1,2,9
1978,Gen X,Italy,Medium,Education,Unemployed,2502.0,24,1,With parents,3,8,10
1958,Baby Boomer,Netherlands,Low,Healthcare,Employed,2057.0,27,25,Own,7,2,3
1980,Gen X,France,High,Healthcare,Employed,2724.0,20,20,Rent,7,1,6
1977,Gen X,Sweden,Medium,Manufacturing,Employed,3233.0,18,14,Rent,5,5,9
1967,Gen X,Italy,Medium,Unemployed,Inactive,3093.0,21,12,Own,9,7,10
1994,Millennial,Netherlands,Medium,Education,Employed,1244.0,23,6,With parents,2,8,3
1989,Millennial,Netherlands,High,Retail,Inactive,0.0,27,2,Rent,9,4,9
1946,Baby Boomer,Spain,Medium,Manufacturing,Employed,4232.0,22,14,Rent,9,1,3
1985,Millennial,Poland,High,Healthcare,Employed,2672.0,26,19,With parents,6,5,1
1965,Gen X,Germany,High,Healthcare,Employed,2540.0,25,2,Rent,4,3,3
1946,Baby Boomer,Czechia,Medium,Construction,Employed,1559.0,29,26,With parents,5,1,5
1971,Gen X,Italy,Medium,Retail,Unemployed,355.0,18,14,Own,6,7,8
2001,Gen Z,France,High,Construction,Unemployed,397.0,29,2,With parents,4,9,1
1953,Baby Boomer,Italy,High,Retail,Employed,1896.0,16,27,Rent,9,9,4
1945,Baby Boomer,Poland,High,Healthcare,Employed,2338.0,19,0,With parents,2,4,10
1955,Baby Boomer,Germany,Low,Retail,Inactive,3717.0,21,19,With parents,8,8,8
1947,Baby Boomer,Italy,High,Unemployed,Employed,2419.0,19,10,With parents,9,1,6
1996,Millennial,Poland,Medium,IT,Unemployed,2803.0,20,24,With parents,4,4,4
1967,Gen X,France,Medium,Construction,Inactive,1721.0,25,3,Rent,9,4,3
1970,Gen X,Spain,High,Construction,Employed,1788.0,22,18,Own,2,2,1
1948,Baby Boomer,Sweden,Low,Manufacturing,Unemployed,874.0,20,27,Own,3,8,10
1962,Baby Boomer,Netherlands,High,Unemployed,Employed,1095.0,20,9,With parents,10,8,8
1999,Gen Z,France,Medium,Education,Employed,1086.0,17,20,Own,5,7,2
1950,Baby Boomer,Germany,High,Construction,Employed,1873.0,16,35,Rent,4,4,7
1979,Gen X,Netherlands,Low,Retail,Employed,703.0,19,15,Rent,3,5,3
1966,Gen X,Sweden,Medium,Retail,Employed,1470.0,26,32,Own,4,5,5
1987,Millennial,France,High,IT,Inactive,2165.0,25,12,Own,9,1,6
1959,Baby Boomer,Czechia,Low,Education,Employed,37.0,28,28,Rent,9,6,3
1966,Gen X,France,Low,IT,Employed,3534.0,23,3,With parents,5,7,6
2004,Gen Z,France,High,Education,Employed,3803.0,18,26,With parents,7,4,7
1981,Millennial,Czechia,Medium,Construction,Employed,3130.0,21,7,Rent,8,3,10
1996,Millennial,France,High,Construction,Employed,2553.0,25,7,Own,2,8,7
1986,Millennial,Netherlands,Low,Manufacturing,Employed,2493.0,29,24,Own,9,2,2
1956,Baby Boomer,Germany,Medium,Retail,Employed,2678.0,17,25,Own,9,1,2
1991,Millennial,Sweden,High,Manufacturing,Employed,2278.0,24,0,Own,2,7,3
1993,Millennial,Poland,Medium,Education,Inactive,2364.0,29,32,Own,6,3,7
1986,Millennial,Italy,Medium,Retail,Employed,705.0,24,18,Own,4,3,1
1982,Millennial,Czechia,Medium,Construction,Employed,2305.0,19,19,Own,1,6,8
1962,Baby Boomer,Spain,High,IT,Inactive,2649.0,27,17,Own,5,3,4
1989,Millennial,Czechia,Low,Construction,Unemployed,2504.0,26,25,With parents,3,9,6
1979,Gen X,Sweden,Medium,Construction,Employed,3233.0,27,8,With parents,1,2,5
1974,Gen X,Italy,Low,Healthcare,Employed,3522.0,23,26,Own,2,1,1
1968,Gen X,Italy,Medium,IT,Unemployed,1727.0,29,5,Own,7,7,5
1986,Millennial,Spain,Medium,Healthcare,Employed,1179.0,29,19,With parents,1,7,5
1974,Gen X,Sweden,Medium,Unemployed,Unemployed,3330.0,17,0,Rent,3,9,7
1958,Baby Boomer,Netherlands,Medium,Unemployed,Employed,2799.0,25,15,With parents,1,5,9
1950,Baby Boomer,Germany,Low,IT,Employed,1685.0,17,3,Own,1,3,9
1947,Baby Boomer,Spain,Low,Education,Employed,1999.0,21,2,With parents,8,10,1
1960,Baby Boomer,Germany,Medium,Manufacturing,Employed,1926.0,17,21,Own,6,2,5
1951,Baby Boomer,Netherlands,Medium,Unemployed,Employed,2444.0,16,8,With parents,4,8,4
1996,Millennial,Italy,High,Healthcare,Employed,3493.0,25,7,With parents,8,5,7
1958,Baby Boomer,Germany,Medium,Education,Employed,1394.0,17,6,With parents,7,2,5
1953,Baby Boomer,Netherlands,Low,Manufacturing,Inactive,2463.0,17,11,Own,9,6,2
1959,Baby Boomer,Netherlands,Medium,Manufacturing,Employed,2430.0,20,0,Rent,1,8,4
1965,Gen X,Poland,Low,Retail,Employed,412.0,29,11,Own,10,3,10
1979,Gen X,Spain,High,Construction,Unemployed,4454.0,21,15,Rent,5,1,4
1946,Baby Boomer,Poland,High,Retail,Employed,2388.0,26,13,Rent,6,5,10
1971,Gen X,Czechia,Medium,Construction,Employed,3241.0,29,29,Rent,6,8,3
1946,Baby Boomer,Italy,Medium,Retail,Employed,744.0,18,18,Rent,10,5,5
1979,Gen X,Spain,Low,Healthcare,Employed,3934.0,23,18,Rent,7,3,8
1962,Baby Boomer,Italy,Medium,Healthcare,Employed,1883.0,17,12,Rent,5,7,2
1958,Baby Boomer,Poland,High,Construction,Inactive,127.0,29,9,Own,5,10,2
1964,Baby Boomer,Sweden,Low,Unemployed,Employed,920.0,25,28,Own,1,7,9
1962,Baby Boomer,Netherlands,Medium,Manufacturing,Employed,1094.0,18,27,With parents,10,5,5
1954,Baby Boomer,Italy,Medium,Healthcare,Employed,1504.0,19,12,Rent,5,2,2
1969,Gen X,Spain,High,Manufacturing,Employed,1039.0,20,14,Own,10,10,2
1946,Baby Boomer,Czechia,Medium,Education,Unemployed,2929.0,20,16,Own,1,8,3
1969,Gen X,Spain,High,IT,Employed,2361.0,21,22,Own,10,7,9
1998,Gen Z,Italy,Low,Manufacturing,Employed,2660.0,19,9,Own,2,7,6
1977,Gen X,Spain,Medium,Manufacturing,Employed,2587.0,25,35,With parents,1,8,1
1980,Gen X,Czechia,High,Education,Employed,1979.0,26,13,Own,8,8,10
1975,Gen X,Netherlands,Low,Construction,Employed,797.0,22,31,With parents,8,4,3
1958,Baby Boomer,Sweden,Medium,Retail,Employed,840.0,28,33,Rent,8,1,5
1945,Baby Boomer,Netherlands,Low,Finance,Employed,878.0,27,30,With parents,10,10,4
1990,Millennial,Spain,Low,Unemployed,Inactive,1217.0,23,31,Own,10,4,5
1960,Baby Boomer,Czechia,Low,Construction,Employed,3724.0,19,15,Rent,1,2,1
1998,Gen Z,Czechia,High,Retail,Employed,854.0,24,25,With parents,4,6,1
1990,Millennial,Italy,Medium,Retail,Employed,3530.0,21,16,With parents,1,8,2
1996,Millennial,Poland,High,Unemployed,Employed,1251.0,27,21,With parents,4,10,9
1947,Baby Boomer,Spain,Medium,Construction,Employed,980.0,23,35,Own,7,10,3
1979,Gen X,Spain,Medium,Construction,Unemployed,2579.0,24,34,Rent,10,3,8
1985,Millennial,Spain,Medium,Unemployed,Employed,3341.0,16,22,With parents,7,6,10
1950,Baby Boomer,Spain,High,Manufacturing,Employed,738.0,29,24,Own,1,9,3
1969,Gen X,Italy,High,Manufacturing,Inactive,2119.0,20,4,Rent,10,4,3
1957,Baby Boomer,Poland,High,Healthcare,Employed,3268.0,22,5,With parents,2,6,9
1997,Gen Z,Poland,Low,Healthcare,Employed,3020.0,25,25,Rent,6,2,9
1978,Gen X,Germany,Medium,IT,Employed,810.0,17,5,Own,6,6,2
1952,Baby Boomer,Spain,Medium,IT,Employed,2016.0,27,18,Rent,1,1,8
1965,Gen X,Spain,High,Finance,Employed,752.0,26,18,Rent,4,7,9
1978,Gen X,Germany,Medium,Construction,Employed,2537.0,22,30,Rent,9,3,7
1948,Baby Boomer,Poland,Medium,Healthcare,Employed,2349.0,22,22,With parents,8,3,8
1969,Gen X,Czechia,Medium,Construction,Employed,2709.0,18,11,With parents,4,10,1
1959,Baby Boomer,Czechia,Low,Manufacturing,Unemployed,1340.0,24,12,With parents,3,6,2
1948,Baby Boomer,France,Low,Education,Unemployed,1571.0,22,21,With parents,8,5,8
1989,Millennial,Netherlands,High,Healthcare,Employed,3090.0,29,2,With parents,9,1,3
2004,Gen Z,France,Medium,Manufacturing,Employed,3128.0,27,11,With parents,1,1,7
1956,Baby Boomer,Poland,High,Construction,Employed,3705.0,27,30,With parents,10,2,7
1976,Gen X,Sweden,High,Unemployed,Employed,3479.0,25,12,Own,8,3,8
1976,Gen X,Spain,Medium,Healthcare,Employed,716.0,26,22,Own,5,4,8
1972,Gen X,France,Medium,Retail,Employed,3302.0,20,12,Rent,3,10,8
1957,Baby Boomer,Italy,Low,Healthcare,Employed,2169.0,22,5,Rent,10,6,5
1975,Gen X,Czechia,High,Construction,Unemployed,2855.0,22,2,Own,5,10,1
1958,Baby Boomer,Italy,Medium,Construction,Employed,1896.0,21,6,Own,10,10,9
1964,Baby Boomer,Germany,Medium,Finance,Inactive,1377.0,19,9,Rent,4,2,9
1962,Baby Boomer,Poland,Medium,Construction,Unemployed,1944.0,23,30,Own,1,7,6
1973,Gen X,Poland,Medium,Retail,Employed,2258.0,27,3,Own,8,8,9
2004,Gen Z,France,Medium,Manufacturing,Employed,2461.0,17,5,Own,7,4,7
1950,Baby Boomer,Spain,Medium,Retail,Employed,3076.0,28,17,Rent,4,7,4
1976,Gen X,Poland,High,Healthcare,Employed,1266.0,28,6,Rent,4,10,10
1973,Gen X,France,High,Unemployed,Employed,1188.0,23,33,With parents,5,9,10
1987,Millennial,France,Medium,Retail,Employed,733.0,28,22,Rent,1,1,4
1946,Baby Boomer,Netherlands,Medium,Finance,Employed,2000.0,29,7,With parents,4,6,1
2004,Gen Z,Netherlands,High,Education,Employed,1413.0,20,23,Own,5,10,9
1967,Gen X,Poland,Low,Retail,Inactive,1902.0,22,27,With parents,8,6,6
1963,Baby Boomer,France,High,Construction,Employed,2222.0,18,2,Own,1,3,7
1975,Gen X,Germany,Low,Finance,Employed,596.0,29,12,With parents,4,7,2
1995,Millennial,Germany,Medium,Retail,Employed,1700.0,22,32,Own,10,9,3
1949,Baby Boomer,Netherlands,Medium,IT,Inactive,2526.0,24,15,Rent,10,6,4
1963,Baby Boomer,Poland,Medium,Education,Employed,2262.0,22,10,With parents,7,3,3
1978,Gen X,Czechia,High,Manufacturing,Unemployed,1863.0,28,28,With parents,5,2,10
1954,Baby Boomer,Spain,Low,Construction,Unemployed,2168.0,16,24,Own,1,6,9
1969,Gen X,Sweden,Medium,Finance,Unemployed,1955.0,24,16,Own,7,3,8
1946,Baby Boomer,Czechia,Medium,Retail,Employed,1303.0,22,5,Rent,1,1,2
1955,Baby Boomer,Germany,High,Unemployed,Employed,1151.0,17,13,With parents,2,9,9
1994,Millennial,Germany,Low,Education,Employed,4619.0,20,18,Rent,8,7,8
1975,Gen X,Czechia,High,Manufacturing,Employed,2766.0,26,11,Rent,9,4,4
2000,Gen Z,Netherlands,Medium,Education,Employed,3173.0,25,18,Rent,8,2,3
1959,Baby Boomer,Netherlands,Low,Finance,Employed,2743.0,17,20,Own,8,3,4
1953,Baby Boomer,Poland,High,IT,Employed,3454.0,22,28,Rent,6,6,2
1967,Gen X,Netherlands,Low,Finance,Employed,2716.0,24,27,Rent,7,8,8
1963,Baby Boomer,Italy,Medium,Finance,Employed,306.0,19,16,Own,4,3,6
1953,Baby Boomer,Sweden,Low,Unemployed,Employed,1446.0,18,1,Own,5,2,10
1979,Gen X,Czechia,Medium,Manufacturing,Unemployed,2413.0,21,5,Rent,2,5,1
1965,Gen X,Czechia,Medium,Unemployed,Employed,2388.0,23,24,With parents,10,8,7
1953,Baby Boomer,France,Medium,Unemployed,Employed,2318.0,23,18,With parents,4,9,4
1972,Gen X,Germany,Medium,Manufacturing,Employed,1196.0,23,5,Own,7,4,4
1990,Millennial,Czechia,Medium,Retail,Inactive,1695.0,20,0,Rent,4,2,5
1995,Millennial,Italy,Low,Healthcare,Unemployed,2423.0,28,33,With parents,6,7,8
1951,Baby Boomer,Czechia,Medium,Finance,Employed,2233.0,26,20,With parents,8,5,10
1960,Baby Boomer,Spain,High,Manufacturing,Employed,2898.0,28,20,Rent,5,9,2
1960,Baby Boomer,Italy,High,Unemployed,Employed,1233.0,27,26,With parents,8,1,7
2004,Gen Z,Poland,Low,Finance,Employed,2637.0,21,22,With parents,4,5,9
1977,Gen X,Spain,Low,Finance,Unemployed,1684.0,27,35,Own,2,4,8
1948,Baby Boomer,Spain,High,Unemployed,Employed,1880.0,28,35,With parents,9,9,10
1948,Baby Boomer,Czechia,Medium,Manufacturing,Employed,2150.0,17,31,With parents,2,2,10
1983,Millennial,Netherlands,Medium,IT,Employed,642.0,21,16,Own,7,10,2
1984,Millennial,Czechia,High,IT,Unemployed,2314.0,29,13,With parents,6,1,4
1961,Baby Boomer,Italy,Medium,Finance,Employed,3332.0,28,21,Own,2,10,1
1981,Millennial,Poland,Medium,IT,Unemployed,1106.0,20,16,Rent,3,2,4
1983,Millennial,Germany,High,Finance,Employed,3872.0,18,28,With parents,7,7,5
2004,Gen Z,Sweden,Medium,Unemployed,Employed,1617.0,23,25,With parents,6,2,6
1996,Millennial,Netherlands,Low,Retail,Employed,2730.0,19,30,Own,6,6,2
1973,Gen X,Italy,Low,Manufacturing,Employed,1009.0,29,33,With parents,7,1,5
1996,Millennial,Germany,Low,Finance,Inactive,4143.0,17,26,With parents,5,10,5
1980,Gen X,Italy,High,IT,Unemployed,1246.0,26,16,Own,1,4,4
2004,Gen Z,Netherlands,Medium,IT,Employed,2386.0,18,22,With parents,5,7,8
1982,Millennial,Germany,Low,Education,Employed,1718.0,17,33,Own,9,8,10
1983,Millennial,Netherlands,High,Education,Employed,2155.0,17,17,With parents,2,8,7
1994,Millennial,Italy,Low,Construction,Employed,2301.0,18,20,Rent,10,5,2
1981,Millennial,Spain,Low,IT,Employed,1906.0,28,19,Own,3,2,8
1996,Millennial,Sweden,Low,Construction,Employed,1588.0,22,31,Rent,2,4,8
1979,Gen X,France,Low,Construction,Unemployed,2158.0,25,11,Rent,5,3,5
1951,Baby Boomer,Sweden,Medium,Construction,Unemployed,2138.0,29,3,Own,5,7,7
1971,Gen X,Spain,High,Retail,Employed,2491.0,16,8,Rent,5,6,4
1972,Gen X,Netherlands,High,Healthcare,Unemployed,2636.0,25,10,With parents,6,2,5
1966,Gen X,Sweden,Medium,Finance,Employed,2930.0,21,29,Own,3,4,3
1958,Baby Boomer,Netherlands,Medium,Education,Employed,2705.0,26,25,With parents,8,3,4
1951,Baby Boomer,Netherlands,Medium,Finance,Employed,2319.0,16,31,Rent,3,1,4
1981,Millennial,Germany,Low,Education,Employed,1969.0,18,27,Own,2,1,7
1966,Gen X,Poland,Low,Manufacturing,Inactive,820.0,27,15,Rent,9,3,10
1949,Baby Boomer,Netherlands,High,Manufacturing,Unemployed,2340.0,19,7,With parents,6,9,10
1999,Gen Z,Sweden,Low,IT,Employed,3185.0,28,2,Own,7,10,10
1946,Baby Boomer,Sweden,Low,Manufacturing,Employed,1510.0,23,2,Rent,1,4,1
1971,Gen X,Sweden,Medium,Unemployed,Employed,1599.0,17,9,Own,3,10,7
1965,Gen X,Spain,Medium,Manufacturing,Employed,3375.0,22,11,Rent,7,8,5
1998,Gen Z,France,Low,Healthcare,Inactive,3669.0,18,14,With parents,8,1,8
1982,Millennial,Netherlands,Low,Construction,Inactive,1449.0,16,26,Own,2,8,8
1959,Baby Boomer,Czechia,Medium,Retail,Employed,4496.0,21,10,Rent,5,2,6
1965,Gen X,Netherlands,Medium,IT,Unemployed,2576.0,17,5,Rent,5,3,3
1954,Baby Boomer,Netherlands,Low,Healthcare,Employed,3031.0,28,11,With parents,9,1,2
1967,Gen X,Czechia,Medium,Unemployed,Employed,1883.0,18,17,Own,3,8,9
2002,Gen Z,Germany,Medium,IT,Employed,2432.0,29,24,Rent,5,5,8
2000,Gen Z,Netherlands,High,Retail,Unemployed,2583.0,21,33,With parents,8,9,10
1983,Millennial,Spain,Medium,IT,Employed,1390.0,18,25,Own,3,8,5
1949,Baby Boomer,Italy,Low,Finance,Inactive,3688.0,27,23,Rent,6,2,10
1945,Baby Boomer,Poland,Medium,Finance,Employed,2165.0,20,15,Rent,9,6,3
1957,Baby Boomer,Sweden,High,Finance,Employed,1750.0,29,35,Own,10,4,7
1965,Gen X,Netherlands,Low,Manufacturing,Employed,1157.0,18,35,Own,4,10,2
1970,Gen X,Germany,Medium,Retail,Unemployed,2706.0,27,20,Rent,7,4,5
1994,Millennial,Spain,Low,Healthcare,Employed,2430.0,22,29,With parents,8,4,4
1989,Millennial,Netherlands,Low,Healthcare,Unemployed,1322.0,22,19,With parents,6,8,5
1965,Gen X,Czechia,Medium,Unemployed,Employed,2326.0,27,18,With parents,1,8,10
1997,Gen Z,Germany,Medium,Education,Employed,2639.0,16,10,Own,6,3,5
1962,Baby Boomer,Italy,High,Healthcare,Unemployed,1845.0,21,13,Rent,4,8,1
1981,Millennial,France,Medium,Construction,Employed,2536.0,28,35,With parents,3,8,10
1989,Millennial,Netherlands,Medium,Finance,Unemployed,2204.0,28,15,Own,3,7,8
1976,Gen X,Spain,Medium,Construction,Employed,2002.0,18,2,Rent,3,2,2
1980,Gen X,Germany,Medium,Unemployed,Employed,1336.0,22,21,Rent,1,5,9
1961,Baby Boomer,Czechia,Low,Construction,Unemployed,2379.0,16,4,Own,10,5,4
1979,Gen X,Germany,High,Finance,Inactive,333.0,25,1,Own,10,4,8
1993,Millennial,Netherlands,High,Education,Employed,3494.0,18,11,With parents,1,1,10
2004,Gen Z,Germany,Low,Manufacturing,Employed,3269.0,27,1,Rent,2,4,3
1955,Baby Boomer,France,Low,Healthcare,Employed,1278.0,25,18,Rent,5,1,5
1965,Gen X,Germany,Low,Retail,Employed,905.0,17,23,Rent,7,7,1
1996,Millennial,Sweden,Medium,Education,Employed,3252.0,29,4,Rent,5,1,6
1999,Gen Z,Poland,Medium,Healthcare,Employed,2050.0,23,25,With parents,3,4,8
1997,Gen Z,Sweden,High,Manufacturing,Unemployed,2254.0,23,27,Rent,5,7,4
1970,Gen X,Poland,High,Construction,Unemployed,2221.0,26,34,Own,6,5,1
1948,Baby Boomer,Germany,Medium,Retail,Employed,1017.0,29,18,With parents,4,3,10
1978,Gen X,Czechia,Medium,Retail,Unemployed,2907.0,24,30,Rent,4,9,10
1996,Millennial,Czechia,Medium,Unemployed,Employed,2604.0,28,18,With parents,1,2,8
1992,Millennial,Netherlands,Medium,Construction,Employed,2217.0,24,18,With parents,7,2,6
2004,Gen Z,Czechia,Medium,Manufacturing,Inactive,158.0,26,19,With parents,8,8,10
1962,Baby Boomer,Poland,Medium,Healthcare,Unemployed,2653.0,28,16,Own,4,5,8
1984,Millennial,Spain,Medium,Construction,Employed,2540.0,17,11,With parents,6,7,2
1979,Gen X,Poland,Medium,IT,Unemployed,2115.0,22,34,Rent,6,9,6
1985,Millennial,Sweden,Medium,Unemployed,Employed,3069.0,22,25,Rent,1,2,2
1973,Gen X,Germany,High,Healthcare,Unemployed,3216.0,19,7,Rent,10,7,6
1996,Millennial,Netherlands,Medium,Construction,Employed,2502.0,21,24,With parents,4,7,6
1973,Gen X,Italy,Medium,Construction,Unemployed,839.0,16,24,Rent,6,4,10
1982,Millennial,Netherlands,Medium,Education,Employed,1061.0,29,21,With parents,9,7,7
1986,Millennial,Netherlands,Medium,Education,Employed,1572.0,21,12,With parents,4,4,1
1965,Gen X,Netherlands,Low,Healthcare,Employed,1976.0,28,14,With parents,9,9,1
1986,Millennial,Spain,Low,Unemployed,Employed,2957.0,16,22,Rent,4,4,1
1957,Baby Boomer,France,Medium,Finance,Employed,2497.0,20,27,With parents,7,1,5
1993,Millennial,Sweden,Medium,Education,Inactive,2051.0,19,12,Own,7,6,1
1985,Millennial,Germany,High,IT,Unemployed,2766.0,21,31,Own,8,5,3
1961,Baby Boomer,France,Medium,Finance,Employed,1502.0,26,10,With parents,7,4,1
2000,Gen Z,Italy,Medium,IT,Unemployed,2764.0,26,13,Rent,6,3,7
1953,Baby Boomer,France,Low,Retail,Employed,2405.0,20,34,With parents,3,4,8
1985,Millennial,Germany,Low,Education,Employed,2671.0,20,34,With parents,10,1,4
1945,Baby Boomer,Sweden,High,Construction,Inactive,2962.0,18,22,Own,7,5,9
1946,Baby Boomer,Sweden,Low,Finance,Employed,2157.0,25,12,Rent,6,2,8
2004,Gen Z,Germany,Medium,Healthcare,Unemployed,408.0,17,5,Rent,10,7,7
1992,Millennial,Italy,Medium,Finance,Unemployed,1607.0,22,28,With parents,8,9,9
1973,Gen X,Germany,Medium,Construction,Employed,2903.0,25,14,Rent,4,6,10
1977,Gen X,Italy,High,Retail,Employed,1692.0,27,4,With parents,7,6,3
1954,Baby Boomer,Italy,Medium,IT,Employed,1602.0,23,32,With parents,7,10,2
1994,Millennial,Germany,Medium,Retail,Inactive,2256.0,20,1,Own,3,10,10
2002,Gen Z,Poland,High,Manufacturing,Employed,3184.0,24,32,Rent,8,3,5
2004,Gen Z,Sweden,High,Education,Employed,2612.0,16,24,Rent,10,8,10
1984,Millennial,Italy,Low,Healthcare,Employed,3767.0,28,26,Own,2,3,9
1965,Gen X,Germany,Low,IT,Employed,2561.0,18,24,Rent,3,4,2
1972,Gen X,Czechia,Low,Retail,Unemployed,2527.0,23,4,With parents,1,3,2
1955,Baby Boomer,Poland,Medium,Healthcare,Employed,1990.0,20,3,Rent,2,2,5
1999,Gen Z,Sweden,High,Education,Inactive,804.0,17,13,Rent,1,1,9
1978,Gen X,Italy,Medium,Construction,Employed,2333.0,25,16,Rent,6,1,9
1952,Baby Boomer,Sweden,Medium,Healthcare,Employed,2237.0,24,26,With parents,5,1,10
2003,Gen Z,Poland,High,Education,Employed,2797.0,28,35,Rent,6,10,4
1966,Gen X,Sweden,Medium,Education,Inactive,2474.0,16,33,With parents,3,5,9
1952,Baby Boomer,Spain,Medium,Education,Employed,2442.0,18,9,Own,7,10,1
1993,Millennial,Netherlands,High,Retail,Employed,3222.0,29,21,With parents,4,1,9
1959,Baby Boomer,Spain,High,Construction,Employed,1965.0,29,21,Own,1,5,7
1961,Baby Boomer,Poland,High,Education,Employed,2955.0,29,27,Own,3,4,9
2004,Gen Z,Italy,Medium,Healthcare,Employed,3360.0,19,19,With parents,5,2,10
1967,Gen X,Germany,High,Construction,Employed,1702.0,22,1,With parents,7,3,5
1968,Gen X,France,Low,Manufacturing,Employed,1833.0,19,22,Own,9,8,6
1989,Millennial,Germany,Medium,Healthcare,Employed,1509.0,26,33,Own,5,3,1
1963,Baby Boomer,Sweden,High,Retail,Unemployed,978.0,17,15,Rent,1,3,2
1949,Baby Boomer,France,Medium,Education,Employed,3859.0,17,27,With parents,5,2,1
1976,Gen X,France,High,Unemployed,Employed,5067.0,25,13,Own,1,5,1
1988,Millennial,Sweden,Medium,Construction,Employed,2389.0,16,0,With parents,7,2,7
1945,Baby Boomer,Sweden,Low,Manufacturing,Employed,1902.0,22,14,With parents,9,10,3
1967,Gen X,Italy,High,Retail,Employed,3764.0,29,14,Own,6,10,1
1981,Millennial,Poland,Low,IT,Employed,2741.0,24,24,Own,4,7,1
1952,Baby Boomer,Czechia,Medium,IT,Employed,1521.0,27,4,With parents,6,10,7
1957,Baby Boomer,Germany,Low,Unemployed,Employed,1410.0,25,7,Rent,1,8,5
1952,Baby Boomer,Poland,High,Unemployed,Employed,2937.0,17,21,Own,4,6,1
2001,Gen Z,Spain,Medium,IT,Inactive,2545.0,22,13,With parents,6,9,8
1967,Gen X,Italy,Low,Manufacturing,Inactive,3210.0,29,18,Rent,2,5,6
1987,Millennial,Italy,Low,Construction,Unemployed,2833.0,23,25,With parents,3,6,5
1945,Baby Boomer,Czechia,High,Healthcare,Employed,1101.0,18,32,With parents,4,4,6
1989,Millennial,Spain,High,Manufacturing,Employed,1504.0,19,11,Own,6,9,8
1995,Millennial,Germany,High,Unemployed,Unemployed,1410.0,29,28,Rent,3,2,9
1968,Gen X,Netherlands,Medium,Construction,Employed,2395.0,24,11,With parents,1,1,9
1979,Gen X,Spain,Medium,Manufacturing,Employed,2089.0,19,28,Rent,6,6,3
1968,Gen X,Germany,Low,Construction,Employed,1790.0,21,19,Rent,8,6,1
1961,Baby Boomer,France,Medium,Manufacturing,Employed,1920.0,23,33,Own,8,6,10
1949,Baby Boomer,Sweden,Low,IT,Unemployed,2807.0,25,29,With parents,4,6,6
1964,Baby Boomer,Italy,High,Finance,Unemployed,2037.0,17,28,With parents,6,4,7
1965,Gen X,Germany,High,Construction,Unemployed,1587.0,16,1,Own,1,9,6
1984,Millennial,Poland,Medium,Construction,Unemployed,1025.0,22,25,Own,6,7,5
2002,Gen Z,Czechia,Low,Construction,Employed,1387.0,16,0,With parents,1,8,10
1975,Gen X,Sweden,High,Healthcare,Unemployed,3161.0,19,27,Own,4,8,5
1990,Millennial,Poland,Low,Finance,Employed,1599.0,20,7,With parents,9,10,10
1980,Gen X,Sweden,Low,Finance,Employed,3832.0,17,30,Rent,6,4,3
1955,Baby Boomer,Italy,Low,Manufacturing,Employed,2767.0,25,18,Rent,4,6,4
1996,Millennial,Spain,Medium,Healthcare,Unemployed,1465.0,28,12,Own,10,7,10
1959,Baby Boomer,Netherlands,High,Finance,Inactive,1649.0,19,15,Rent,4,6,3
1963,Baby Boomer,Spain,Medium,Education,Employed,302.0,26,22,With parents,4,6,9
1951,Baby Boomer,Germany,Low,Manufacturing,Employed,1804.0,26,10,Rent,10,7,3
1995,Millennial,Czechia,Medium,Manufacturing,Employed,3954.0,25,23,Rent,7,9,5
1972,Gen X,Spain,High,Manufacturing,Employed,3670.0,26,9,Rent,9,8,6
1995,Millennial,Italy,Low,Education,Employed,3648.0,22,4,With parents,6,3,8
1987,Millennial,Czechia,Low,Unemployed,Unemployed,2748.0,19,11,Own,7,3,10
2002,Gen Z,Germany,High,Education,Employed,2040.0,26,35,With parents,4,2,6
1949,Baby Boomer,France,High,IT,Employed,2288.0,16,25,Own,5,6,6
1949,Baby Boomer,Spain,High,Unemployed,Unemployed,2690.0,27,27,Rent,9,7,6
1974,Gen X,Spain,High,Retail,Employed,2185.0,28,15,Rent,8,9,1
1998,Gen Z,Netherlands,Low,Healthcare,Employed,1493.0,25,1,Rent,10,6,10
1976,Gen X,Germany,Low,Retail,Unemployed,2135.0,19,25,With parents,2,9,6
1952,Baby Boomer,Poland,Medium,Manufacturing,Unemployed,983.0,26,3,Rent,8,2,1
1954,Baby Boomer,Spain,Medium,Finance,Employed,2735.0,27,28,With parents,3,4,2
1982,Millennial,Italy,High,Manufacturing,Employed,1382.0,21,15,With parents,2,1,8
1991,Millennial,Spain,High,Finance,Employed,2713.0,28,21,Own,2,6,8
1976,Gen X,Netherlands,High,IT,Employed,1228.0,29,5,Own,4,3,2
1992,Millennial,France,Low,Construction,Employed,2050.0,27,27,Own,1,10,3
1972,Gen X,Netherlands,High,Retail,Employed,2447.0,20,10,Own,5,6,6
1961,Baby Boomer,Spain,High,Construction,Unemployed,2052.0,28,20,With parents,7,1,4
1975,Gen X,Czechia,Low,Construction,Employed,2776.0,19,25,With parents,2,8,9
1952,Baby Boomer,Poland,High,Manufacturing,Employed,2603.0,17,21,Own,5,6,7
1984,Millennial,Sweden,Medium,Retail,Employed,1820.0,25,29,Own,4,7,10
1969,Gen X,Spain,Low,Unemployed,Employed,1669.0,26,29,Own,6,9,9
1953,Baby Boomer,Germany,Medium,Unemployed,Employed,1605.0,21,32,Own,1,4,7
1946,Baby Boomer,Spain,Medium,IT,Inactive,1476.0,27,29,Own,1,4,6
1959,Baby Boomer,Poland,Low,Retail,Employed,4087.0,21,29,Own,2,10,4
1994,Millennial,Germany,Medium,Finance,Employed,1632.0,21,25,Own,4,4,8
1947,Baby Boomer,Italy,High,Healthcare,Employed,3183.0,19,5,Rent,1,2,6
1993,Millennial,Czechia,Medium,Construction,Employed,2347.0,23,3,Own,5,3,10
1980,Gen X,Germany,High,Unemployed,Employed,1880.0,16,14,Own,6,6,5
1948,Baby Boomer,Netherlands,Low,IT,Employed,2375.0,25,35,With parents,10,2,6
1958,Baby Boomer,France,Low,Retail,Employed,2429.0,23,2,Own,4,9,6
1985,Millennial,Netherlands,Medium,Manufacturing,Employed,618.0,23,15,Own,7,10,2
1985,Millennial,Sweden,Low,Education,Inactive,2130.0,20,15,Own,5,3,3
1969,Gen X,Germany,Low,Education,Employed,2206.0,24,26,With parents,9,10,10
2002,Gen Z,Italy,Low,IT,Employed,1904.0,27,5,With parents,9,3,9
1999,Gen Z,Spain,Medium,Unemployed,Employed,289.0,24,20,Rent,4,6,8
1994,Millennial,Czechia,Medium,Education,Employed,1901.0,25,12,With parents,10,2,8
1954,Baby Boomer,Germany,High,Unemployed,Employed,3652.0,19,8,With parents,6,4,1
1965,Gen X,Netherlands,Low,Healthcare,Employed,2695.0,29,7,Rent,2,1,9
1980,Gen X,Germany,Medium,IT,Employed,1253.0,29,27,With parents,2,4,4
1956,Baby Boomer,Germany,Low,Manufacturing,Unemployed,3004.0,17,18,Rent,3,5,2
1971,Gen X,Germany,Medium,Manufacturing,Employed,1204.0,16,28,Rent,10,5,7
1984,Millennial,Italy,Low,IT,Inactive,2442.0,23,30,With parents,2,10,6
1946,Baby Boomer,Czechia,High,Education,Unemployed,2450.0,23,32,With parents,9,2,9
1998,Gen Z,Poland,High,Education,Employed,1870.0,26,5,Rent,4,9,2
1957,Baby Boomer,Poland,Medium,Manufacturing,Employed,3138.0,22,3,Rent,5,7,6
1997,Gen Z,Germany,Low,Healthcare,Employed,2878.0,28,15,Rent,2,4,8
1976,Gen X,Italy,Medium,Finance,Employed,1502.0,28,2,Rent,8,5,6
1975,Gen X,Italy,High,Education,Employed,1939.0,26,24,With parents,8,1,8
1960,Baby Boomer,Sweden,Low,Healthcare,Employed,1429.0,18,16,Own,7,10,2
1976,Gen X,Germany,Medium,Construction,Inactive,1684.0,18,21,Rent,7,5,9
1976,Gen X,Netherlands,High,Education,Employed,2785.0,25,17,With parents,7,6,6
2004,Gen Z,Netherlands,High,Finance,Employed,2188.0,23,31,Rent,8,5,7
1978,Gen X,France,High,IT,Employed,3126.0,27,17,Own,4,6,2
1955,Baby Boomer,Czechia,High,Retail,Employed,777.0,26,25,With parents,6,7,10
1954,Baby Boomer,Germany,High,Manufacturing,Unemployed,2448.0,23,24,With parents,8,6,8
1959,Baby Boomer,France,Medium,IT,Employed,2948.0,17,27,Own,8,10,9
1961,Baby Boomer,Netherlands,Medium,Education,Employed,2291.0,29,22,Own,4,2,3
1984,Millennial,Netherlands,High,Finance,Inactive,973.0,16,7,With parents,1,2,4
1962,Baby Boomer,Germany,Medium,Manufacturing,Unemployed,1255.0,16,12,Own,2,9,6
1999,Gen Z,France,High,Retail,Unemployed,3018.0,26,9,With parents,4,6,3
1953,Baby Boomer,France,Low,Retail,Unemployed,1720.0,16,2,Own,9,10,10
1969,Gen X,Germany,Medium,Finance,Employed,1498.0,18,9,Rent,3,4,7
1984,Millennial,Czechia,Medium,Finance,Employed,1895.0,16,14,Rent,5,10,8
2003,Gen Z,Sweden,Medium,Education,Employed,1972.0,23,23,With parents,1,5,5
1958,Baby Boomer,France,Low,Manufacturing,Employed,3268.0,23,9,With parents,5,5,5
2004,Gen Z,Sweden,High,Construction,Employed,629.0,24,20,With parents,1,8,3
2002,Gen Z,Spain,Low,Construction,Inactive,2718.0,19,27,Rent,6,5,4
1969,Gen X,Czechia,High,Unemployed,Employed,3515.0,23,1,Rent,1,2,3
1994,Millennial,Netherlands,Medium,Education,Inactive,3051.0,22,3,With parents,2,2,8
1966,Gen X,Poland,Medium,Retail,Employed,4291.0,19,2,Own,9,5,3
1996,Millennial,Czechia,Medium,IT,Employed,1788.0,16,31,With parents,3,4,2
1974,Gen X,Sweden,Medium,IT,Employed,3003.0,27,33,With parents,9,2,6
1964,Baby Boomer,Sweden,High,Healthcare,Employed,2123.0,26,15,With parents,4,6,8
1965,Gen X,Sweden,High,Retail,Employed,1733.0,28,3,Own,5,8,10
1988,Millennial,Italy,High,Construction,Employed,202.0,18,17,Rent,7,2,8
1976,Gen X,Czechia,High,Construction,Employed,1782.0,23,27,Own,4,10,6
1995,Millennial,France,Medium,Retail,Inactive,3159.0,23,5,Rent,10,7,6
1990,Millennial,France,High,Education,Employed,656.0,27,0,Rent,10,4,6
1993,Millennial,Italy,High,Healthcare,Employed,4088.0,17,15,Own,6,5,5
2000,Gen Z,France,High,Unemployed,Employed,2569.0,22,8,Rent,9,2,4
1965,Gen X,Italy,Low,Finance,Employed,1205.0,16,16,Own,8,10,2
1979,Gen X,Sweden,High,Healthcare,Unemployed,2406.0,19,35,Rent,1,9,5
2002,Gen Z,Germany,Medium,Manufacturing,Unemployed,2818.0,29,33,With parents,6,3,2
1976,Gen X,Czechia,High,Education,Inactive,1760.0,29,30,Rent,9,10,9
1974,Gen X,Spain,Low,Finance,Employed,1638.0,22,33,Own,3,1,4
1999,Gen Z,Sweden,Medium,Finance,Employed,3977.0,19,33,Rent,3,4,1
1983,Millennial,Spain,Medium,Construction,Inactive,1894.0,19,0,With parents,10,1,10
1993,Millennial,Netherlands,Medium,IT,Inactive,2071.0,29,14,Own,5,6,1
1956,Baby Boomer,Sweden,Low,Manufacturing,Inactive,3391.0,26,30,With parents,9,4,10
1985,Millennial,Poland,High,Healthcare,Unemployed,2134.0,22,13,With parents,3,4,5
1991,Millennial,France,Low,IT,Employed,2888.0,16,33,With parents,5,9,8
1962,Baby Boomer,Poland,Medium,Retail,Employed,1775.0,20,0,Own,5,9,7
1965,Gen X,Germany,Low,Education,Unemployed,1572.0,29,34,Rent,8,7,7
1957,Baby Boomer,Spain,Medium,Unemployed,Unemployed,2543.0,29,10,With parents,2,4,5
1965,Gen X,Czechia,Medium,Healthcare,Unemployed,1317.0,21,16,Own,8,9,9
1952,Baby Boomer,Sweden,Medium,Retail,Employed,2566.0,22,4,Rent,1,5,5
1990,Millennial,Czechia,Medium,Finance,Employed,1374.0,22,16,Rent,5,10,1
1984,Millennial,Germany,Medium,Construction,Employed,2558.0,27,17,Own,3,4,5
1990,Millennial,Germany,Low,Healthcare,Employed,3312.0,22,24,Own,5,5,3
1951,Baby Boomer,France,Low,IT,Employed,406.0,17,34,Rent,9,9,3
1967,Gen X,Germany,Low,Manufacturing,Inactive,1830.0,21,15,Rent,1,1,5
1988,Millennial,Sweden,High,IT,Employed,436.0,24,22,With parents,6,7,1
1976,Gen X,Sweden,Medium,Education,Employed,1936.0,22,20,Rent,10,9,8
1955,Baby Boomer,Czechia,Medium,Construction,Employed,2503.0,22,28,With parents,6,1,9
1966,Gen X,Czechia,Low,Education,Employed,1894.0,28,35,With parents,7,3,10
1966,Gen X,Spain,Medium,Healthcare,Employed,273.0,29,9,Rent,10,7,4
1987,Millennial,Sweden,Low,IT,Inactive,3009.0,17,19,Own,10,4,1
1969,Gen X,Poland,Low,Manufacturing,Employed,886.0,29,6,Rent,5,9,2
1966,Gen X,Spain,Medium,Finance,Employed,2952.0,28,29,With parents,7,10,7
1972,Gen X,France,Medium,Education,Unemployed,1528.0,28,28,Rent,2,8,1
1973,Gen X,Spain,Low,Manufacturing,Employed,1417.0,29,0,Rent,2,10,3
1957,Baby Boomer,Italy,Medium,Retail,Employed,2210.0,22,20,Own,10,4,7
1962,Baby Boomer,Czechia,High,Healthcare,Employed,3160.0,24,6,With parents,8,3,4
1946,Baby Boomer,Poland,Medium,Manufacturing,Employed,3960.0,18,3,With parents,6,5,10
1973,Gen X,Czechia,Medium,Healthcare,Employed,1831.0,17,14,With parents,5,7,4
1965,Gen X,Italy,High,Retail,Employed,1028.0,21,33,With parents,3,6,1
1959,Baby Boomer,Italy,High,Manufacturing,Unemployed,2511.0,27,1,Own,4,7,8
1996,Millennial,Netherlands,Medium,Construction,Employed,995.0,28,2,Own,8,5,4
1971,Gen X,Sweden,High,Manufacturing,Employed,2869.0,17,3,With parents,10,2,9
1994,Millennial,France,Low,Finance,Employed,2599.0,16,35,Rent,7,5,5
1975,Gen X,Germany,Medium,Retail,Employed,3419.0,25,26,With parents,9,7,6
1959,Baby Boomer,Italy,Medium,Unemployed,Employed,3148.0,27,3,Rent,3,1,6
1995,Millennial,Spain,Low,Construction,Unemployed,2326.0,19,35,With parents,6,5,9
1967,Gen X,Germany,Medium,Construction,Employed,2228.0,24,18,Own,7,4,3
1968,Gen X,Spain,Low,IT,Employed,1401.0,25,33,Own,2,7,6
1988,Millennial,Czechia,Medium,Unemployed,Inactive,1383.0,29,15,With parents,4,6,9
1957,Baby Boomer,Spain,Medium,Manufacturing,Employed,2163.0,18,21,Rent,1,7,8
1966,Gen X,Germany,Medium,Finance,Employed,1231.0,18,31,Rent,4,4,7
1987,Millennial,Germany,Low,Manufacturing,Employed,1959.0,21,1,Rent,2,5,4
1981,Millennial,Sweden,Low,Finance,Employed,1777.0,28,16,Own,7,8,5
1977,Gen X,Spain,Medium,Construction,Employed,2733.0,21,22,Rent,1,3,7
2000,Gen Z,France,High,Education,Employed,2180.0,23,11,Rent,6,4,6
1947,Baby Boomer,Sweden,Low,Construction,Employed,3095.0,28,12,Rent,3,10,5
1998,Gen Z,Poland,Medium,IT,Employed,1928.0,25,9,Own,8,6,9
1963,Baby Boomer,Netherlands,High,Manufacturing,Unemployed,1148.0,21,3,With parents,8,7,5
1967,Gen X,Poland,Low,Unemployed,Employed,2694.0,23,6,Own,7,10,6
1973,Gen X,France,High,Retail,Employed,2088.0,23,1,Own,7,9,10
1974,Gen X,Sweden,Medium,Healthcare,Employed,1957.0,22,14,With parents,1,5,7
1983,Millennial,Netherlands,Medium,Retail,Employed,1820.0,20,35,With parents,9,3,2
1988,Millennial,Sweden,Medium,IT,Employed,2190.0,19,8,Rent,3,5,5
1991,Millennial,Germany,Medium,Education,Employed,1957.0,16,23,Rent,8,2,6
1969,Gen X,Netherlands,Medium,Education,Employed,2665.0,28,5,With parents,2,8,3
1981,Millennial,Czechia,High,Education,Employed,2866.0,21,6,Rent,1,4,4
1991,Millennial,Spain,High,Finance,Employed,1867.0,23,15,With parents,1,9,2
1952,Baby Boomer,Poland,Medium,Retail,Unemployed,4000.0,26,16,Rent,8,3,7
1986,Millennial,Netherlands,High,Unemployed,Employed,1687.0,29,29,Own,9,7,2
2002,Gen Z,Spain,Medium,Healthcare,Inactive,2216.0,19,7,Rent,3,3,2
1960,Baby Boomer,Sweden,Medium,Construction,Unemployed,740.0,22,2,With parents,7,4,5
1952,Baby Boomer,France,Medium,Construction,Inactive,2106.0,18,24,With parents,2,2,5
1945,Baby Boomer,Netherlands,High,Healthcare,Inactive,2017.0,28,28,Own,8,6,6
1988,Millennial,Spain,Medium,Construction,Employed,2155.0,29,20,Rent,3,5,2
1949,Baby Boomer,Sweden,Medium,Finance,Employed,3079.0,20,5,With parents,10,10,9
1947,Baby Boomer,Sweden,High,Manufacturing,Employed,3711.0,22,22,Rent,10,10,2
1945,Baby Boomer,Sweden,Medium,Finance,Unemployed,3197.0,27,10,With parents,5,4,1
1948,Baby Boomer,France,Low,Healthcare,Employed,2108.0,26,5,Rent,7,4,4
1984,Millennial,Germany,Medium,Healthcare,Employed,2377.0,24,26,Own,9,1,2
1979,Gen X,France,Medium,Unemployed,Employed,3571.0,24,26,Rent,1,3,7
1976,Gen X,France,Medium,Unemployed,Employed,1299.0,22,12,Rent,5,5,4
1986,Millennial,Czechia,High,Manufacturing,Employed,2906.0,19,8,With parents,1,2,2
1978,Gen X,Poland,Medium,Retail,Employed,1401.0,21,7,Rent,2,7,10
1987,Millennial,Sweden,Medium,Retail,Unemployed,3229.0,28,26,With parents,10,3,5
1969,Gen X,Spain,Medium,IT,Inactive,2080.0,29,31,With parents,4,8,9
1954,Baby Boomer,Netherlands,Low,Unemployed,Unemployed,1408.0,19,28,Rent,10,2,4
1965,Gen X,Poland,Medium,Retail,Unemployed,1608.0,18,32,With parents,3,8,1
1990,Millennial,Sweden,High,Education,Employed,1751.0,24,4,Own,10,5,8
1983,Millennial,Italy,Medium,Unemployed,Inactive,3058.0,20,8,Rent,5,9,8
1971,Gen X,France,Low,Unemployed,Employed,3406.0,23,12,Own,6,9,10
1971,Gen X,Italy,Low,Education,Inactive,1838.0,18,32,Rent,1,6,10
1946,Baby Boomer,Sweden,Medium,Unemployed,Employed,1415.0,24,29,With parents,9,3,5
1985,Millennial,Poland,High,Unemployed,Employed,4027.0,16,24,Own,10,1,8
1992,Millennial,Spain,High,IT,Unemployed,2937.0,17,5,Own,2,1,1
1957,Baby Boomer,Poland,Medium,Healthcare,Employed,1502.0,28,9,With parents,8,5,2
1953,Baby Boomer,Czechia,High,Unemployed,Employed,2524.0,19,35,Rent,9,10,4
1996,Millennial,Spain,Medium,IT,Employed,1829.0,17,18,Rent,1,2,3
1980,Gen X,Spain,Medium,Manufacturing,Employed,1043.0,24,10,Rent,2,10,3
1966,Gen X,Sweden,Medium,IT,Employed,1921.0,28,16,Rent,3,9,9
1986,Millennial,Germany,Low,IT,Employed,966.0,22,1,Own,9,3,9
1970,Gen X,Sweden,High,Finance,Employed,1768.0,28,6,With parents,3,4,8
2002,Gen Z,France,Low,Education,Employed,1852.0,17,30,With parents,6,10,7
1998,Gen Z,Poland,Medium,Manufacturing,Employed,1714.0,26,30,Own,9,10,8
1956,Baby Boomer,Spain,High,Finance,Employed,3020.0,26,16,With parents,7,2,4
1961,Baby Boomer,Sweden,Medium,Manufacturing,Employed,2564.0,19,14,With parents,10,2,7
1958,Baby Boomer,Sweden,High,IT,Employed,1625.0,28,6,With parents,6,3,8
1958,Baby Boomer,Poland,Medium,Unemployed,Employed,2490.0,21,29,Own,2,6,4
2001,Gen Z,Poland,Medium,Finance,Employed,3375.0,17,13,Own,6,7,5
1978,Gen X,Czechia,High,Finance,Inactive,1453.0,24,30,With parents,10,5,8
1997,Gen Z,Spain,Low,Manufacturing,Unemployed,1017.0,18,8,Own,1,8,2
2001,Gen Z,Netherlands,High,Manufacturing,Unemployed,1224.0,17,8,Own,7,1,4
1964,Baby Boomer,Czechia,Low,Retail,Employed,2539.0,27,1,Own,6,2,4
1955,Baby Boomer,Italy,High,Construction,Employed,3541.0,19,21,Rent,8,5,10
1960,Baby Boomer,France,Low,Manufacturing,Employed,2963.0,29,15,Own,2,1,4
1995,Millennial,France,Medium,Finance,Employed,3356.0,20,1,Rent,1,10,1
1975,Gen X,Netherlands,High,Healthcare,Unemployed,221.0,19,14,With parents,9,7,6
1999,Gen Z,Germany,Medium,Manufacturing,Employed,1450.0,27,5,With parents,9,3,3
1950,Baby Boomer,Czechia,High,Education,Employed,1194.0,29,22,With parents,10,6,2
2000,Gen Z,Netherlands,High,Retail,Employed,2703.0,29,27,Own,7,10,10
1963,Baby Boomer,Germany,High,Education,Employed,2021.0,18,16,Rent,1,7,8
1981,Millennial,Germany,High,Construction,Employed,0.0,18,35,Own,2,5,7
2002,Gen Z,Netherlands,Medium,Education,Employed,2884.0,27,18,With parents,9,7,7
1948,Baby Boomer,France,Low,Healthcare,Employed,3251.0,29,4,Rent,5,3,7
1991,Millennial,Italy,Low,Unemployed,Employed,4008.0,28,22,Own,2,8,2
1948,Baby Boomer,France,Low,Retail,Employed,2349.0,18,18,Own,5,7,5
1964,Baby Boomer,Sweden,Low,Construction,Unemployed,2757.0,18,0,With parents,1,4,1
1954,Baby Boomer,France,Medium,IT,Unemployed,1173.0,21,26,Own,10,7,2
1968,Gen X,France,Low,Finance,Unemployed,722.0,19,24,Own,5,10,10
1998,Gen Z,Czechia,Low,Finance,Employed,3319.0,28,5,With parents,7,5,1
1979,Gen X,Netherlands,Low,Manufacturing,Employed,2692.0,22,35,Rent,8,10,6
1970,Gen X,Netherlands,High,Finance,Inactive,3324.0,22,16,Own,3,5,9
1981,Millennial,Sweden,Medium,Healthcare,Employed,1970.0,19,11,With parents,4,3,8
1982,Millennial,Sweden,Medium,Finance,Employed,4333.0,16,24,Own,2,7,6
1965,Gen X,Czechia,High,Healthcare,Employed,2482.0,24,9,Rent,1,4,7
1998,Gen Z,Netherlands,Low,IT,Employed,1522.0,22,23,Rent,10,7,3
1984,Millennial,France,High,Unemployed,Employed,1914.0,21,10,With parents,8,7,10
1983,Millennial,Italy,Medium,Healthcare,Unemployed,757.0,20,23,With parents,7,10,2
1965,Gen X,Germany,Low,IT,Employed,1352.0,24,2,Own,8,4,8
1954,Baby Boomer,Poland,Medium,IT,Employed,1852.0,29,19,With parents,5,2,5
1982,Millennial,Germany,High,IT,Employed,3595.0,28,22,With parents,5,6,7
1990,Millennial,Sweden,Medium,Healthcare,Employed,2141.0,24,4,With parents,1,6,4
1948,Baby Boomer,Sweden,High,Construction,Employed,3176.0,25,35,Own,9,5,4
2004,Gen Z,Germany,Low,IT,Employed,2110.0,26,12,With parents,3,1,5
2001,Gen Z,Poland,Medium,Unemployed,Employed,1277.0,21,35,Rent,1,2,4
1989,Millennial,France,Low,Construction,Unemployed,2691.0,23,5,With parents,4,7,5
1964,Baby Boomer,Italy,Low,Healthcare,Employed,1440.0,22,1,Own,4,3,7
1961,Baby Boomer,Italy,Low,Unemployed,Employed,1843.0,27,28,Own,8,7,6
1999,Gen Z,Germany,High,Retail,Employed,4028.0,28,4,Rent,10,2,7
1951,Baby Boomer,Poland,Low,Unemployed,Employed,2744.0,16,14,Rent,10,9,7
1948,Baby Boomer,Czechia,Medium,IT,Employed,1462.0,17,7,Own,5,9,9
1973,Gen X,Sweden,Medium,Healthcare,Employed,2859.0,24,33,Own,10,5,2
1958,Baby Boomer,Spain,High,Healthcare,Inactive,1356.0,25,25,Own,5,5,3
1947,Baby Boomer,France,High,Construction,Employed,621.0,19,8,Own,1,8,3
1968,Gen X,Czechia,High,Healthcare,Employed,3183.0,26,7,Rent,4,9,6
1981,Millennial,Germany,High,Manufacturing,Employed,2465.0,18,13,Own,8,8,1
1960,Baby Boomer,Italy,High,Construction,Unemployed,2022.0,17,24,Rent,8,10,9
2002,Gen Z,Sweden,High,Construction,Employed,701.0,23,33,Own,4,6,5
1999,Gen Z,Czechia,High,Manufacturing,Employed,1916.0,29,2,Rent,3,2,6
1996,Millennial,Czechia,Low,IT,Inactive,2373.0,22,31,Own,4,10,7
1948,Baby Boomer,Netherlands,Medium,Finance,Employed,1151.0,24,35,With parents,6,10,1
2000,Gen Z,Netherlands,Medium,Retail,Employed,2238.0,18,4,Own,3,2,3
1968,Gen X,Poland,Medium,Finance,Employed,3595.0,16,14,Rent,3,2,9
1978,Gen X,Poland,Medium,IT,Unemployed,2404.0,28,27,Own,9,3,5
1974,Gen X,Germany,Medium,Education,Unemployed,2726.0,24,17,Own,3,5,2
1962,Baby Boomer,Czechia,High,Education,Unemployed,1804.0,29,10,With parents,1,1,3
1963,Baby Boomer,Spain,Low,Unemployed,Inactive,1254.0,20,9,Own,3,9,6
1975,Gen X,Italy,High,Retail,Employed,1695.0,20,3,With parents,8,5,3
2004,Gen Z,Germany,High,Construction,Employed,3149.0,18,19,Own,9,7,1
2004,Gen Z,Spain,High,Retail,Employed,2112.0,28,4,With parents,4,5,5
1963,Baby Boomer,Sweden,High,Retail,Inactive,2018.0,23,0,With parents,6,10,10
1993,Millennial,Poland,High,Manufacturing,Employed,1745.0,23,12,With parents,10,3,7
1990,Millennial,Netherlands,Medium,Manufacturing,Inactive,1056.0,16,21,Own,8,3,5
1963,Baby Boomer,France,Low,Education,Employed,3431.0,19,12,With parents,7,4,1
1966,Gen X,Czechia,Medium,Retail,Unemployed,2013.0,21,14,Own,8,10,2
1968,Gen X,Sweden,High,Unemployed,Employed,1722.0,24,8,Rent,3,3,2
1989,Millennial,Netherlands,High,Healthcare,Unemployed,2272.0,17,2,Own,4,10,10
1956,Baby Boomer,Italy,High,Finance,Employed,1723.0,22,1,Own,1,6,4
1974,Gen X,Italy,Low,Education,Employed,2482.0,25,11,Rent,4,5,4
2002,Gen Z,Netherlands,Medium,Retail,Employed,1584.0,16,23,With parents,5,1,1
1982,Millennial,Sweden,Medium,Healthcare,Employed,2311.0,25,17,Own,2,4,2
1997,Gen Z,Netherlands,Low,Retail,Employed,2153.0,19,35,Own,1,8,2
1975,Gen X,Spain,Low,Construction,Inactive,3870.0,25,24,Own,5,9,1
1980,Gen X,Germany,Low,IT,Employed,3919.0,26,14,With parents,8,10,5
1963,Baby Boomer,Poland,High,Healthcare,Employed,2909.0,27,0,With parents,8,6,5
1992,Millennial,Spain,Medium,Construction,Employed,2121.0,22,7,Rent,9,4,5
1989,Millennial,France,Medium,Finance,Employed,2923.0,18,6,Own,8,10,6
1980,Gen X,Netherlands,High,IT,Unemployed,2894.0,18,34,Rent,7,2,5
1974,Gen X,France,Medium,Construction,Unemployed,1777.0,19,15,With parents,1,9,10
1999,Gen Z,France,Low,Manufacturing,Inactive,715.0,23,16,With parents,10,8,7
1993,Millennial,Spain,Medium,Education,Employed,487.0,29,29,Rent,1,5,9
1999,Gen Z,Poland,Low,Retail,Employed,2093.0,18,17,With parents,8,8,9
1977,Gen X,Sweden,Low,Education,Employed,1746.0,23,35,Own,5,6,10
1962,Baby Boomer,Italy,Low,Finance,Employed,1710.0,25,11,With parents,6,1,1
1996,Millennial,Germany,Medium,Retail,Inactive,1476.0,24,27,With parents,4,8,6
1993,Millennial,Czechia,Low,IT,Employed,1437.0,27,10,Rent,4,5,7
2003,Gen Z,Italy,Medium,Healthcare,Employed,2789.0,23,5,With parents,10,3,9
1972,Gen X,Poland,High,Healthcare,Unemployed,0.0,23,25,With parents,9,1,10
2003,Gen Z,Czechia,Medium,Retail,Employed,2729.0,24,15,Rent,8,8,5
1991,Millennial,Italy,High,IT,Employed,1952.0,19,8,Own,4,6,2
1955,Baby Boomer,Netherlands,Medium,Retail,Unemployed,3497.0,27,17,Rent,7,7,10
2001,Gen Z,Netherlands,Medium,Retail,Employed,2440.0,18,32,Own,8,3,8
2004,Gen Z,Spain,High,Unemployed,Inactive,640.0,23,18,Own,7,10,1
1998,Gen Z,France,Low,Construction,Employed,516.0,16,8,Rent,5,8,7
1989,Millennial,Czechia,Low,Retail,Employed,1172.0,29,8,Rent,10,3,4
1977,Gen X,Poland,Medium,Healthcare,Employed,2438.0,25,4,Rent,1,5,10
1961,Baby Boomer,Poland,Medium,Unemployed,Employed,658.0,16,22,With parents,6,6,6
1950,Baby Boomer,Italy,High,Finance,Employed,2299.0,19,33,Own,8,8,8
1948,Baby Boomer,Spain,High,Retail,Employed,2832.0,25,21,Own,6,5,3
1964,Baby Boomer,Italy,Medium,Healthcare,Employed,1725.0,18,4,Own,8,1,2
1992,Millennial,Italy,Medium,Manufacturing,Employed,1401.0,25,0,Rent,6,1,8
1991,Millennial,Poland,Medium,IT,Employed,264.0,17,25,Own,2,6,6
1971,Gen X,Italy,High,Manufacturing,Employed,3559.0,24,17,Own,6,10,6
1959,Baby Boomer,France,High,Retail,Inactive,3844.0,27,25,Own,9,6,8
1950,Baby Boomer,Italy,High,Healthcare,Unemployed,3298.0,27,14,Own,2,10,5
1991,Millennial,Czechia,Medium,IT,Employed,1951.0,27,1,Rent,3,10,5
1958,Baby Boomer,France,High,Education,Employed,2152.0,20,14,With parents,9,7,7
2004,Gen Z,Poland,Medium,IT,Employed,2817.0,18,10,With parents,7,7,6
1955,Baby Boomer,Spain,Low,IT,Employed,2332.0,24,19,Rent,1,9,3
1983,Millennial,Netherlands,High,Unemployed,Employed,0.0,23,16,With parents,4,6,4
1953,Baby Boomer,Czechia,Low,Retail,Employed,3026.0,19,4,Own,4,10,2
1970,Gen X,France,High,Construction,Employed,3297.0,25,32,With parents,10,3,8
1960,Baby Boomer,Spain,Low,Manufacturing,Employed,3165.0,20,24,With parents,5,3,6
1949,Baby Boomer,Spain,High,Manufacturing,Unemployed,2607.0,26,6,Own,7,4,7
2001,Gen Z,France,Medium,Unemployed,Employed,3062.0,27,33,Own,5,6,5
1996,Millennial,Poland,Medium,Education,Employed,928.0,20,14,Own,10,4,7
1954,Baby Boomer,Germany,Low,Retail,Unemployed,2116.0,23,12,Rent,6,2,4
1994,Millennial,Spain,Medium,IT,Unemployed,1598.0,22,31,With parents,9,7,10
1947,Baby Boomer,Spain,Medium,Construction,Employed,3506.0,18,13,Rent,2,2,4
1957,Baby Boomer,Poland,Medium,Finance,Inactive,2366.0,21,19,Rent,6,5,2
1987,Millennial,Poland,Low,Manufacturing,Employed,2057.0,21,15,Own,6,5,8
1993,Millennial,Italy,Low,Manufacturing,Employed,1284.0,17,29,With parents,1,8,7
1974,Gen X,Poland,Low,Healthcare,Employed,1247.0,28,18,Rent,6,10,4
1998,Gen Z,Spain,Medium,IT,Unemployed,1184.0,16,21,Own,7,5,3
1989,Millennial,France,High,Retail,Employed,2871.0,22,9,Rent,7,10,1
1950,Baby Boomer,Germany,High,Manufacturing,Employed,2738.0,18,7,With parents,3,6,5
1961,Baby Boomer,Sweden,Low,Unemployed,Employed,2425.0,20,28,Own,8,4,6
2003,Gen Z,Italy,Medium,Construction,Employed,2912.0,23,13,Rent,7,4,3
1989,Millennial,Sweden,High,Unemployed,Employed,1475.0,20,10,With parents,4,3,10
1995,Millennial,France,Medium,Unemployed,Employed,541.0,26,29,With parents,4,2,9
1997,Gen Z,Germany,Medium,Unemployed,Employed,2815.0,20,32,Rent,10,4,10
1963,Baby Boomer,Germany,Medium,Retail,Employed,2149.0,20,33,With parents,7,9,10
1986,Millennial,Germany,Low,IT,Employed,2950.0,26,4,Own,2,9,9
1979,Gen X,Netherlands,Low,Unemployed,Unemployed,2583.0,22,4,Own,5,4,6
1990,Millennial,France,Low,IT,Employed,2134.0,17,16,Own,6,9,5
1970,Gen X,Czechia,Medium,Manufacturing,Employed,2385.0,29,18,Own,4,5,2
1995,Millennial,Italy,Low,Education,Inactive,3468.0,16,25,Rent,1,9,6
1949,Baby Boomer,Italy,Low,Retail,Employed,1939.0,26,1,Rent,1,9,5
1973,Gen X,Germany,Medium,Unemployed,Employed,2863.0,19,13,With parents,3,9,3
1981,Millennial,France,Low,Unemployed,Employed,2478.0,20,27,With parents,9,9,10
1964,Baby Boomer,Netherlands,Low,Retail,Employed,693.0,22,3,With parents,2,7,3
1993,Millennial,Germany,High,Healthcare,Employed,1017.0,16,2,Own,5,9,1
1965,Gen X,Poland,Low,Construction,Employed,2164.0,24,14,Rent,7,1,9
1954,Baby Boomer,Czechia,Medium,IT,Employed,1752.0,26,21,Rent,2,4,4
1949,Baby Boomer,Sweden,Medium,IT,Employed,1345.0,27,18,With parents,1,6,9
1980,Gen X,Italy,Medium,Manufacturing,Employed,3164.0,27,33,Rent,7,6,4
1950,Baby Boomer,Sweden,Medium,Manufacturing,Inactive,854.0,25,9,Rent,5,1,5
1970,Gen X,Spain,Low,Manufacturing,Unemployed,2021.0,19,33,With parents,7,1,5
1948,Baby Boomer,Germany,High,Healthcare,Employed,1413.0,21,15,Rent,1,1,4
1983,Millennial,Poland,Medium,Construction,Employed,3535.0,26,35,Own,6,8,4
1983,Millennial,Italy,High,Unemployed,Employed,4466.0,16,21,Rent,6,1,7
1994,Millennial,Sweden,Medium,Education,Employed,1920.0,24,31,Own,7,9,7
1979,Gen X,Czechia,High,Manufacturing,Unemployed,2964.0,19,16,Own,8,10,6
1945,Baby Boomer,Netherlands,High,Manufacturing,Employed,3343.0,20,8,With parents,9,2,3
1968,Gen X,France,High,Finance,Employed,3009.0,23,32,With parents,10,9,6
2001,Gen Z,Italy,Medium,Construction,Employed,2912.0,21,32,With parents,5,9,9
1980,Gen X,Czechia,Medium,Manufacturing,Employed,604.0,25,1,Rent,4,2,3
1950,Baby Boomer,Sweden,High,Healthcare,Employed,3259.0,27,13,With parents,5,4,7
1985,Millennial,France,High,Retail,Employed,2523.0,29,32,Own,10,9,5
1998,Gen Z,Sweden,High,Education,Employed,1994.0,18,0,With parents,5,9,7
1990,Millennial,France,Medium,Retail,Inactive,2130.0,25,21,Own,9,8,2
2004,Gen Z,Netherlands,High,Unemployed,Employed,2432.0,23,29,Own,7,5,3
1988,Millennial,Netherlands,Low,Finance,Unemployed,1971.0,21,26,Rent,2,1,2
2004,Gen Z,Germany,Medium,IT,Unemployed,1881.0,27,32,Own,2,2,10
2001,Gen Z,Germany,Low,IT,Employed,1320.0,17,15,Rent,1,4,7
1975,Gen X,Italy,Medium,Manufacturing,Employed,2659.0,20,9,Rent,2,9,9
1964,Baby Boomer,Netherlands,High,Finance,Employed,2055.0,18,26,With parents,2,4,3
1968,Gen X,Poland,Low,Retail,Employed,1486.0,19,1,Rent,5,5,7
1969,Gen X,Sweden,Medium,Healthcare,Employed,2288.0,24,29,Own,9,1,10
1980,Gen X,Sweden,Medium,Education,Employed,2239.0,18,18,Own,7,5,7
1965,Gen X,Sweden,Low,Construction,Employed,2655.0,20,18,Own,5,2,3
1974,Gen X,Italy,Medium,Retail,Unemployed,2173.0,29,34,Own,10,9,5
1968,Gen X,Sweden,Medium,Finance,Inactive,2755.0,23,10,Own,4,10,6
1988,Millennial,Spain,Low,Unemployed,Employed,1954.0,28,31,With parents,6,10,5
1986,Millennial,France,High,Finance,Employed,2019.0,24,15,With parents,4,9,8
1974,Gen X,Sweden,High,Construction,Inactive,2450.0,22,16,Rent,10,5,9
1966,Gen X,Czechia,Low,Retail,Employed,2548.0,26,28,Own,7,8,6
1972,Gen X,France,Low,Unemployed,Employed,3290.0,19,19,Own,3,10,2
1951,Baby Boomer,Germany,Medium,Education,Employed,3143.0,24,35,Rent,8,6,2
1979,Gen X,Sweden,High,Retail,Inactive,2161.0,27,23,With parents,8,10,4
1999,Gen Z,Czechia,Medium,Retail,Employed,931.0,17,3,Rent,3,8,10
1972,Gen X,Poland,Low,Education,Employed,2816.0,27,4,Own,7,9,3
1958,Baby Boomer,Czechia,Medium,Healthcare,Employed,2675.0,17,18,With parents,1,4,7
2000,Gen Z,Netherlands,High,Construction,Unemployed,2395.0,19,23,Rent,5,10,4
1954,Baby Boomer,Netherlands,Medium,Finance,Inactive,2896.0,17,0,Rent,9,4,3
1960,Baby Boomer,Germany,Medium,Education,Employed,1868.0,18,34,Own,2,7,2
1960,Baby Boomer,Spain,High,Manufacturing,Inactive,764.0,20,1,Own,3,5,4
1998,Gen Z,Italy,Medium,Manufacturing,Employed,1413.0,18,9,With parents,4,4,5
1975,Gen X,Italy,High,Manufacturing,Employed,0.0,16,5,Own,2,2,4
1986,Millennial,Poland,Medium,Manufacturing,Inactive,2599.0,26,19,Rent,10,2,10
1969,Gen X,Germany,High,Unemployed,Employed,2141.0,18,18,Own,6,4,9
1957,Baby Boomer,Germany,Medium,Construction,Employed,2975.0,28,35,Rent,5,10,1
1950,Baby Boomer,Spain,High,IT,Employed,2878.0,21,28,Own,5,8,9
1988,Millennial,Sweden,Medium,Healthcare,Unemployed,1759.0,18,23,With parents,8,8,8
1953,Baby Boomer,Italy,High,IT,Unemployed,1458.0,24,8,With parents,6,7,9
1989,Millennial,Sweden,Medium,Retail,Inactive,1491.0,18,31,With parents,1,4,3
1980,Gen X,Germany,Medium,Retail,Employed,3924.0,26,4,Own,1,7,9
2000,Gen Z,Sweden,High,Education,Inactive,2064.0,18,20,With parents,10,9,9
1987,Millennial,Netherlands,Medium,Manufacturing,Employed,1954.0,18,16,Rent,10,8,2
1964,Baby Boomer,Poland,Medium,Unemployed,Employed,2462.0,20,23,Own,5,5,3
1962,Baby Boomer,Italy,Low,Unemployed,Unemployed,772.0,22,26,With parents,3,3,8
2002,Gen Z,Spain,High,Education,Employed,1843.0,20,17,Own,8,2,7
1987,Millennial,Poland,Low,Retail,Employed,1429.0,24,21,Own,2,4,2
2001,Gen Z,France,High,Manufacturing,Employed,1240.0,21,5,Rent,5,9,10
1965,Gen X,Netherlands,Medium,Construction,Employed,1964.0,16,27,Own,6,10,9
1948,Baby Boomer,Spain,Low,Finance,Employed,2243.0,24,19,Own,3,4,2
1994,Millennial,Czechia,Medium,Healthcare,Employed,1071.0,29,15,Own,8,9,1
1977,Gen X,Poland,Medium,Retail,Employed,1871.0,18,18,Rent,8,10,9
1971,Gen X,Germany,Medium,Finance,Employed,2272.0,23,7,With parents,6,5,4
1951,Baby Boomer,France,Medium,Education,Unemployed,2606.0,29,17,With parents,9,3,6
1950,Baby Boomer,Spain,Low,Finance,Employed,1954.0,27,30,Own,3,6,5
1959,Baby Boomer,Germany,High,Education,Employed,2497.0,18,1,With parents,3,9,4
1962,Baby Boomer,Netherlands,Low,Retail,Employed,1883.0,23,31,Own,8,8,4
1976,Gen X,Czechia,Medium,IT,Unemployed,3353.0,19,14,With parents,10,3,3
2000,Gen Z,France,Medium,Unemployed,Employed,2690.0,16,10,With parents,4,4,4
1955,Baby Boomer,Italy,Medium,Construction,Employed,1596.0,26,4,Rent,10,4,4
1964,Baby Boomer,Czechia,Medium,Construction,Inactive,1754.0,29,28,Rent,1,1,7
1968,Gen X,Germany,Medium,Unemployed,Employed,2553.0,21,19,Rent,8,5,9
1959,Baby Boomer,Poland,High,Healthcare,Inactive,1727.0,22,19,With parents,8,3,10
1992,Millennial,Sweden,Medium,Construction,Employed,463.0,23,17,With parents,5,7,4
1951,Baby Boomer,Spain,Low,Finance,Employed,2466.0,21,11,With parents,2,7,6
1965,Gen X,France,Medium,Construction,Employed,1855.0,29,16,With parents,7,5,6
1986,Millennial,Germany,Medium,Finance,Employed,2812.0,16,3,Rent,4,5,5
1970,Gen X,Italy,Low,Retail,Inactive,2237.0,20,18,Rent,8,1,5
1988,Millennial,Sweden,Medium,Construction,Inactive,2781.0,24,22,With parents,10,4,9
2000,Gen Z,Spain,Medium,Retail,Inactive,4467.0,18,26,With parents,6,1,2
1958,Baby Boomer,Spain,Medium,Construction,Inactive,3354.0,20,13,Rent,7,1,6
2001,Gen Z,Germany,High,Unemployed,Unemployed,1884.0,21,3,With parents,10,8,9
1981,Millennial,Italy,Medium,Education,Employed,2581.0,20,3,Own,2,9,3
2002,Gen Z,Netherlands,Medium,Manufacturing,Unemployed,2306.0,19,23,Rent,5,2,4
1965,Gen X,Sweden,Low,Manufacturing,Employed,2442.0,17,22,Rent,4,9,6
1962,Baby Boomer,Netherlands,Medium,Manufacturing,Employed,789.0,20,35,With parents,3,1,7
1949,Baby Boomer,France,Medium,Education,Employed,3149.0,25,10,Own,7,9,3
1947,Baby Boomer,Germany,Medium,Manufacturing,Inactive,125.0,16,32,With parents,1,1,8
1967,Gen X,Sweden,High,Unemployed,Employed,2185.0,16,4,Own,6,10,9
1970,Gen X,France,Medium,Retail,Unemployed,619.0,23,26,With parents,3,10,2
1981,Millennial,Czechia,Medium,IT,Employed,1567.0,28,26,Rent,7,8,7
1968,Gen X,Netherlands,Medium,IT,Unemployed,2389.0,19,30,Rent,9,1,7
1993,Millennial,Czechia,Medium,Construction,Inactive,2982.0,16,11,Own,3,8,3
1963,Baby Boomer,Czechia,Medium,IT,Employed,3120.0,17,5,Own,1,1,2
1995,Millennial,Sweden,Medium,Manufacturing,Inactive,2026.0,20,11,With parents,3,8,9
1969,Gen X,Spain,Low,IT,Employed,3091.0,22,13,Rent,9,2,7
1965,Gen X,France,Low,Finance,Employed,2144.0,28,21,With parents,10,5,4
1956,Baby Boomer,Czechia,Medium,Manufacturing,Inactive,1559.0,27,10,With parents,4,7,10
2001,Gen Z,Italy,High,Finance,Employed,2536.0,20,12,Rent,3,8,5
1985,Millennial,Poland,Medium,Retail,Employed,1374.0,26,5,Own,7,6,7
1977,Gen X,Netherlands,Low,Finance,Employed,2080.0,25,19,Rent,7,8,9
1994,Millennial,Netherlands,High,Retail,Employed,1769.0,21,1,Rent,4,3,5
1997,Gen Z,Italy,High,Education,Employed,805.0,22,10,Own,9,7,7
1948,Baby Boomer,Sweden,High,Education,Employed,2497.0,18,7,Rent,9,7,1
1986,Millennial,Sweden,Medium,Construction,Inactive,2330.0,26,29,Own,2,2,5
2001,Gen Z,Sweden,High,Finance,Employed,3235.0,25,26,Rent,7,10,8
1951,Baby Boomer,France,Low,Healthcare,Employed,518.0,20,3,Own,8,3,2
1966,Gen X,Germany,Low,Retail,Inactive,1558.0,23,6,Own,8,8,8
1999,Gen Z,Czechia,Low,Unemployed,Inactive,3215.0,28,23,With parents,10,9,5
1977,Gen X,Spain,High,Manufacturing,Unemployed,2677.0,26,31,Rent,1,2,8
1961,Baby Boomer,Poland,Low,Healthcare,Employed,2852.0,21,18,With parents,2,9,2
1968,Gen X,Germany,Medium,Retail,Employed,3507.0,17,34,Rent,8,3,8
1978,Gen X,Germany,Medium,Manufacturing,Employed,1512.0,24,2,With parents,7,1,5
1972,Gen X,Italy,Medium,Retail,Employed,1422.0,17,17,With parents,7,1,4
2002,Gen Z,France,High,Retail,Unemployed,2970.0,21,21,With parents,1,7,9
1987,Millennial,Netherlands,Low,Unemployed,Employed,2770.0,26,32,With parents,2,8,3
1985,Millennial,Netherlands,Medium,Manufacturing,Employed,2087.0,17,33,With parents,2,1,3
1983,Millennial,Italy,High,Retail,Employed,2062.0,25,22,Rent,3,7,8
1966,Gen X,France,Low,Unemployed,Employed,1326.0,22,34,With parents,3,7,2
1993,Millennial,Italy,Medium,Retail,Employed,3621.0,16,28,With parents,3,7,3
1961,Baby Boomer,Netherlands,High,Retail,Unemployed,4024.0,19,1,Rent,4,6,8
1978,Gen X,Germany,High,Construction,Employed,3205.0,27,13,Own,4,4,9
1950,Baby Boomer,Spain,High,Education,Employed,2788.0,23,7,Rent,9,4,1
1990,Millennial,Czechia,Medium,IT,Employed,2731.0,24,0,Own,3,10,8
1950,Baby Boomer,Sweden,Medium,Retail,Employed,2498.0,25,27,Rent,3,6,10
1978,Gen X,France,Low,Construction,Employed,614.0,18,2,With parents,9,8,7
1945,Baby Boomer,Czechia,Medium,Unemployed,Employed,1772.0,24,6,Own,4,8,2
1954,Baby Boomer,Poland,Low,Manufacturing,Employed,2938.0,27,33,With parents,6,3,1
1965,Gen X,Poland,Medium,Finance,Inactive,1438.0,29,31,Own,10,10,7
1949,Baby Boomer,Germany,High,Retail,Employed,2340.0,23,8,With parents,5,6,8
1946,Baby Boomer,Italy,Medium,Construction,Employed,3241.0,19,34,Own,10,4,1
1966,Gen X,Italy,Medium,Education,Employed,3256.0,16,18,With parents,3,9,4
1992,Millennial,Netherlands,Medium,Construction,Employed,3043.0,25,14,Own,8,7,3
2001,Gen Z,Germany,Medium,Education,Employed,2455.0,20,30,Own,5,8,5
1946,Baby Boomer,Netherlands,High,Finance,Employed,2918.0,26,15,With parents,8,1,9
1954,Baby Boomer,Netherlands,Medium,Retail,Employed,1983.0,22,6,Rent,6,4,1
1978,Gen X,Poland,Medium,Healthcare,Employed,3733.0,20,34,Rent,9,6,3
1960,Baby Boomer,Netherlands,Medium,Finance,Employed,768.0,26,28,With parents,2,6,2
1992,Millennial,Czechia,Low,IT,Employed,2261.0,20,1,With parents,7,2,1
1995,Millennial,Sweden,Medium,Manufacturing,Employed,1776.0,20,33,Rent,10,7,6
1983,Millennial,Netherlands,High,Construction,Unemployed,2814.0,18,34,Own,4,3,6
1966,Gen X,Poland,Low,Manufacturing,Employed,1894.0,21,30,With parents,10,6,9
1956,Baby Boomer,Sweden,Low,Manufacturing,Employed,4376.0,26,11,With parents,7,3,8
1968,Gen X,Italy,Low,Unemployed,Inactive,3024.0,19,0,With parents,9,6,2
1991,Millennial,France,High,Unemployed,Employed,1301.0,25,28,With parents,10,10,9
1984,Millennial,Spain,High,Manufacturing,Employed,0.0,17,0,Rent,1,10,6
1982,Millennial,Netherlands,Medium,Education,Unemployed,1176.0,19,0,Rent,5,8,9
2004,Gen Z,Czechia,Medium,Construction,Employed,2705.0,21,14,With parents,6,5,7
2003,Gen Z,Sweden,High,Unemployed,Unemployed,1963.0,28,2,Rent,4,1,8
1954,Baby Boomer,France,High,IT,Employed,1684.0,21,13,Rent,10,3,10
1979,Gen X,Poland,High,Retail,Employed,1549.0,29,9,Rent,6,1,7
1995,Millennial,France,High,Retail,Employed,2947.0,26,2,Own,1,8,8
1993,Millennial,Spain,Medium,Healthcare,Employed,1902.0,24,19,With parents,8,7,9
1976,Gen X,Czechia,Medium,Retail,Employed,1808.0,23,35,With parents,6,10,6
1951,Baby Boomer,France,High,Unemployed,Employed,3095.0,20,26,With parents,10,4,10
1965,Gen X,Czechia,High,IT,Employed,3606.0,25,35,With parents,4,4,7
1964,Baby Boomer,Sweden,Low,Retail,Employed,1198.0,18,10,Rent,5,1,2
1970,Gen X,France,Low,Education,Employed,3260.0,19,2,Rent,8,4,7
1948,Baby Boomer,Czechia,High,Finance,Inactive,2101.0,29,23,Own,2,1,1
1990,Millennial,France,Medium,Retail,Inactive,3026.0,20,9,With parents,4,5,10
1996,Millennial,France,High,Manufacturing,Inactive,2790.0,16,25,Own,7,5,4
1966,Gen X,Germany,Medium,Manufacturing,Employed,2218.0,28,31,Own,2,2,10
1959,Baby Boomer,Netherlands,Low,Finance,Employed,2256.0,27,7,Own,6,10,3
2000,Gen Z,Poland,Low,Manufacturing,Employed,2801.0,24,12,Own,9,2,4
1984,Millennial,Spain,Low,Manufacturing,Employed,1213.0,28,2,Rent,2,9,5
1965,Gen X,Poland,Low,Education,Employed,1171.0,19,14,Own,4,2,10
1959,Baby Boomer,Germany,Medium,Education,Employed,4073.0,23,20,Rent,10,5,4
1966,Gen X,Germany,High,Education,Employed,3251.0,20,28,Rent,10,9,4
1996,Millennial,Sweden,High,Unemployed,Employed,3093.0,26,26,Own,5,8,8
1972,Gen X,Germany,Medium,Retail,Employed,2059.0,20,29,With parents,10,2,2
1958,Baby Boomer,Netherlands,Medium,Finance,Employed,725.0,29,13,Rent,8,2,1
1971,Gen X,Germany,Medium,Manufacturing,Employed,1723.0,27,14,With parents,5,5,8
1985,Millennial,France,Medium,Healthcare,Employed,2569.0,17,13,Rent,5,4,7
1984,Millennial,Poland,Medium,Finance,Employed,3236.0,23,24,Rent,10,3,2
2002,Gen Z,Italy,Low,Healthcare,Unemployed,2585.0,27,26,Own,9,4,3
1972,Gen X,Spain,Low,Manufacturing,Employed,2611.0,28,1,Own,10,2,1
1970,Gen X,Germany,Low,IT,Unemployed,2046.0,26,16,With parents,6,2,6
1993,Millennial,Poland,Low,Finance,Employed,2785.0,25,14,Rent,5,4,4
1946,Baby Boomer,Sweden,High,Unemployed,Employed,1382.0,22,26,With parents,3,3,8
1969,Gen X,Germany,Low,Retail,Employed,2312.0,29,9,Own,1,7,3
2000,Gen Z,Netherlands,High,Healthcare,Inactive,1994.0,27,8,Own,6,9,1
1947,Baby Boomer,Germany,High,Finance,Employed,3501.0,17,2,With parents,10,1,10
1952,Baby Boomer,Germany,High,Finance,Employed,0.0,26,23,With parents,9,7,1
1988,Millennial,Czechia,High,Education,Employed,2063.0,21,0,Rent,4,3,6
1977,Gen X,Czechia,Medium,IT,Employed,2424.0,24,5,With parents,8,4,7
1986,Millennial,Germany,Medium,Education,Employed,532.0,23,4,With parents,2,2,8
1996,Millennial,Sweden,Low,IT,Employed,2866.0,25,3,Own,2,5,1
1979,Gen X,Czechia,High,IT,Employed,2082.0,27,2,Own,4,8,5
1950,Baby Boomer,Germany,High,Retail,Employed,1341.0,18,29,With parents,2,2,5
1983,Millennial,Spain,High,Finance,Unemployed,3117.0,22,35,Own,6,8,6
1996,Millennial,Poland,Medium,Education,Employed,1531.0,19,22,Own,8,9,9
1967,Gen X,Czechia,High,Unemployed,Employed,2928.0,26,6,Own,3,5,3
1969,Gen X,Czechia,Low,Education,Inactive,2368.0,19,31,Own,3,9,1
2003,Gen Z,Netherlands,Low,Healthcare,Employed,1831.0,22,9,Rent,4,8,3
1994,Millennial,Germany,High,Finance,Employed,1292.0,26,32,Rent,5,2,8
1987,Millennial,Germany,Medium,Manufacturing,Employed,1558.0,28,25,With parents,3,5,10
1963,Baby Boomer,Germany,High,Manufacturing,Employed,2992.0,22,30,Rent,6,9,3
1949,Baby Boomer,Germany,Low,Healthcare,Employed,3238.0,27,29,With parents,5,9,7
1995,Millennial,Czechia,High,IT,Inactive,2825.0,26,22,Rent,8,8,9
1955,Baby Boomer,France,Medium,Unemployed,Employed,2174.0,16,28,Rent,10,2,8
2000,Gen Z,France,High,Healthcare,Employed,2824.0,26,7,With parents,4,6,5
1956,Baby Boomer,Italy,High,Healthcare,Inactive,2485.0,16,15,With parents,6,1,8
1954,Baby Boomer,Germany,High,Education,Inactive,1658.0,21,8,With parents,9,7,1
1952,Baby Boomer,Italy,Medium,Healthcare,Employed,1376.0,17,3,Own,6,6,2
1968,Gen X,Spain,High,Construction,Unemployed,1918.0,18,18,Own,10,8,3
2004,Gen Z,Italy,Low,Unemployed,Employed,1629.0,17,12,Own,5,7,4
1972,Gen X,Poland,Low,IT,Unemployed,2317.0,17,11,With parents,8,2,1
1985,Millennial,France,Medium,Manufacturing,Inactive,3646.0,23,8,Own,4,2,8
1980,Gen X,France,High,Retail,Employed,2452.0,23,11,Rent,6,2,4
1981,Millennial,Germany,Medium,Unemployed,Employed,3522.0,28,23,Rent,7,6,7
1965,Gen X,Czechia,High,Unemployed,Employed,2200.0,21,12,Rent,10,10,10
1952,Baby Boomer,Germany,High,Finance,Employed,2049.0,18,34,Rent,6,8,2
1999,Gen Z,Spain,Low,Healthcare,Employed,836.0,20,31,Own,8,1,6
1953,Baby Boomer,Netherlands,High,Finance,Unemployed,2776.0,29,13,Own,2,2,9
1991,Millennial,Spain,Low,Healthcare,Employed,1610.0,22,1,Rent,5,5,7
1959,Baby Boomer,Poland,High,Construction,Employed,1425.0,20,20,With parents,3,9,7
1992,Millennial,Germany,Medium,Finance,Unemployed,1288.0,22,30,Rent,4,8,3
1990,Millennial,Germany,Medium,Education,Employed,2519.0,25,34,Rent,10,1,7
1984,Millennial,Spain,Medium,Education,Employed,1680.0,22,15,With parents,8,8,9
1962,Baby Boomer,Spain,Low,Finance,Employed,3682.0,19,25,With parents,2,7,7
1986,Millennial,Spain,Medium,Healthcare,Employed,3207.0,25,2,Own,9,9,2
2004,Gen Z,France,Low,Construction,Employed,1719.0,29,35,With parents,7,4,7
1964,Baby Boomer,Italy,Low,Construction,Unemployed,63.0,29,1,With parents,1,10,10
1950,Baby Boomer,Italy,Low,Healthcare,Employed,2307.0,25,21,Own,3,6,9
1956,Baby Boomer,Germany,Medium,IT,Employed,1921.0,21,2,Own,8,4,7
1946,Baby Boomer,France,High,Manufacturing,Employed,3001.0,24,25,Rent,2,4,1
1951,Baby Boomer,Spain,Medium,Unemployed,Employed,2212.0,19,26,Rent,10,9,7
1960,Baby Boomer,Germany,High,Unemployed,Employed,3236.0,25,7,With parents,7,1,1
1947,Baby Boomer,France,Medium,Manufacturing,Employed,2644.0,27,22,Own,1,10,2
1989,Millennial,Poland,Medium,Construction,Inactive,1051.0,16,5,With parents,3,7,9
1947,Baby Boomer,Netherlands,Medium,Retail,Employed,1528.0,23,24,With parents,10,8,3
1971,Gen X,France,Medium,Manufacturing,Employed,1791.0,19,15,Rent,2,6,8
1994,Millennial,Sweden,Medium,Retail,Employed,2048.0,23,25,With parents,2,1,1
1987,Millennial,Germany,Low,Education,Unemployed,1957.0,26,14,With parents,10,6,9
1984,Millennial,Czechia,High,Unemployed,Employed,2847.0,24,31,Rent,2,4,10
1982,Millennial,Italy,High,Retail,Employed,2653.0,27,18,Rent,4,8,6
1977,Gen X,Sweden,Low,Retail,Employed,1821.0,28,13,Own,6,7,1
1972,Gen X,Spain,High,Manufacturing,Employed,2796.0,27,34,Rent,1,8,7
1945,Baby Boomer,Netherlands,Low,Construction,Employed,1146.0,23,25,Own,10,1,5
1999,Gen Z,Czechia,Low,Healthcare,Unemployed,2829.0,16,12,Own,7,10,5
1952,Baby Boomer,Poland,Low,Construction,Inactive,2982.0,28,7,Rent,7,9,9
1981,Millennial,Czechia,High,Education,Employed,2448.0,29,13,Rent,1,10,6
1976,Gen X,Netherlands,High,IT,Employed,2673.0,27,25,Rent,10,10,9
2004,Gen Z,Czechia,High,Retail,Employed,2791.0,27,29,With parents,9,3,2
1992,Millennial,Netherlands,Low,Retail,Employed,3143.0,24,12,Rent,8,2,4
1987,Millennial,France,Medium,Finance,Employed,2868.0,20,35,Own,2,9,6
1981,Millennial,Germany,High,Retail,Employed,3287.0,23,10,Own,7,1,3
1948,Baby Boomer,Czechia,Low,Construction,Employed,784.0,28,1,Own,2,6,10
1974,Gen X,Czechia,Medium,Healthcare,Employed,2319.0,27,29,Rent,4,5,10
1950,Baby Boomer,Germany,Low,IT,Employed,2159.0,21,23,Own,5,4,3
1990,Millennial,Netherlands,Low,Construction,Employed,2337.0,22,17,Own,10,10,10
1998,Gen Z,Spain,Medium,Finance,Employed,3011.0,18,22,With parents,3,1,10
1963,Baby Boomer,Germany,Medium,Construction,Employed,2316.0,24,5,Rent,7,2,1
1976,Gen X,Netherlands,Low,Manufacturing,Employed,2280.0,24,10,Rent,7,4,5
1953,Baby Boomer,Germany,Low,Education,Employed,2620.0,25,6,Own,6,6,6
1956,Baby Boomer,Spain,Low,Healthcare,Inactive,844.0,28,32,With parents,7,6,4
1955,Baby Boomer,Poland,Low,IT,Employed,3600.0,28,9,Own,3,5,9
1990,Millennial,Sweden,Low,Education,Employed,2106.0,17,20,With parents,7,8,6
1999,Gen Z,Netherlands,Medium,Manufacturing,Employed,3529.0,19,8,Own,7,3,3
1960,Baby Boomer,Italy,Medium,Education,Employed,1431.0,19,29,Own,9,9,7
1945,Baby Boomer,Italy,Medium,Finance,Employed,1379.0,16,24,Rent,2,10,5
1989,Millennial,Netherlands,High,Retail,Employed,1995.0,19,24,With parents,3,4,9
1999,Gen Z,France,High,Retail,Employed,2232.0,18,23,With parents,4,1,5
1997,Gen Z,Poland,Low,Healthcare,Employed,1743.0,26,11,With parents,8,6,7
1965,Gen X,France,Low,Education,Employed,1476.0,26,6,Rent,1,2,6
1974,Gen X,Sweden,High,Construction,Employed,2533.0,17,33,Rent,2,4,10
1957,Baby Boomer,Italy,Low,Retail,Employed,3505.0,21,2,Own,2,3,3
1978,Gen X,Spain,Low,Healthcare,Employed,3693.0,18,5,With parents,2,3,10
1948,Baby Boomer,Netherlands,Low,Healthcare,Unemployed,1936.0,25,26,With parents,2,2,7
1972,Gen X,Sweden,Medium,Finance,Employed,1229.0,24,18,Own,7,8,4
1982,Millennial,Czechia,Medium,Healthcare,Inactive,1963.0,24,7,Own,6,2,6
2002,Gen Z,Czechia,High,Manufacturing,Employed,3740.0,29,35,Own,7,1,6
1975,Gen X,Germany,High,Construction,Employed,3126.0,26,35,Own,6,5,3
2003,Gen Z,Italy,Medium,Retail,Employed,2547.0,23,17,With parents,10,1,2
1999,Gen Z,Poland,Medium,Retail,Employed,1780.0,23,6,Own,1,6,3
1971,Gen X,Italy,Medium,IT,Inactive,3021.0,17,0,With parents,6,5,8
1949,Baby Boomer,Poland,Low,Manufacturing,Employed,4236.0,26,4,With parents,4,1,1
1969,Gen X,Poland,Low,Retail,Employed,2072.0,21,13,With parents,9,7,3
1947,Baby Boomer,Netherlands,Low,Finance,Employed,427.0,29,0,Own,6,3,6
1977,Gen X,Poland,Low,Retail,Employed,1276.0,19,11,Own,9,2,7
1948,Baby Boomer,France,Low,IT,Employed,2256.0,25,18,Own,8,10,10
1969,Gen X,Czechia,Medium,Unemployed,Unemployed,2060.0,17,1,Own,5,9,4
1964,Baby Boomer,Sweden,High,Education,Employed,3425.0,17,13,Rent,10,3,8
1978,Gen X,Spain,Medium,Education,Employed,1668.0,25,2,Own,7,8,8
1970,Gen X,Italy,High,Manufacturing,Employed,2043.0,27,34,Rent,8,4,4
1949,Baby Boomer,Spain,Medium,Healthcare,Inactive,1617.0,22,12,Own,5,6,4
1979,Gen X,Sweden,Medium,IT,Unemployed,2901.0,26,2,Rent,8,8,5
1972,Gen X,Germany,Medium,Unemployed,Employed,1426.0,16,13,Own,10,4,3
1973,Gen X,Sweden,Low,IT,Inactive,1989.0,29,33,Own,9,3,6
1953,Baby Boomer,Italy,Low,Unemployed,Employed,829.0,23,8,With parents,5,9,9
1996,Millennial,Czechia,High,Unemployed,Employed,1724.0,28,9,Rent,8,10,2
1982,Millennial,Spain,High,Retail,Employed,3696.0,20,7,Own,9,7,3
1994,Millennial,Spain,Low,Finance,Employed,3798.0,25,28,Rent,1,9,10
1950,Baby Boomer,Netherlands,Low,Retail,Employed,2807.0,23,32,With parents,7,3,1
1963,Baby Boomer,Netherlands,Medium,Finance,Employed,2597.0,17,22,Rent,7,1,6
2004,Gen Z,Sweden,Low,IT,Employed,1634.0,16,7,Own,2,3,3
1988,Millennial,Sweden,Medium,Healthcare,Employed,2379.0,28,22,With parents,2,7,1
2001,Gen Z,Germany,Low,Education,Employed,2349.0,17,35,Own,8,1,7
1955,Baby Boomer,Poland,Medium,Manufacturing,Unemployed,2216.0,29,19,With parents,7,5,6
1946,Baby Boomer,Italy,Medium,Construction,Employed,2926.0,21,11,With parents,3,5,10
1991,Millennial,Netherlands,Medium,Finance,Employed,1351.0,19,35,Rent,10,3,10
1988,Millennial,Italy,Low,Education,Employed,4506.0,28,8,Own,4,8,7
1988,Millennial,Germany,Medium,Manufacturing,Inactive,3662.0,23,32,Own,3,1,7
1953,Baby Boomer,Netherlands,High,Healthcare,Employed,1469.0,27,5,With parents,4,9,2
1965,Gen X,Netherlands,Medium,IT,Employed,2297.0,24,31,Own,10,7,4
1968,Gen X,Poland,High,Healthcare,Employed,1661.0,24,0,With parents,5,1,5
1978,Gen X,Italy,High,Finance,Unemployed,2773.0,20,23,Rent,10,2,9
1966,Gen X,Czechia,High,IT,Employed,2120.0,21,28,With parents,1,2,8
1947,Baby Boomer,Italy,High,Unemployed,Employed,506.0,26,7,Own,6,1,8
1956,Baby Boomer,Italy,Medium,Retail,Employed,1371.0,28,12,With parents,5,1,9
1972,Gen X,Poland,High,Unemployed,Inactive,3394.0,27,24,Own,5,10,7
1974,Gen X,Netherlands,Low,Manufacturing,Employed,2003.0,26,28,Rent,9,2,6
1970,Gen X,Germany,Medium,Retail,Employed,1995.0,22,23,Rent,3,6,9
1992,Millennial,Italy,High,IT,Employed,2802.0,27,26,With parents,3,5,5
1965,Gen X,Spain,High,Construction,Employed,3046.0,19,25,Rent,9,5,5
1972,Gen X,Czechia,High,Manufacturing,Employed,2120.0,27,19,Rent,8,2,3
2000,Gen Z,Czechia,High,Manufacturing,Unemployed,251.0,25,3,With parents,9,7,9
1970,Gen X,Poland,High,Retail,Inactive,1477.0,18,21,Own,10,3,2
1977,Gen X,France,High,Manufacturing,Employed,270.0,17,6,With parents,10,9,10
1965,Gen X,Germany,High,IT,Employed,940.0,25,17,With parents,8,8,3
1979,Gen X,Spain,Medium,Unemployed,Employed,2269.0,19,9,Own,7,9,4
1996,Millennial,Italy,High,Construction,Employed,2242.0,24,30,Rent,2,9,1
1978,Gen X,France,High,Finance,Employed,3348.0,29,25,With parents,5,10,2
1985,Millennial,Germany,High,Finance,Employed,2171.0,20,25,With parents,10,6,5
1995,Millennial,Poland,Medium,IT,Employed,1410.0,16,24,Own,7,5,6
1991,Millennial,France,Medium,Retail,Employed,3283.0,27,17,With parents,5,2,6
1962,Baby Boomer,Netherlands,Low,Healthcare,Inactive,3776.0,20,23,Own,1,7,3
2002,Gen Z,Sweden,High,IT,Employed,3025.0,21,14,With parents,10,5,4
1955,Baby Boomer,France,Medium,Finance,Unemployed,2139.0,28,7,With parents,6,10,9
2001,Gen Z,Sweden,Medium,IT,Inactive,1923.0,29,24,Own,6,8,1
1967,Gen X,Czechia,Low,Manufacturing,Inactive,1128.0,27,34,Own,6,5,9
1992,Millennial,Spain,High,Manufacturing,Employed,1489.0,25,23,With parents,3,1,8
1966,Gen X,Germany,High,IT,Employed,1796.0,28,20,Own,1,3,4
1961,Baby Boomer,Spain,High,Retail,Employed,1008.0,21,0,With parents,7,10,4
1949,Baby Boomer,Spain,Medium,Healthcare,Unemployed,1899.0,28,25,Own,6,1,5
1988,Millennial,Italy,Medium,Manufacturing,Employed,1947.0,20,9,Rent,5,10,10
1955,Baby Boomer,Poland,Medium,Finance,Inactive,3347.0,23,25,Rent,3,5,2
1974,Gen X,France,Low,Construction,Employed,743.0,20,1,Rent,6,6,7
1959,Baby Boomer,Germany,High,Manufacturing,Employed,2355.0,26,13,Rent,10,7,2
1971,Gen X,Czechia,Low,Finance,Employed,975.0,25,32,With parents,9,5,7
1979,Gen X,Netherlands,Medium,Unemployed,Unemployed,440.0,18,0,With parents,8,5,5
1977,Gen X,Poland,Medium,Unemployed,Employed,1755.0,18,29,Rent,8,6,7
1964,Baby Boomer,Poland,Medium,Construction,Employed,2217.0,29,17,Rent,8,9,1
1960,Baby Boomer,Germany,High,Healthcare,Employed,3345.0,19,29,Rent,1,2,9
1978,Gen X,Poland,Low,Construction,Employed,1958.0,25,26,Own,7,6,4
1946,Baby Boomer,Italy,High,Manufacturing,Employed,1715.0,23,29,With parents,1,10,10
1979,Gen X,Poland,Low,Construction,Employed,1568.0,24,35,Rent,7,7,8
1984,Millennial,Czechia,Low,Retail,Employed,1734.0,22,20,Rent,2,4,6
2000,Gen Z,Czechia,Medium,Finance,Employed,0.0,17,15,With parents,3,5,4
1972,Gen X,Italy,Low,Manufacturing,Inactive,1463.0,24,16,Rent,10,7,10
1991,Millennial,France,High,Manufacturing,Inactive,2921.0,21,17,Rent,2,8,8
1983,Millennial,France,Medium,IT,Employed,0.0,21,33,With parents,10,3,9
1950,Baby Boomer,Spain,Low,Unemployed,Employed,1826.0,28,20,With parents,1,3,5
1953,Baby Boomer,Czechia,Low,Retail,Employed,1940.0,21,11,Own,5,9,10
1964,Baby Boomer,Italy,Medium,Retail,Inactive,2845.0,16,30,With parents,8,1,8
2004,Gen Z,Netherlands,High,IT,Employed,2305.0,24,9,Rent,6,10,4
1945,Baby Boomer,France,Medium,Construction,Employed,2580.0,21,3,With parents,4,8,10
1952,Baby Boomer,Poland,Medium,Finance,Employed,1529.0,22,14,With parents,10,5,4
1999,Gen Z,Germany,High,Education,Employed,618.0,16,27,Rent,1,3,9
1967,Gen X,Germany,Medium,Healthcare,Employed,1723.0,28,6,With parents,10,7,7
1947,Baby Boomer,Sweden,Low,Unemployed,Unemployed,2072.0,20,10,Own,2,4,5
1948,Baby Boomer,Czechia,Medium,Retail,Employed,3242.0,18,28,With parents,2,6,7
2002,Gen Z,Italy,Medium,Unemployed,Employed,915.0,24,33,With parents,3,5,1
1969,Gen X,Netherlands,High,Education,Employed,4080.0,17,29,Rent,2,7,2
1991,Millennial,Spain,Medium,Finance,Unemployed,2355.0,19,26,Own,4,7,4
1982,Millennial,Poland,High,Healthcare,Employed,1515.0,18,24,Own,4,3,10
1959,Baby Boomer,Italy,Low,Retail,Employed,1468.0,24,22,With parents,5,5,2
1965,Gen X,Sweden,High,Manufacturing,Employed,2056.0,18,28,Own,9,2,6
1979,Gen X,Germany,Medium,Retail,Inactive,2139.0,29,10,Rent,3,2,2
2001,Gen Z,Italy,Medium,Healthcare,Employed,2212.0,29,3,With parents,6,5,8
1997,Gen Z,Poland,Low,Construction,Employed,2774.0,29,35,Own,10,5,7
1997,Gen Z,Netherlands,Medium,Education,Employed,1605.0,16,30,Rent,4,9,5
1990,Millennial,Czechia,High,Unemployed,Inactive,2296.0,23,9,Rent,7,8,10
1996,Millennial,Netherlands,High,Construction,Employed,1899.0,16,15,Rent,4,8,1
1958,Baby Boomer,France,Low,Manufacturing,Employed,3682.0,26,29,With parents,7,10,8
1980,Gen X,Poland,Medium,Healthcare,Employed,573.0,16,34,Rent,1,4,4
1956,Baby Boomer,Sweden,Low,Finance,Employed,4131.0,22,16,Rent,9,9,4
1961,Baby Boomer,France,High,Construction,Employed,1405.0,24,4,With parents,1,1,4
1983,Millennial,France,High,Healthcare,Inactive,1223.0,19,2,With parents,5,6,1
1953,Baby Boomer,France,Low,Retail,Employed,1933.0,25,15,Rent,8,5,10
1979,Gen X,Italy,High,Unemployed,Inactive,2394.0,28,3,With parents,8,3,10
2004,Gen Z,Sweden,High,Finance,Employed,1873.0,19,8,Own,6,1,2
1957,Baby Boomer,Germany,Medium,IT,Inactive,2738.0,20,3,With parents,6,5,7
1959,Baby Boomer,Netherlands,High,IT,Employed,1795.0,20,20,Rent,2,1,1
1962,Baby Boomer,Czechia,Medium,Construction,Employed,1621.0,17,9,With parents,4,6,5
1995,Millennial,Italy,Medium,Manufacturing,Employed,1368.0,27,30,With parents,8,3,9
1977,Gen X,Germany,Medium,Healthcare,Employed,3334.0,24,16,Rent,2,3,8
1950,Baby Boomer,Netherlands,Medium,Education,Employed,2546.0,25,15,Rent,6,3,8
2003,Gen Z,Czechia,Medium,Manufacturing,Employed,1159.0,24,5,With parents,3,3,5
1971,Gen X,Sweden,Low,Finance,Employed,1793.0,24,29,Own,7,10,4
1967,Gen X,Czechia,High,Construction,Employed,1009.0,29,14,Own,9,10,10
2003,Gen Z,Sweden,Medium,Manufacturing,Unemployed,4653.0,24,30,Rent,8,3,2
1971,Gen X,Poland,Medium,Construction,Employed,2365.0,16,29,Own,8,2,1
1978,Gen X,Czechia,High,Retail,Inactive,409.0,23,15,With parents,9,5,2
2000,Gen Z,Netherlands,Medium,Finance,Inactive,976.0,23,35,Rent,2,6,7
1990,Millennial,Netherlands,Medium,Unemployed,Employed,1075.0,27,1,With parents,6,6,6
1982,Millennial,Sweden,High,Education,Employed,2463.0,28,27,Own,9,2,7
1958,Baby Boomer,Netherlands,High,Healthcare,Employed,672.0,28,16,Own,2,1,10
1980,Gen X,Spain,Low,Finance,Employed,971.0,19,35,Own,9,4,3
1997,Gen Z,Poland,Medium,Healthcare,Employed,1974.0,28,31,Rent,2,10,5
1952,Baby Boomer,Italy,High,Healthcare,Employed,2125.0,29,24,Own,9,8,3
1979,Gen X,Czechia,Medium,Manufacturing,Employed,1701.0,25,12,Rent,1,1,9
1963,Baby Boomer,Italy,Medium,Retail,Employed,1826.0,16,13,Rent,6,7,8
1974,Gen X,Germany,Low,Manufacturing,Employed,908.0,16,24,Rent,6,5,7
1958,Baby Boomer,Italy,Low,IT,Inactive,2602.0,29,34,Rent,2,8,6
2003,Gen Z,France,High,IT,Employed,399.0,16,28,Rent,7,2,4
1964,Baby Boomer,Netherlands,High,Healthcare,Employed,2052.0,18,14,Rent,10,1,4
1993,Millennial,Italy,High,Retail,Employed,3802.0,25,14,Own,4,9,2
1969,Gen X,Germany,High,Finance,Employed,1871.0,18,16,Rent,4,4,6
1984,Millennial,Germany,Low,Healthcare,Employed,941.0,19,24,With parents,9,4,6
1968,Gen X,France,Low,Finance,Employed,2095.0,26,22,With parents,2,2,10
1958,Baby Boomer,Germany,High,Healthcare,Employed,1923.0,28,31,With parents,9,2,2
1970,Gen X,Sweden,Medium,Unemployed,Employed,2366.0,28,30,Own,9,5,7
1982,Millennial,Spain,Medium,Manufacturing,Employed,2351.0,17,22,Rent,6,2,10
1967,Gen X,Sweden,High,Unemployed,Employed,3066.0,26,16,Own,10,6,4
1966,Gen X,Netherlands,Medium,Healthcare,Employed,1748.0,26,28,Own,7,7,6
1992,Millennial,Netherlands,Low,Healthcare,Employed,1448.0,24,1,Rent,4,2,6
2001,Gen Z,Netherlands,High,Retail,Employed,1471.0,25,10,Own,1,8,7
1963,Baby Boomer,Poland,High,Retail,Unemployed,1609.0,24,15,Rent,9,9,3
1990,Millennial,Italy,Low,Construction,Employed,2458.0,25,16,Rent,9,10,5
1995,Millennial,Spain,High,Finance,Employed,954.0,22,20,Rent,1,3,5
1947,Baby Boomer,Italy,Medium,Retail,Employed,1349.0,17,20,With parents,4,4,4
1986,Millennial,Spain,Medium,Healthcare,Unemployed,2245.0,18,5,Rent,7,7,10
1963,Baby Boomer,Italy,High,Retail,Unemployed,3284.0,29,22,Rent,3,1,10
1953,Baby Boomer,France,High,Retail,Unemployed,1404.0,23,31,Own,5,4,10
1972,Gen X,Czechia,Medium,Education,Employed,2514.0,24,28,With parents,5,1,7
1964,Baby Boomer,Sweden,Low,Education,Unemployed,2012.0,19,30,Own,8,2,5
1989,Millennial,Germany,Low,IT,Employed,2653.0,24,24,Own,9,9,3
1951,Baby Boomer,Germany,Medium,Manufacturing,Employed,2254.0,19,1,With parents,1,2,4
1958,Baby Boomer,Sweden,Low,Construction,Employed,2224.0,28,21,Own,2,3,2
1953,Baby Boomer,France,Medium,Construction,Employed,4497.0,17,14,Own,5,6,3
2003,Gen Z,Spain,Low,Manufacturing,Employed,4837.0,22,5,Rent,1,1,5
2004,Gen Z,Sweden,Medium,Retail,Employed,1963.0,24,32,With parents,6,7,1
1999,Gen Z,Poland,Low,IT,Unemployed,1374.0,17,10,With parents,6,8,4
2001,Gen Z,Spain,High,IT,Inactive,2418.0,23,11,With parents,3,9,5
2004,Gen Z,Germany,Low,Finance,Employed,2744.0,21,23,Own,4,9,5
1963,Baby Boomer,Poland,Medium,Construction,Employed,3389.0,24,2,Own,3,5,8
1991,Millennial,Italy,High,Education,Unemployed,180.0,20,29,With parents,5,5,3
1996,Millennial,Poland,High,IT,Unemployed,1830.0,16,18,Own,9,4,9
1958,Baby Boomer,Spain,Low,Healthcare,Employed,1743.0,20,6,With parents,10,4,4
2000,Gen Z,France,Low,Finance,Employed,1474.0,25,11,Own,3,10,10
1982,Millennial,Italy,High,Construction,Employed,853.0,22,28,With parents,2,1,5
1997,Gen Z,Spain,Medium,Retail,Employed,1998.0,26,7,With parents,6,7,2
1980,Gen X,Italy,High,Healthcare,Employed,2834.0,29,20,Own,10,8,2
1984,Millennial,Poland,Medium,Manufacturing,Employed,1080.0,22,12,With parents,1,4,9
1961,Baby Boomer,Germany,Medium,Construction,Employed,2279.0,19,26,With parents,9,3,9
1974,Gen X,Spain,Medium,Education,Employed,2578.0,25,3,Rent,10,3,2
1953,Baby Boomer,Czechia,High,Healthcare,Unemployed,3679.0,21,31,With parents,3,7,1
1977,Gen X,France,High,Retail,Employed,2772.0,21,23,With parents,3,6,1
2000,Gen Z,Czechia,Low,Unemployed,Employed,2123.0,26,8,Rent,8,1,9
1996,Millennial,Czechia,Medium,Healthcare,Unemployed,2480.0,25,9,With parents,6,1,5
1969,Gen X,Sweden,Low,Healthcare,Employed,2886.0,25,10,With parents,3,1,3
1958,Baby Boomer,Poland,Medium,IT,Employed,2309.0,16,32,Rent,6,5,1
1955,Baby Boomer,Spain,High,Education,Employed,2908.0,20,6,Own,6,1,4
1997,Gen Z,France,Medium,Manufacturing,Unemployed,1901.0,22,10,With parents,3,7,3
1979,Gen X,Spain,High,Unemployed,Inactive,3280.0,20,27,Own,6,9,5
1985,Millennial,Poland,Medium,Retail,Employed,1741.0,23,29,With parents,10,3,10
2003,Gen Z,Spain,High,Finance,Unemployed,1583.0,16,7,With parents,8,4,8
1958,Baby Boomer,Italy,High,Finance,Employed,1779.0,24,26,Own,9,7,7
1974,Gen X,Poland,Low,Retail,Inactive,1327.0,17,21,Rent,3,2,5
1985,Millennial,Spain,Low,Manufacturing,Inactive,2879.0,23,31,Rent,2,4,10
1948,Baby Boomer,Sweden,Medium,Retail,Employed,785.0,20,13,With parents,10,7,3
2003,Gen Z,Germany,Low,IT,Unemployed,1810.0,25,25,Rent,10,9,5
1948,Baby Boomer,Spain,Medium,Unemployed,Employed,2492.0,22,10,With parents,7,8,1
1972,Gen X,Italy,Medium,Finance,Employed,2211.0,26,6,With parents,8,4,3
1952,Baby Boomer,France,High,Construction,Inactive,2162.0,26,29,Own,9,2,2
1946,Baby Boomer,Sweden,Medium,Finance,Employed,2072.0,22,1,Own,1,9,1
1985,Millennial,France,High,Construction,Employed,2348.0,16,34,Rent,1,4,5
1990,Millennial,Czechia,High,Healthcare,Employed,1298.0,23,25,Own,1,9,1
1966,Gen X,Sweden,High,IT,Inactive,1769.0,28,24,With parents,4,9,2
1985,Millennial,France,Low,Finance,Unemployed,1968.0,18,0,Rent,3,5,1
2000,Gen Z,Germany,Medium,IT,Employed,2610.0,28,28,Own,7,6,10
1999,Gen Z,Italy,Medium,Unemployed,Employed,3049.0,28,23,Rent,6,6,8
1960,Baby Boomer,Czechia,Medium,IT,Inactive,2081.0,19,0,Rent,3,5,8
1973,Gen X,Poland,Medium,Manufacturing,Employed,2861.0,18,24,With parents,3,10,1
1993,Millennial,France,High,Finance,Inactive,2281.0,26,33,Rent,5,7,7
1992,Millennial,Sweden,Medium,Construction,Unemployed,2136.0,17,4,With parents,4,7,3
1974,Gen X,Italy,Medium,Education,Employed,2906.0,22,11,With parents,9,7,3
1956,Baby Boomer,Spain,High,Unemployed,Employed,897.0,25,7,Rent,1,6,2
1979,Gen X,Germany,Low,Construction,Employed,2598.0,29,13,Own,1,2,2
1955,Baby Boomer,Italy,Medium,Unemployed,Employed,1583.0,20,19,Own,5,8,10
1990,Millennial,Italy,High,Unemployed,Employed,3135.0,22,8,Rent,8,10,6
1994,Millennial,Poland,Low,Manufacturing,Unemployed,1608.0,16,4,With parents,4,4,5
1965,Gen X,Italy,Medium,Manufacturing,Unemployed,1921.0,25,0,With parents,9,6,6
1965,Gen X,Poland,Low,Unemployed,Employed,792.0,17,10,Rent,7,7,10
1949,Baby Boomer,Germany,High,IT,Unemployed,2531.0,29,3,Rent,3,1,3
1992,Millennial,Germany,Medium,Education,Employed,1824.0,21,16,Own,6,6,7
1964,Baby Boomer,Spain,Medium,Manufacturing,Employed,1717.0,28,3,With parents,6,8,10
1981,Millennial,Poland,Medium,Education,Employed,2225.0,21,31,With parents,5,5,4
1947,Baby Boomer,Poland,Low,Finance,Inactive,697.0,18,4,Rent,8,8,2
1988,Millennial,France,Medium,IT,Employed,1576.0,25,21,With parents,1,6,7
1977,Gen X,France,Medium,Manufacturing,Employed,2032.0,16,13,Rent,10,7,4
1997,Gen Z,Spain,Medium,Education,Employed,3518.0,28,20,With parents,4,9,1
1953,Baby Boomer,Germany,Medium,Retail,Employed,2365.0,18,17,Own,7,7,9
1953,Baby Boomer,Netherlands,Medium,Construction,Employed,2556.0,19,2,With parents,6,2,1
1948,Baby Boomer,France,Medium,Manufacturing,Employed,2256.0,16,10,Rent,7,8,1
1979,Gen X,Italy,Medium,Manufacturing,Unemployed,5269.0,29,35,Rent,3,1,7
1961,Baby Boomer,Germany,Medium,Manufacturing,Employed,3009.0,22,26,With parents,3,1,7
1978,Gen X,Netherlands,Low,Education,Employed,370.0,18,24,Own,1,10,9
1968,Gen X,Czechia,High,Healthcare,Employed,2400.0,23,34,Own,7,6,5
1976,Gen X,Italy,High,Unemployed,Inactive,3181.0,28,14,Own,4,8,2
1945,Baby Boomer,Sweden,Medium,Finance,Employed,894.0,22,20,Rent,9,10,8
1952,Baby Boomer,Poland,Medium,Construction,Unemployed,2294.0,27,2,Rent,5,1,3
1989,Millennial,Germany,Medium,Manufacturing,Unemployed,1716.0,29,23,Own,5,1,5
1967,Gen X,Sweden,Medium,Retail,Unemployed,1431.0,21,4,With parents,9,5,6
1991,Millennial,Spain,Medium,Retail,Unemployed,3402.0,23,32,With parents,1,3,3
1984,Millennial,Poland,Low,Unemployed,Employed,1603.0,24,23,With parents,6,10,6
1956,Baby Boomer,Poland,High,IT,Employed,1611.0,17,5,With parents,8,10,5
1998,Gen Z,Italy,Low,Healthcare,Employed,1389.0,25,6,Rent,1,1,7
1956,Baby Boomer,Sweden,Medium,Healthcare,Unemployed,1221.0,24,18,Own,10,2,10
1990,Millennial,Poland,High,Education,Inactive,1708.0,25,20,Own,9,4,2
1991,Millennial,France,Medium,IT,Inactive,1664.0,20,5,With parents,8,8,8
1959,Baby Boomer,Germany,Low,Construction,Employed,1131.0,16,2,Own,6,6,6
1985,Millennial,France,High,Education,Employed,2175.0,16,13,Rent,9,4,1
1963,Baby Boomer,Italy,High,IT,Employed,0.0,22,19,With parents,3,7,2
1970,Gen X,Netherlands,High,Finance,Employed,2291.0,21,13,Own,4,9,3
1996,Millennial,Czechia,Medium,Healthcare,Employed,3079.0,25,1,Rent,3,6,3
1973,Gen X,Italy,Low,Construction,Employed,1722.0,29,24,Own,5,1,10
1966,Gen X,Germany,High,Finance,Inactive,2519.0,24,3,Rent,1,8,3
1984,Millennial,Poland,Medium,Construction,Employed,1973.0,27,32,Own,1,3,5
1965,Gen X,Sweden,High,Education,Employed,4317.0,16,1,Own,2,5,9
1995,Millennial,Sweden,Medium,IT,Employed,3076.0,25,22,Rent,1,2,6
1982,Millennial,Spain,Medium,Healthcare,Employed,1420.0,25,20,Own,3,1,9
1964,Baby Boomer,Italy,High,Healthcare,Inactive,3362.0,25,14,With parents,2,7,3
2001,Gen Z,Germany,Medium,Unemployed,Employed,4370.0,25,23,Own,10,3,9
1973,Gen X,Spain,Low,Construction,Employed,2005.0,22,19,Own,7,4,4
1995,Millennial,Poland,Low,Construction,Employed,2638.0,28,24,Rent,8,2,7
1948,Baby Boomer,Netherlands,Medium,Construction,Inactive,3112.0,23,21,With parents,2,4,1
1999,Gen Z,Italy,Low,Manufacturing,Employed,1193.0,25,3,Own,4,9,10
1951,Baby Boomer,Netherlands,Medium,Unemployed,Employed,549.0,19,15,Own,8,9,3
1972,Gen X,Germany,Medium,Education,Employed,2344.0,16,6,Own,10,1,4
1972,Gen X,Netherlands,High,Manufacturing,Employed,1460.0,26,23,Own,1,7,8
1948,Baby Boomer,Netherlands,Medium,Unemployed,Inactive,2004.0,26,33,Rent,8,3,1
1966,Gen X,Germany,High,Construction,Employed,3122.0,28,28,Own,8,5,7
1956,Baby Boomer,Germany,Low,Construction,Employed,2709.0,18,25,Rent,2,5,4
1989,Millennial,Italy,Medium,Healthcare,Employed,2702.0,17,13,With parents,3,4,3
1947,Baby Boomer,Netherlands,Low,Education,Inactive,2084.0,18,19,Rent,9,1,8
1966,Gen X,Spain,High,Education,Employed,1620.0,27,6,With parents,10,9,5
1988,Millennial,Czechia,High,Finance,Unemployed,1562.0,21,17,With parents,5,5,6
1946,Baby Boomer,Germany,High,Retail,Employed,3769.0,25,9,With parents,7,2,2
1968,Gen X,Poland,Medium,Unemployed,Unemployed,4231.0,18,29,Own,5,2,1
1978,Gen X,Netherlands,Medium,IT,Inactive,3171.0,25,2,Rent,10,4,7
1971,Gen X,Germany,High,Retail,Employed,1947.0,28,0,With parents,2,2,8
1999,Gen Z,Spain,High,Retail,Employed,1198.0,19,29,Rent,2,5,3
1985,Millennial,Sweden,High,Construction,Employed,4649.0,16,1,With parents,1,2,6
1945,Baby Boomer,Italy,Medium,Healthcare,Unemployed,2608.0,21,14,With parents,6,4,1
1952,Baby Boomer,Netherlands,High,Finance,Employed,2589.0,17,10,With parents,7,4,4
1967,Gen X,Sweden,Low,IT,Employed,1662.0,19,31,Own,5,3,2
1982,Millennial,Germany,Medium,Construction,Employed,2819.0,20,5,Rent,3,10,1
1950,Baby Boomer,Germany,Low,Construction,Employed,2013.0,20,5,Own,10,7,3
1966,Gen X,Poland,Medium,Retail,Employed,1250.0,19,27,Rent,10,2,2
1969,Gen X,Poland,High,Retail,Inactive,1895.0,18,24,With parents,9,5,5
1962,Baby Boomer,Netherlands,High,Education,Inactive,2563.0,19,22,Rent,8,2,9
1961,Baby Boomer,Sweden,High,Healthcare,Employed,3580.0,18,11,Rent,2,9,8
1956,Baby Boomer,Czechia,Medium,Retail,Employed,783.0,18,9,Rent,3,6,2
1950,Baby Boomer,Sweden,Medium,IT,Employed,1085.0,19,16,Own,7,8,7
1970,Gen X,Germany,High,Manufacturing,Unemployed,1816.0,28,1,With parents,9,6,3
1971,Gen X,Czechia,Medium,Construction,Employed,1358.0,24,16,Rent,2,3,6
1952,Baby Boomer,Netherlands,High,Manufacturing,Employed,2202.0,24,8,Rent,10,7,9
1963,Baby Boomer,Germany,Medium,Healthcare,Employed,1757.0,23,6,Rent,7,2,3
2004,Gen Z,Poland,Medium,Manufacturing,Unemployed,2312.0,19,12,With parents,8,4,10
1986,Millennial,Spain,Medium,Education,Employed,2351.0,17,9,Rent,6,10,10
1945,Baby Boomer,France,High,Education,Employed,981.0,27,21,Rent,6,5,2
2001,Gen Z,Czechia,Medium,IT,Employed,2012.0,24,27,With parents,8,4,2
1973,Gen X,France,Medium,Finance,Employed,1481.0,21,13,Own,3,2,5
1989,Millennial,Germany,High,Healthcare,Employed,3224.0,23,18,Rent,8,2,6
1993,Millennial,Sweden,Medium,Healthcare,Employed,1588.0,19,0,Rent,10,6,4
1979,Gen X,Poland,High,Construction,Employed,1754.0,23,26,With parents,1,9,6
1984,Millennial,Italy,Medium,Manufacturing,Unemployed,1383.0,21,3,Rent,2,7,4
1958,Baby Boomer,Italy,Medium,Retail,Employed,2173.0,21,23,With parents,6,8,5
1979,Gen X,France,High,Retail,Employed,2063.0,21,13,Own,2,6,7
1992,Millennial,Spain,Medium,Finance,Employed,3534.0,28,22,With parents,10,8,6
1989,Millennial,France,Medium,Construction,Employed,2173.0,24,4,Rent,2,10,2
1964,Baby Boomer,Germany,Medium,Retail,Employed,3411.0,16,19,With parents,3,4,9
2000,Gen Z,Spain,Medium,Finance,Unemployed,3584.0,16,21,With parents,3,10,10
1993,Millennial,Italy,Medium,Unemployed,Employed,1882.0,20,34,With parents,4,7,5
1957,Baby Boomer,Sweden,Low,Construction,Inactive,2042.0,16,35,With parents,9,3,9
1982,Millennial,Poland,High,Unemployed,Inactive,1684.0,25,4,Own,9,3,5
1993,Millennial,Czechia,High,IT,Employed,1095.0,24,32,With parents,2,3,3
1990,Millennial,Poland,Low,Healthcare,Unemployed,4323.0,19,23,With parents,2,10,7
1993,Millennial,Germany,Medium,Manufacturing,Employed,1688.0,17,33,Rent,6,5,8
1952,Baby Boomer,France,Medium,IT,Employed,1388.0,18,24,Rent,5,6,5
1987,Millennial,Germany,Low,Education,Inactive,1245.0,24,24,With parents,5,4,9
1964,Baby Boomer,Czechia,Medium,Education,Employed,1637.0,26,21,With parents,7,5,3
2004,Gen Z,Poland,Medium,Education,Employed,1927.0,23,4,Own,9,3,8
1977,Gen X,Czechia,Medium,Finance,Employed,3318.0,18,7,Rent,1,8,2
1970,Gen X,Italy,Medium,Finance,Employed,3831.0,28,26,Own,5,10,10
1983,Millennial,Poland,Medium,Construction,Employed,327.0,23,34,With parents,5,6,1
1965,Gen X,Spain,High,Healthcare,Inactive,3629.0,19,0,Own,5,4,7
1997,Gen Z,Sweden,High,Education,Employed,3710.0,21,19,Own,9,1,10
1993,Millennial,Czechia,Medium,Finance,Unemployed,1642.0,19,6,Rent,6,10,5
1986,Millennial,Sweden,High,Construction,Employed,1380.0,26,2,Rent,8,3,7
1987,Millennial,Netherlands,Medium,Finance,Employed,2670.0,20,8,Rent,8,8,3
1998,Gen Z,Poland,High,Retail,Employed,1626.0,25,13,Rent,6,2,3
1985,Millennial,Poland,Medium,Finance,Employed,3548.0,24,18,With parents,6,4,1
1953,Baby Boomer,Sweden,High,Education,Employed,2642.0,29,26,Rent,10,10,3
1968,Gen X,Netherlands,Medium,IT,Inactive,1521.0,17,5,With parents,8,5,1
1981,Millennial,Spain,Low,Education,Employed,2463.0,24,6,Rent,1,6,4
1993,Millennial,France,Medium,Construction,Employed,2263.0,18,25,With parents,9,2,10
1985,Millennial,Czechia,Medium,Construction,Employed,472.0,20,12,Own,9,7,5
1961,Baby Boomer,Czechia,Medium,Construction,Employed,1312.0,22,32,Rent,8,9,10
1968,Gen X,Poland,Medium,Retail,Employed,1608.0,28,32,Rent,4,9,9
1965,Gen X,Sweden,High,Education,Employed,2542.0,29,8,Own,1,4,1
1995,Millennial,Germany,Medium,Manufacturing,Inactive,2710.0,29,14,Rent,2,10,8
2003,Gen Z,Poland,Medium,Retail,Unemployed,3286.0,27,4,With parents,1,4,4
1983,Millennial,Germany,Low,Healthcare,Employed,1566.0,29,28,Own,3,2,4
1999,Gen Z,Spain,High,Education,Employed,866.0,27,6,Rent,9,9,1
1985,Millennial,Poland,High,Finance,Employed,1438.0,17,30,Rent,6,5,8
1983,Millennial,Czechia,High,IT,Unemployed,1565.0,29,33,With parents,5,7,5
1957,Baby Boomer,Sweden,Medium,Education,Unemployed,1478.0,19,10,Rent,8,3,3
1955,Baby Boomer,Spain,Medium,IT,Unemployed,2181.0,16,18,With parents,10,8,5
1990,Millennial,Spain,Low,Construction,Employed,2828.0,28,4,Rent,3,7,7
1963,Baby Boomer,France,Medium,Construction,Employed,1829.0,28,22,Own,10,8,9
1955,Baby Boomer,Poland,Low,Manufacturing,Employed,2651.0,26,1,With parents,3,2,9
1957,Baby Boomer,Germany,Medium,Healthcare,Inactive,3073.0,18,3,With parents,5,8,7
1990,Millennial,Germany,Medium,Finance,Inactive,2191.0,29,16,Rent,1,1,9
1989,Millennial,Poland,Medium,Retail,Employed,1176.0,21,30,With parents,7,10,9
1945,Baby Boomer,Netherlands,Medium,Unemployed,Unemployed,1949.0,17,29,With parents,3,6,3
1984,Millennial,France,High,Unemployed,Inactive,3118.0,23,1,Own,2,6,5
1988,Millennial,France,Low,Retail,Employed,2767.0,22,23,With parents,7,10,2
1963,Baby Boomer,France,High,Healthcare,Unemployed,1239.0,18,9,Own,1,10,10
1956,Baby Boomer,Germany,Low,Manufacturing,Employed,3260.0,16,27,With parents,1,7,5
1952,Baby Boomer,Spain,Low,Manufacturing,Employed,1902.0,27,31,Own,9,4,7
1952,Baby Boomer,Sweden,Low,Construction,Employed,1235.0,27,32,Own,7,8,5
1997,Gen Z,Netherlands,High,Education,Employed,2171.0,25,17,Own,3,2,8
1989,Millennial,Czechia,Medium,Manufacturing,Unemployed,828.0,19,23,Own,5,8,10
1956,Baby Boomer,France,High,Education,Employed,2785.0,28,29,Own,2,7,2
1992,Millennial,Germany,Medium,IT,Employed,3230.0,19,4,Rent,5,10,6
1977,Gen X,Germany,Low,Healthcare,Employed,1299.0,26,22,With parents,9,6,10
1989,Millennial,Czechia,High,IT,Employed,2048.0,20,29,Rent,10,8,6
1970,Gen X,Spain,Low,Unemployed,Employed,2984.0,18,3,With parents,5,2,4
1983,Millennial,Czechia,High,IT,Employed,1002.0,26,23,With parents,1,8,1
1972,Gen X,Poland,Low,IT,Employed,1101.0,17,2,Own,8,10,6
2002,Gen Z,Poland,Medium,IT,Unemployed,1987.0,17,14,With parents,6,4,9
1949,Baby Boomer,Sweden,High,Retail,Inactive,1949.0,23,0,Rent,2,7,1
1952,Baby Boomer,Czechia,High,Manufacturing,Employed,2244.0,28,9,With parents,6,10,6
1969,Gen X,Sweden,Medium,Healthcare,Unemployed,2105.0,22,25,With parents,9,8,4
1971,Gen X,France,High,Unemployed,Inactive,1003.0,27,11,Rent,3,3,9
1990,Millennial,Sweden,Low,Unemployed,Employed,746.0,29,0,Rent,5,8,9
1967,Gen X,France,High,Healthcare,Employed,1014.0,29,1,Rent,7,1,7
1974,Gen X,Netherlands,Medium,Unemployed,Unemployed,2653.0,16,10,Own,10,9,1
1989,Millennial,Sweden,Low,Unemployed,Employed,3056.0,27,11,Own,2,2,3
1991,Millennial,Spain,Medium,Finance,Employed,2120.0,28,27,With parents,1,2,1
1967,Gen X,France,Low,IT,Unemployed,2839.0,24,32,With parents,5,5,5
1993,Millennial,Spain,Medium,Unemployed,Employed,1653.0,18,2,Own,4,8,7
1991,Millennial,Germany,Low,Healthcare,Inactive,1870.0,18,18,Rent,9,1,5
1964,Baby Boomer,France,Medium,Construction,Employed,3032.0,16,17,Rent,10,3,3
1962,Baby Boomer,Germany,High,Education,Employed,2619.0,26,27,Rent,4,8,5
1962,Baby Boomer,Italy,Low,Healthcare,Employed,2359.0,19,30,Own,7,7,9
1946,Baby Boomer,Spain,Medium,Construction,Employed,2067.0,25,6,Rent,5,6,3
1948,Baby Boomer,Italy,Medium,IT,Unemployed,1158.0,29,4,With parents,5,1,10
1974,Gen X,France,High,Healthcare,Employed,2277.0,27,18,Own,6,4,6
1977,Gen X,Germany,Medium,Manufacturing,Inactive,2479.0,26,12,Rent,8,3,2
1980,Gen X,France,Medium,IT,Employed,4187.0,17,27,With parents,4,10,4
1962,Baby Boomer,Italy,Medium,Retail,Employed,2129.0,27,1,With parents,9,10,7
1981,Millennial,Czechia,Medium,Unemployed,Inactive,1867.0,29,5,Rent,6,7,9
1963,Baby Boomer,Czechia,Low,Construction,Employed,2454.0,18,14,Own,8,8,4
1991,Millennial,France,Medium,Manufacturing,Unemployed,3503.0,27,27,Own,4,7,10
1972,Gen X,Netherlands,Low,Healthcare,Employed,2517.0,26,24,Rent,9,5,3
1984,Millennial,Poland,Medium,Retail,Unemployed,2039.0,28,31,Own,9,9,7
1964,Baby Boomer,Italy,Medium,Finance,Employed,1493.0,16,35,With parents,1,4,2
1993,Millennial,France,Medium,Unemployed,Inactive,1451.0,18,29,Rent,1,3,4
1977,Gen X,Germany,Low,Manufacturing,Inactive,2903.0,29,23,Own,7,8,5
1956,Baby Boomer,France,High,Finance,Employed,1941.0,19,17,Own,3,1,3
2002,Gen Z,Czechia,High,Education,Employed,4006.0,21,0,Own,7,10,5
1995,Millennial,Germany,Low,Manufacturing,Employed,2276.0,18,2,Rent,1,2,2
1959,Baby Boomer,Poland,Medium,Retail,Employed,2639.0,26,6,Rent,1,10,8
1985,Millennial,France,Medium,Finance,Employed,1701.0,21,32,With parents,7,5,5
1983,Millennial,Sweden,Low,Education,Employed,1460.0,27,20,Rent,4,9,8
1946,Baby Boomer,Czechia,Medium,Unemployed,Employed,2887.0,27,13,Rent,2,6,3
1973,Gen X,Sweden,Medium,Finance,Employed,3276.0,17,2,Own,5,7,2
1985,Millennial,Poland,High,Healthcare,Inactive,1306.0,29,24,Own,5,3,9
1954,Baby Boomer,Italy,High,IT,Unemployed,1539.0,29,32,Rent,4,5,5
1946,Baby Boomer,Germany,Medium,Unemployed,Unemployed,1607.0,26,12,Own,9,4,8
1995,Millennial,Sweden,Medium,Finance,Employed,2809.0,23,32,Own,2,5,10
1955,Baby Boomer,Netherlands,High,Healthcare,Employed,2526.0,20,28,Rent,4,4,5
1957,Baby Boomer,Italy,High,IT,Employed,2111.0,16,18,Rent,2,6,6
1954,Baby Boomer,Germany,High,IT,Inactive,1498.0,21,25,Own,10,4,2
1958,Baby Boomer,Czechia,Low,Retail,Employed,3647.0,18,8,With parents,4,6,1
1962,Baby Boomer,Czechia,Low,Construction,Employed,3080.0,19,29,With parents,6,8,2
1995,Millennial,Czechia,Medium,Education,Employed,404.0,25,21,Rent,5,9,2
1998,Gen Z,Poland,Medium,Construction,Employed,2971.0,23,3,With parents,10,6,9
1953,Baby Boomer,Sweden,Low,Unemployed,Employed,1940.0,23,6,Own,10,7,7
2001,Gen Z,Czechia,Low,Education,Employed,1659.0,26,17,Own,6,2,5
1983,Millennial,Spain,High,Manufacturing,Employed,2890.0,28,5,Rent,2,4,9
1972,Gen X,Czechia,High,Healthcare,Employed,2516.0,23,28,With parents,1,4,8
1947,Baby Boomer,France,Medium,Retail,Employed,2280.0,27,4,Own,5,9,10
1964,Baby Boomer,Poland,High,Finance,Employed,1391.0,20,5,Own,3,6,7
1950,Baby Boomer,Germany,Medium,Healthcare,Unemployed,3113.0,28,33,With parents,3,8,5
1971,Gen X,Germany,High,Finance,Employed,1087.0,29,33,Own,10,10,8
1997,Gen Z,Germany,Medium,Construction,Employed,2897.0,16,0,Own,5,7,10
1946,Baby Boomer,Germany,Low,Unemployed,Inactive,2281.0,24,17,With parents,3,2,5
1973,Gen X,France,Medium,Finance,Inactive,2168.0,29,26,With parents,6,5,5
1982,Millennial,Italy,Medium,Construction,Employed,1704.0,26,9,Rent,7,9,5
1947,Baby Boomer,Netherlands,Medium,Construction,Employed,2348.0,24,1,With parents,6,10,2
1960,Baby Boomer,Spain,Low,Finance,Unemployed,962.0,23,18,Rent,10,10,9
1974,Gen X,France,High,Manufacturing,Employed,3311.0,26,26,With parents,8,6,10
1984,Millennial,Germany,Low,Construction,Inactive,1837.0,18,21,Rent,4,9,6
1946,Baby Boomer,France,Low,Manufacturing,Employed,1579.0,21,9,Own,6,9,2
1961,Baby Boomer,Poland,Medium,Retail,Inactive,2023.0,22,26,Rent,3,2,1
1985,Millennial,Netherlands,Medium,Manufacturing,Employed,1864.0,19,11,Rent,10,3,4
1956,Baby Boomer,Germany,Medium,Retail,Unemployed,3319.0,27,14,Own,7,10,4
1979,Gen X,Spain,High,Manufacturing,Employed,640.0,25,0,With parents,6,2,5
1987,Millennial,Germany,Medium,Education,Inactive,2133.0,22,23,With parents,6,5,4
1945,Baby Boomer,Netherlands,Medium,Retail,Employed,3624.0,24,5,Rent,3,8,1
1999,Gen Z,Spain,High,Education,Employed,2261.0,21,28,With parents,1,6,2
1989,Millennial,Netherlands,Low,Construction,Employed,2370.0,17,5,Rent,2,8,6
1959,Baby Boomer,Spain,Medium,Education,Inactive,2175.0,21,14,Own,10,1,10
1970,Gen X,Italy,High,Unemployed,Employed,1616.0,28,7,With parents,10,9,9
1981,Millennial,Sweden,Low,Retail,Employed,2686.0,18,28,With parents,3,7,8
1965,Gen X,Italy,Medium,Healthcare,Employed,2027.0,22,1,With parents,1,4,7
1993,Millennial,France,High,Construction,Inactive,2327.0,18,10,Own,8,8,7
1975,Gen X,France,Medium,Construction,Employed,2694.0,27,8,Rent,9,7,1
1969,Gen X,Czechia,Medium,IT,Employed,2598.0,28,15,Rent,7,5,5
1967,Gen X,Spain,High,Unemployed,Unemployed,2287.0,23,23,Own,7,5,4
1968,Gen X,Czechia,Low,Manufacturing,Unemployed,3009.0,26,33,Rent,3,1,5
2001,Gen Z,Czechia,Low,Finance,Employed,3111.0,26,23,Rent,9,9,6
1982,Millennial,Germany,High,Manufacturing,Employed,2906.0,20,24,Own,9,6,6
1972,Gen X,Sweden,High,Finance,Employed,3150.0,28,32,With parents,5,2,10
1965,Gen X,Poland,Medium,Healthcare,Employed,3420.0,18,16,Rent,7,8,5
1998,Gen Z,Poland,Medium,IT,Employed,1114.0,28,6,Own,1,9,3
1987,Millennial,Germany,High,Healthcare,Employed,4682.0,16,26,Rent,6,4,3
1962,Baby Boomer,Germany,High,IT,Inactive,2341.0,20,35,With parents,10,7,8
1980,Gen X,Italy,Medium,Retail,Employed,1981.0,25,18,With parents,1,7,8
1979,Gen X,Poland,Low,Retail,Unemployed,2352.0,25,14,With parents,10,7,8
1989,Millennial,Spain,Medium,Finance,Employed,872.0,26,5,With parents,6,3,7
1999,Gen Z,Netherlands,High,Education,Employed,2411.0,18,35,With parents,6,7,5
1953,Baby Boomer,Czechia,High,Education,Employed,1486.0,19,4,With parents,7,5,6
1997,Gen Z,France,High,Finance,Inactive,2265.0,28,4,With parents,7,7,6
1982,Millennial,Czechia,High,Unemployed,Employed,2330.0,25,1,With parents,10,4,9
2002,Gen Z,Czechia,Medium,Retail,Employed,1667.0,19,17,Rent,3,8,5
1974,Gen X,Netherlands,Medium,Unemployed,Employed,577.0,18,31,Own,7,4,7
2004,Gen Z,Italy,High,Finance,Employed,2446.0,21,28,Own,10,5,9
1988,Millennial,Poland,High,Education,Employed,2199.0,21,19,Rent,2,10,9
1978,Gen X,Czechia,Medium,Finance,Unemployed,2373.0,16,18,Own,2,7,1
1976,Gen X,Sweden,Low,Retail,Unemployed,1821.0,28,15,Own,1,2,7
1947,Baby Boomer,Germany,High,Healthcare,Employed,1609.0,19,10,With parents,2,7,9
1947,Baby Boomer,Sweden,Medium,Manufacturing,Inactive,2006.0,16,27,Rent,2,7,4
1972,Gen X,Sweden,Medium,Retail,Employed,2325.0,22,21,With parents,9,6,3
1988,Millennial,Poland,Medium,Finance,Unemployed,2806.0,22,26,With parents,3,2,1
1959,Baby Boomer,Spain,Medium,Retail,Employed,1471.0,21,16,With parents,1,8,7
1985,Millennial,Italy,Low,Retail,Inactive,2912.0,26,7,Rent,2,6,8
1967,Gen X,Czechia,High,Education,Unemployed,2788.0,17,7,Rent,10,1,9
1984,Millennial,Czechia,Medium,Finance,Inactive,2669.0,19,22,Rent,8,3,3
1955,Baby Boomer,Czechia,Low,Education,Employed,3847.0,27,31,With parents,10,4,3
1992,Millennial,Germany,Medium,Finance,Employed,617.0,18,14,Rent,2,10,1
1976,Gen X,Netherlands,High,Education,Unemployed,3956.0,26,26,With parents,4,10,5
2002,Gen Z,Spain,High,Education,Unemployed,1612.0,23,3,Own,9,8,8
2003,Gen Z,Netherlands,High,Healthcare,Employed,2417.0,17,31,With parents,9,7,7
2001,Gen Z,France,High,Retail,Employed,2240.0,25,9,Own,7,6,7
1998,Gen Z,Italy,Low,Unemployed,Employed,996.0,17,27,Own,1,10,4
1980,Gen X,Spain,Low,Healthcare,Employed,2676.0,16,31,Rent,10,6,1
2004,Gen Z,Spain,Medium,Unemployed,Inactive,2977.0,24,31,With parents,5,10,7
1977,Gen X,Czechia,Medium,Education,Unemployed,2580.0,18,14,Rent,5,9,3
1968,Gen X,Netherlands,High,Healthcare,Employed,871.0,23,5,Rent,2,5,5
1983,Millennial,Germany,Medium,Construction,Inactive,1084.0,22,8,Own,7,3,9
1978,Gen X,France,High,Construction,Employed,1572.0,27,29,Own,1,1,3
2000,Gen Z,Czechia,Medium,Retail,Employed,3345.0,16,15,With parents,1,2,2
1972,Gen X,Czechia,Medium,Retail,Employed,2287.0,26,24,Own,10,7,10
1981,Millennial,Czechia,Medium,Education,Inactive,399.0,21,9,With parents,1,2,8
1951,Baby Boomer,Netherlands,Low,Retail,Unemployed,4058.0,23,29,With parents,10,9,2
1948,Baby Boomer,Spain,Medium,Healthcare,Employed,3550.0,21,8,Rent,7,1,6
1981,Millennial,Italy,Medium,IT,Employed,1222.0,24,6,Own,4,4,6
2000,Gen Z,Spain,Medium,Retail,Employed,1832.0,25,11,Rent,4,8,2
1945,Baby Boomer,Poland,Medium,Healthcare,Employed,1942.0,29,16,Own,9,8,5
1945,Baby Boomer,Italy,Low,Construction,Employed,2671.0,18,24,Own,4,4,1
1991,Millennial,Czechia,Medium,Construction,Employed,2379.0,21,6,Rent,8,4,7
1964,Baby Boomer,Italy,Medium,Healthcare,Inactive,1587.0,25,18,With parents,1,4,2
1963,Baby Boomer,Spain,Low,Unemployed,Employed,3380.0,28,16,Rent,3,1,9
1973,Gen X,Germany,Medium,Construction,Employed,3770.0,29,31,Own,1,3,1
1954,Baby Boomer,Czechia,Medium,Healthcare,Employed,2155.0,19,22,Rent,1,3,4
2004,Gen Z,Italy,Medium,Unemployed,Employed,1684.0,25,31,Rent,3,5,6
1962,Baby Boomer,Poland,Low,Retail,Employed,3636.0,27,25,Own,4,8,3
1972,Gen X,Netherlands,Medium,IT,Employed,225.0,18,7,Own,6,5,6
1979,Gen X,Germany,Medium,Education,Employed,1395.0,23,21,With parents,3,4,4
1987,Millennial,Germany,Medium,Education,Unemployed,3081.0,22,7,Own,8,7,2
1991,Millennial,Germany,High,Retail,Employed,3452.0,22,4,Own,8,1,10
1975,Gen X,Italy,Medium,Retail,Employed,1912.0,20,11,Own,3,6,5
1971,Gen X,Germany,Medium,Construction,Inactive,4252.0,27,26,Own,3,9,10
1955,Baby Boomer,Spain,High,Manufacturing,Employed,-0.0,29,19,Own,6,2,8
1993,Millennial,Germany,Medium,Finance,Employed,3185.0,16,10,With parents,1,9,2
1993,Millennial,Poland,High,Unemployed,Employed,2278.0,21,35,Own,1,7,6
1982,Millennial,Czechia,Medium,IT,Employed,1762.0,21,1,Rent,5,7,8
1949,Baby Boomer,Czechia,Medium,Healthcare,Employed,2990.0,18,9,Rent,10,4,6
1952,Baby Boomer,France,High,Finance,Employed,1849.0,20,6,Own,7,10,5
1978,Gen X,Poland,Low,Healthcare,Inactive,1222.0,24,11,Rent,1,5,3
1992,Millennial,Italy,Medium,Finance,Unemployed,2304.0,22,15,With parents,2,6,8
1996,Millennial,Germany,Low,Education,Employed,2151.0,23,30,Rent,9,6,10
2000,Gen Z,Germany,Medium,Finance,Employed,1497.0,24,26,With parents,1,8,2
1956,Baby Boomer,Spain,Low,Retail,Employed,1684.0,21,31,With parents,3,10,10
1982,Millennial,Netherlands,Medium,IT,Employed,1828.0,20,26,Rent,8,5,9
1945,Baby Boomer,Germany,High,Education,Employed,736.0,25,24,Rent,2,10,8
1975,Gen X,Sweden,High,Construction,Employed,678.0,20,4,Own,10,4,6
1948,Baby Boomer,Poland,Medium,Finance,Employed,3040.0,20,3,Own,7,8,9
1993,Millennial,Italy,High,IT,Employed,919.0,28,14,Own,2,10,6
1989,Millennial,Czechia,Medium,Retail,Employed,2184.0,19,12,Rent,3,8,8
1994,Millennial,France,Medium,Construction,Employed,518.0,17,32,With parents,10,3,5
1949,Baby Boomer,Germany,High,Healthcare,Employed,3556.0,22,4,With parents,9,2,7
1974,Gen X,France,High,Construction,Employed,1957.0,22,5,Own,4,1,2
2000,Gen Z,Germany,High,Unemployed,Employed,3206.0,23,24,With parents,7,1,1
1968,Gen X,Italy,Low,Unemployed,Employed,4103.0,23,24,Rent,6,4,8
2003,Gen Z,Netherlands,Medium,Manufacturing,Employed,1040.0,26,9,Rent,7,10,5
1947,Baby Boomer,Poland,High,IT,Employed,1587.0,23,11,With parents,7,2,9
1955,Baby Boomer,Czechia,Medium,Unemployed,Employed,2985.0,24,2,Rent,2,3,7
1989,Millennial,Italy,Medium,Healthcare,Employed,1630.0,21,28,With parents,1,3,4
1948,Baby Boomer,France,Medium,IT,Unemployed,2461.0,19,28,Own,10,7,5
1970,Gen X,Germany,High,IT,Employed,2292.0,17,23,Rent,6,6,3
1971,Gen X,France,Medium,IT,Employed,91.0,20,23,Rent,7,5,5
1990,Millennial,Poland,Medium,Retail,Employed,3049.0,21,24,Own,2,9,10
1998,Gen Z,Sweden,Low,Unemployed,Employed,2077.0,22,4,With parents,2,4,4
1987,Millennial,Czechia,Medium,Education,Employed,1125.0,21,10,Rent,9,10,3
1971,Gen X,Italy,High,IT,Inactive,3592.0,19,21,Rent,5,3,8
1986,Millennial,France,Low,Retail,Unemployed,1567.0,19,14,With parents,7,7,4
1995,Millennial,France,Medium,Manufacturing,Employed,1518.0,22,8,Own,1,7,10
1994,Millennial,Poland,Medium,Unemployed,Employed,579.0,16,5,Rent,4,2,4
1950,Baby Boomer,Sweden,Low,Education,Employed,2736.0,18,25,Own,2,9,8
2003,Gen Z,Germany,Medium,Retail,Employed,2238.0,25,5,With parents,5,8,5
1959,Baby Boomer,Sweden,Low,Construction,Unemployed,636.0,29,31,With parents,1,1,5
1997,Gen Z,France,Medium,Manufacturing,Employed,2421.0,29,19,Own,10,2,5
1974,Gen X,Poland,Medium,Construction,Employed,2945.0,17,34,With parents,7,2,6
1986,Millennial,Germany,High,Education,Employed,2616.0,17,2,Own,2,8,5
1981,Millennial,Sweden,High,Retail,Employed,3392.0,22,17,Rent,3,3,1
2002,Gen Z,Czechia,Medium,Manufacturing,Inactive,1656.0,20,34,Own,5,7,1
1981,Millennial,Sweden,Low,Retail,Unemployed,3791.0,28,9,Own,9,10,6
1986,Millennial,Czechia,High,Manufacturing,Unemployed,2203.0,27,35,Own,10,6,2
2004,Gen Z,Sweden,Medium,IT,Employed,2920.0,29,29,Rent,4,2,3
1981,Millennial,Netherlands,Low,IT,Employed,3350.0,18,25,With parents,8,9,6
1979,Gen X,Germany,High,Unemployed,Unemployed,4585.0,24,29,Rent,8,9,2
1967,Gen X,Sweden,Low,Education,Inactive,1227.0,29,30,Own,10,7,6
1950,Baby Boomer,Netherlands,Medium,Manufacturing,Employed,1535.0,24,3,Rent,4,4,6
1948,Baby Boomer,Italy,Medium,IT,Inactive,2371.0,18,23,With parents,4,1,2
1962,Baby Boomer,Poland,Medium,Education,Employed,1866.0,17,0,Rent,2,8,10
2004,Gen Z,Sweden,High,Healthcare,Employed,1478.0,18,25,Own,8,9,2
1953,Baby Boomer,Czechia,Medium,IT,Employed,828.0,24,28,Rent,1,8,7
1993,Millennial,Germany,Low,IT,Employed,2313.0,28,35,Rent,5,2,9
1973,Gen X,Czechia,High,Finance,Unemployed,2916.0,23,8,Own,8,7,1
1957,Baby Boomer,Netherlands,High,Retail,Employed,2517.0,18,31,Own,6,10,8
2003,Gen Z,Netherlands,Medium,Healthcare,Inactive,733.0,19,17,With parents,10,1,4
1991,Millennial,Italy,Medium,Manufacturing,Employed,754.0,20,23,Rent,4,5,6
1996,Millennial,Czechia,Low,Education,Employed,2255.0,19,17,With parents,9,8,3
1961,Baby Boomer,Spain,High,Healthcare,Unemployed,1985.0,27,7,Own,3,9,10
1989,Millennial,Poland,Low,Manufacturing,Employed,1914.0,26,10,Own,9,10,1
1976,Gen X,Czechia,Low,IT,Unemployed,1950.0,27,34,With parents,1,3,1
1992,Millennial,Spain,Medium,Construction,Employed,1752.0,29,23,With parents,4,8,5
1966,Gen X,Germany,Low,Finance,Employed,2334.0,17,12,Rent,10,3,4
1948,Baby Boomer,Poland,Low,Unemployed,Employed,3191.0,26,30,With parents,3,8,8
1949,Baby Boomer,Czechia,Medium,Construction,Inactive,1359.0,24,29,Rent,2,5,3
1981,Millennial,Italy,Low,Unemployed,Employed,2608.0,17,28,Own,4,7,3
1985,Millennial,Germany,Low,Education,Employed,2274.0,20,5,Own,4,6,2
1993,Millennial,Poland,Low,Education,Unemployed,595.0,26,2,Rent,9,5,9
1957,Baby Boomer,Czechia,Low,Healthcare,Employed,1610.0,24,27,Rent,10,2,5
1978,Gen X,Czechia,High,Unemployed,Unemployed,2209.0,23,9,Own,6,9,9
1989,Millennial,Poland,High,Retail,Employed,4148.0,16,33,Rent,6,7,7
1966,Gen X,Spain,Medium,Manufacturing,Employed,1547.0,18,0,With parents,6,7,8
1997,Gen Z,Germany,Medium,Unemployed,Employed,1651.0,25,11,Rent,6,5,7
2003,Gen Z,Italy,Low,Finance,Employed,2572.0,29,35,Own,8,3,5
1967,Gen X,Italy,Low,Unemployed,Employed,2098.0,24,31,Rent,4,9,2
1995,Millennial,Germany,Medium,Unemployed,Employed,1064.0,18,10,With parents,1,10,8
1947,Baby Boomer,Germany,Medium,Finance,Employed,638.0,26,0,Rent,3,8,5
1986,Millennial,Netherlands,High,Construction,Employed,525.0,29,5,Rent,8,6,8
1978,Gen X,France,Medium,Healthcare,Employed,2965.0,19,26,Rent,1,2,5
1976,Gen X,Czechia,Medium,Unemployed,Employed,1273.0,18,14,Own,5,7,1
1989,Millennial,Spain,Low,Retail,Employed,4333.0,22,9,Rent,2,5,10
1995,Millennial,Germany,High,Retail,Unemployed,1725.0,24,23,With parents,10,8,9
2002,Gen Z,Germany,Medium,Retail,Employed,2894.0,19,7,Own,4,6,5
1993,Millennial,France,High,Education,Employed,1154.0,24,16,Rent,3,10,2
1965,Gen X,France,Medium,Manufacturing,Employed,2371.0,17,23,Own,1,9,4
1990,Millennial,Poland,High,Manufacturing,Employed,3472.0,17,12,Rent,5,8,1
1988,Millennial,Sweden,High,Construction,Employed,1885.0,24,8,Own,9,7,4
1965,Gen X,Italy,High,Unemployed,Unemployed,1223.0,22,5,Rent,3,1,5
1988,Millennial,Spain,Medium,Healthcare,Inactive,1865.0,20,28,With parents,1,10,2
1955,Baby Boomer,Poland,Medium,IT,Unemployed,2005.0,20,22,Own,1,9,6
1983,Millennial,Germany,Medium,Healthcare,Employed,1313.0,28,21,Rent,1,8,4
1948,Baby Boomer,Czechia,High,Unemployed,Employed,3688.0,24,20,Rent,4,1,5
1995,Millennial,France,Medium,Manufacturing,Inactive,2217.0,26,16,Rent,5,1,10
1945,Baby Boomer,Netherlands,Low,Unemployed,Employed,3352.0,19,33,Own,8,3,10
1972,Gen X,Italy,Medium,Construction,Inactive,3167.0,26,25,Own,10,3,5
1968,Gen X,Poland,Low,Education,Employed,3731.0,29,24,Rent,7,2,4
1979,Gen X,Netherlands,Medium,Unemployed,Inactive,1067.0,16,2,Rent,10,8,1
1957,Baby Boomer,Italy,Medium,Healthcare,Inactive,2780.0,21,2,Rent,4,5,5
1991,Millennial,Sweden,Medium,Construction,Employed,1747.0,29,13,Own,2,1,4
1978,Gen X,Sweden,Low,IT,Employed,2072.0,18,9,With parents,2,1,6
1955,Baby Boomer,Netherlands,High,Finance,Employed,1227.0,29,1,With parents,2,2,7
1980,Gen X,France,High,Healthcare,Inactive,4293.0,17,6,Rent,1,7,4
1995,Millennial,Poland,High,Unemployed,Inactive,1538.0,19,13,Own,6,9,3
1961,Baby Boomer,Poland,Medium,Construction,Employed,2788.0,24,16,Rent,4,9,1
1979,Gen X,Sweden,High,Retail,Employed,1043.0,23,9,Rent,3,9,2
2004,Gen Z,Italy,Medium,IT,Unemployed,1971.0,27,34,Own,1,10,1
1962,Baby Boomer,Netherlands,Low,Retail,Employed,3155.0,28,26,With parents,7,6,9
1984,Millennial,France,Low,Education,Unemployed,2513.0,28,2,Own,9,5,4
1966,Gen X,Germany,Medium,Manufacturing,Unemployed,1353.0,22,24,Rent,4,10,7
2001,Gen Z,Poland,Low,Healthcare,Inactive,1556.0,17,6,With parents,1,10,6
1968,Gen X,Czechia,High,Construction,Employed,2347.0,16,12,Own,3,8,1
2002,Gen Z,Germany,Low,Healthcare,Employed,2184.0,28,24,With parents,9,6,2
1963,Baby Boomer,France,Medium,Retail,Employed,1018.0,27,28,Own,1,8,4
1981,Millennial,Sweden,Medium,Retail,Inactive,1857.0,22,18,Own,1,1,6
1983,Millennial,Czechia,Medium,Manufacturing,Employed,2069.0,27,21,With parents,5,4,5
1965,Gen X,Poland,Medium,Construction,Employed,2712.0,25,1,With parents,5,10,3
1952,Baby Boomer,Poland,Low,Healthcare,Employed,3112.0,29,21,Rent,8,5,9
1972,Gen X,Netherlands,High,Construction,Employed,2804.0,20,34,Rent,1,4,7
1949,Baby Boomer,Czechia,Medium,Manufacturing,Unemployed,2506.0,26,33,With parents,8,6,6
1961,Baby Boomer,Germany,Medium,Retail,Unemployed,2526.0,23,4,Rent,2,7,5
1981,Millennial,Sweden,High,Unemployed,Employed,2629.0,20,26,Rent,1,8,8
1980,Gen X,Netherlands,High,Finance,Employed,3061.0,25,17,Own,8,8,8
1998,Gen Z,Spain,High,Construction,Inactive,3723.0,20,2,Rent,10,5,10
1963,Baby Boomer,Germany,Medium,Retail,Employed,1325.0,23,20,Own,2,8,10
1971,Gen X,Germany,Medium,IT,Employed,1797.0,24,23,Rent,5,3,10
1997,Gen Z,Spain,Medium,Retail,Employed,3109.0,17,25,With parents,10,3,10
1978,Gen X,France,High,Retail,Employed,1304.0,23,19,Own,6,1,5
1955,Baby Boomer,Czechia,High,Construction,Employed,1034.0,22,12,Rent,3,10,1
1998,Gen Z,Czechia,Low,Finance,Employed,1623.0,23,5,With parents,9,1,3
1989,Millennial,France,Medium,Manufacturing,Employed,2266.0,18,25,Own,9,1,4
1991,Millennial,Poland,High,IT,Employed,1769.0,19,29,Rent,8,10,1
1956,Baby Boomer,Italy,Medium,IT,Employed,2533.0,22,13,With parents,7,3,1
1998,Gen Z,Netherlands,Medium,Healthcare,Inactive,1944.0,20,29,Own,5,8,4
1965,Gen X,Italy,Medium,Finance,Employed,1889.0,22,14,Rent,10,9,4
1998,Gen Z,Poland,Medium,Unemployed,Employed,698.0,21,18,Rent,2,3,7
1955,Baby Boomer,Czechia,High,Education,Employed,2739.0,19,10,Own,3,8,6
1983,Millennial,Italy,Medium,Healthcare,Unemployed,2751.0,17,19,With parents,5,10,1
1972,Gen X,Germany,Low,Healthcare,Employed,2032.0,27,24,Own,8,1,1
1949,Baby Boomer,Germany,Low,Unemployed,Inactive,2334.0,21,29,With parents,1,3,6
1961,Baby Boomer,Spain,Low,Healthcare,Employed,2332.0,21,22,With parents,1,1,7
2000,Gen Z,Spain,Medium,IT,Employed,3146.0,29,16,Own,7,10,2
1964,Baby Boomer,Poland,Medium,Manufacturing,Employed,2400.0,21,0,With parents,1,9,3
1985,Millennial,Poland,Low,Construction,Employed,998.0,16,13,Rent,3,3,2
1990,Millennial,Sweden,Medium,Unemployed,Employed,3917.0,21,17,Own,8,10,6
2002,Gen Z,Poland,High,Retail,Employed,3360.0,17,15,With parents,9,10,1
1956,Baby Boomer,Germany,Medium,IT,Employed,2245.0,25,9,Rent,5,5,7
1950,Baby Boomer,Italy,Medium,Retail,Employed,2339.0,20,8,With parents,6,10,10
1961,Baby Boomer,Netherlands,High,Unemployed,Inactive,2460.0,22,13,Own,8,10,2
1995,Millennial,Sweden,Medium,Retail,Unemployed,1506.0,25,1,Rent,3,7,5
1963,Baby Boomer,Sweden,High,Education,Employed,3203.0,16,20,With parents,1,9,1
1970,Gen X,Czechia,Medium,Construction,Employed,3109.0,20,1,Own,9,7,10
1992,Millennial,Sweden,High,Healthcare,Employed,2122.0,24,5,With parents,2,1,10
1988,Millennial,Poland,High,Education,Employed,2805.0,18,10,Own,9,7,7
1988,Millennial,Poland,Medium,Healthcare,Employed,3139.0,28,2,Rent,2,7,5
1996,Millennial,Germany,High,IT,Employed,2404.0,17,10,Own,8,2,5
1976,Gen X,Netherlands,High,Retail,Employed,1272.0,25,3,Rent,3,7,8
1950,Baby Boomer,Germany,Medium,Education,Unemployed,2817.0,17,14,With parents,9,2,8
1999,Gen Z,Netherlands,Low,Unemployed,Employed,2251.0,18,25,With parents,10,1,8
2002,Gen Z,Germany,Medium,Unemployed,Employed,1215.0,16,35,Rent,4,9,3
1980,Gen X,Italy,High,Finance,Employed,3131.0,17,14,With parents,8,10,8
1982,Millennial,Czechia,Medium,IT,Inactive,2413.0,21,21,Rent,4,10,5
1955,Baby Boomer,Poland,Low,IT,Unemployed,1993.0,23,9,With parents,3,5,1
1977,Gen X,France,Low,Unemployed,Employed,4065.0,19,19,With parents,1,7,4
1968,Gen X,France,Medium,Finance,Employed,1709.0,29,31,Own,4,10,5
1967,Gen X,Czechia,Medium,Healthcare,Employed,1351.0,17,8,Own,2,6,8
1959,Baby Boomer,Poland,Medium,Retail,Employed,2341.0,20,30,Own,9,8,10
1971,Gen X,Sweden,High,Healthcare,Employed,2060.0,28,30,Rent,2,10,2
1955,Baby Boomer,Poland,Medium,Healthcare,Inactive,1697.0,27,27,Own,8,3,6
2001,Gen Z,Poland,Low,IT,Employed,3468.0,18,10,Own,10,4,4
1995,Millennial,Czechia,Low,Unemployed,Employed,1190.0,20,35,Own,10,2,3
1994,Millennial,Poland,Low,Healthcare,Unemployed,2479.0,18,3,With parents,7,5,9
1961,Baby Boomer,Sweden,Medium,Manufacturing,Unemployed,2279.0,26,13,Rent,6,10,5
1995,Millennial,Netherlands,Medium,Finance,Employed,2190.0,19,28,Own,4,1,2
1997,Gen Z,Czechia,Medium,Construction,Employed,3240.0,20,27,Own,3,5,3
1958,Baby Boomer,Italy,Low,Finance,Employed,4049.0,29,24,Own,10,8,9
1971,Gen X,France,Low,Retail,Employed,2200.0,22,22,With parents,5,6,8
1962,Baby Boomer,Czechia,Low,Finance,Inactive,2999.0,17,32,Rent,2,10,6
1972,Gen X,Spain,High,Unemployed,Inactive,2237.0,21,29,Own,2,9,8
1995,Millennial,France,Medium,Healthcare,Unemployed,2271.0,21,8,Own,8,6,1
1991,Millennial,France,High,Healthcare,Employed,2606.0,21,24,Own,3,9,2
1991,Millennial,Sweden,High,Education,Unemployed,2352.0,22,17,With parents,7,6,6
1948,Baby Boomer,Germany,Medium,Retail,Employed,1380.0,26,6,With parents,6,3,5
1951,Baby Boomer,Poland,High,Retail,Employed,3398.0,18,23,Own,8,3,1
1989,Millennial,Poland,Low,Finance,Employed,2605.0,28,20,With parents,3,1,4
1979,Gen X,Poland,Medium,Healthcare,Employed,2158.0,20,34,Rent,1,10,8
1992,Millennial,Germany,Medium,Manufacturing,Inactive,1636.0,29,10,Own,6,8,9
1953,Baby Boomer,Sweden,High,Unemployed,Employed,2463.0,27,1,Rent,6,7,1
1952,Baby Boomer,Czechia,Low,Unemployed,Employed,1981.0,24,14,Rent,8,5,2
1996,Millennial,Italy,High,Education,Employed,2364.0,29,14,Rent,10,4,3
1989,Millennial,Italy,Low,Manufacturing,Unemployed,2030.0,29,4,With parents,3,3,7
1961,Baby Boomer,Sweden,High,Unemployed,Employed,1452.0,24,15,With parents,9,3,5
1961,Baby Boomer,Spain,Medium,Healthcare,Employed,3649.0,22,20,Rent,6,9,2
1993,Millennial,Italy,Medium,Retail,Unemployed,1351.0,24,8,With parents,1,1,3
1977,Gen X,Sweden,Medium,Retail,Employed,1497.0,18,6,With parents,3,4,8
1976,Gen X,Czechia,Medium,Construction,Employed,2810.0,27,26,Own,4,9,4
1952,Baby Boomer,Italy,Medium,Unemployed,Employed,2479.0,22,16,Own,3,9,10
1963,Baby Boomer,Poland,High,Manufacturing,Employed,2795.0,16,1,Own,6,10,9
1982,Millennial,Netherlands,Low,Construction,Inactive,2653.0,29,25,Own,7,9,6
1947,Baby Boomer,Sweden,High,Construction,Employed,1522.0,28,7,Rent,2,3,8
2003,Gen Z,France,Medium,IT,Inactive,2803.0,29,15,With parents,6,5,10
1949,Baby Boomer,Italy,High,Unemployed,Employed,1621.0,22,19,Rent,4,4,6
1957,Baby Boomer,Italy,Medium,Unemployed,Inactive,3148.0,18,31,Own,1,10,2
1991,Millennial,Germany,Medium,Healthcare,Employed,1302.0,18,31,Own,2,4,10
1990,Millennial,Spain,High,Retail,Employed,1486.0,29,34,With parents,5,4,8
1975,Gen X,Netherlands,Medium,Finance,Employed,1512.0,22,14,With parents,9,6,7
1999,Gen Z,Czechia,Medium,IT,Employed,2479.0,23,31,With parents,5,8,4
1960,Baby Boomer,Germany,Low,Retail,Employed,2153.0,28,29,Own,8,3,6
1994,Millennial,Poland,Low,Finance,Employed,2303.0,19,18,With parents,10,2,9
1976,Gen X,France,Medium,Retail,Employed,2094.0,27,23,With parents,2,8,1
1966,Gen X,Spain,High,IT,Employed,2152.0,16,1,Own,5,9,9
1973,Gen X,Germany,Medium,Manufacturing,Employed,1766.0,20,20,Rent,1,7,10
1966,Gen X,Sweden,Low,Healthcare,Employed,840.0,25,15,Rent,2,4,4
1987,Millennial,Italy,Medium,Construction,Unemployed,944.0,19,35,Own,3,7,1
1947,Baby Boomer,Italy,Medium,IT,Employed,1479.0,24,1,Rent,8,2,8
1998,Gen Z,Spain,Medium,IT,Inactive,1910.0,18,15,Own,10,3,8
1954,Baby Boomer,Italy,High,Construction,Employed,3518.0,19,28,Rent,3,10,9
1986,Millennial,Sweden,High,Unemployed,Inactive,1283.0,25,6,With parents,4,2,10
1965,Gen X,Germany,Low,Retail,Employed,1217.0,18,14,Rent,4,8,1
1960,Baby Boomer,Germany,High,Unemployed,Inactive,562.0,18,22,Own,9,2,2
1956,Baby Boomer,Italy,Medium,Finance,Employed,2651.0,22,4,Own,4,10,6
1946,Baby Boomer,Italy,High,Construction,Unemployed,2008.0,20,0,Rent,9,7,5
1985,Millennial,Poland,Low,IT,Unemployed,1035.0,20,4,Own,8,2,3
1968,Gen X,France,Medium,Unemployed,Employed,2174.0,29,12,Rent,4,2,3
1979,Gen X,Czechia,Low,Healthcare,Employed,1675.0,19,25,Own,3,10,9
2000,Gen Z,Spain,Medium,Construction,Unemployed,3366.0,25,12,With parents,2,3,1
1974,Gen X,Germany,Low,Construction,Employed,1597.0,28,31,Rent,8,3,4
2001,Gen Z,Spain,Low,Manufacturing,Employed,3728.0,23,28,Rent,8,6,7
1974,Gen X,Poland,Low,Finance,Employed,2355.0,16,17,With parents,1,10,5
1991,Millennial,Germany,Low,Unemployed,Employed,1845.0,26,1,Own,7,4,9
1979,Gen X,Poland,Low,Manufacturing,Unemployed,1969.0,24,26,Rent,8,9,10
1963,Baby Boomer,Poland,Medium,Unemployed,Employed,2464.0,26,2,With parents,7,10,8
1994,Millennial,Netherlands,Low,Manufacturing,Employed,1959.0,24,29,Own,3,5,1
1952,Baby Boomer,Italy,Medium,Healthcare,Employed,1367.0,26,9,With parents,4,8,8
1970,Gen X,Sweden,Low,Retail,Employed,2768.0,20,8,With parents,5,10,10
1993,Millennial,Netherlands,High,Finance,Inactive,3092.0,16,2,Rent,1,3,10
1984,Millennial,Czechia,High,Finance,Employed,3124.0,27,21,Own,10,9,5
1951,Baby Boomer,Spain,Low,Unemployed,Employed,2056.0,27,10,Rent,3,4,6
1974,Gen X,Sweden,Medium,Construction,Employed,3183.0,17,5,Own,6,3,1
1951,Baby Boomer,Spain,Low,Healthcare,Unemployed,2484.0,17,4,Own,3,9,5
1947,Baby Boomer,Italy,High,Unemployed,Employed,1937.0,21,29,With parents,5,4,4
1945,Baby Boomer,Sweden,Medium,Finance,Employed,1695.0,25,13,With parents,4,6,9
1980,Gen X,Netherlands,Low,IT,Employed,3029.0,24,1,Rent,2,7,4
1969,Gen X,Spain,Medium,Education,Employed,685.0,18,32,Own,4,1,6
1981,Millennial,Netherlands,Low,Construction,Employed,3450.0,29,7,With parents,4,1,10
1945,Baby Boomer,Italy,Medium,Education,Employed,2313.0,23,9,Own,3,2,3
1959,Baby Boomer,Sweden,Medium,Education,Unemployed,1663.0,17,20,With parents,8,10,9
1981,Millennial,Sweden,Medium,Manufacturing,Inactive,1557.0,20,18,With parents,6,2,8
1957,Baby Boomer,Germany,Medium,Unemployed,Unemployed,1801.0,27,34,Rent,1,4,9
1984,Millennial,Poland,Low,Finance,Employed,2835.0,19,17,Own,9,1,10
1952,Baby Boomer,Poland,Low,Unemployed,Employed,2480.0,20,6,With parents,3,10,6
1949,Baby Boomer,Netherlands,Low,Construction,Employed,1787.0,19,12,Own,4,7,8
2004,Gen Z,Sweden,High,Healthcare,Unemployed,1713.0,16,11,Own,10,6,1
1953,Baby Boomer,Spain,Low,Finance,Employed,2483.0,28,23,Own,10,6,1
1945,Baby Boomer,Netherlands,Medium,Healthcare,Inactive,4669.0,16,17,With parents,7,9,10
1980,Gen X,Netherlands,Medium,Unemployed,Employed,4660.0,21,11,Own,5,4,4
1979,Gen X,France,Low,Finance,Unemployed,3146.0,23,2,Rent,4,8,1
1946,Baby Boomer,Czechia,Medium,Construction,Employed,1503.0,22,24,Rent,2,2,7
1984,Millennial,Sweden,Medium,Unemployed,Employed,2879.0,19,34,With parents,5,8,4
1967,Gen X,Poland,Medium,Construction,Employed,1530.0,28,15,Rent,8,10,1
1953,Baby Boomer,Sweden,Medium,Manufacturing,Inactive,1994.0,20,12,Rent,2,6,1
1978,Gen X,Italy,Medium,Construction,Inactive,3429.0,23,23,With parents,1,8,6
1990,Millennial,Netherlands,Medium,IT,Unemployed,1980.0,29,11,Own,6,3,6
1958,Baby Boomer,France,Medium,Education,Employed,1945.0,21,1,With parents,1,4,6
1948,Baby Boomer,France,Medium,Education,Inactive,1745.0,23,25,With parents,9,6,9
1974,Gen X,Poland,Low,Finance,Employed,1465.0,21,9,Rent,8,1,7
1975,Gen X,Poland,Medium,Manufacturing,Employed,1964.0,28,18,With parents,4,1,7
1982,Millennial,Poland,Low,Education,Employed,2866.0,23,21,Own,7,8,1
1955,Baby Boomer,Italy,Low,Finance,Employed,2809.0,27,23,With parents,10,6,8
1979,Gen X,France,Medium,Construction,Employed,2464.0,27,25,With parents,4,4,6
1952,Baby Boomer,Spain,High,Retail,Unemployed,3259.0,19,4,Own,6,5,5
1947,Baby Boomer,Italy,High,Finance,Employed,648.0,25,15,With parents,10,7,6
1958,Baby Boomer,Germany,Low,Healthcare,Employed,2247.0,17,33,Own,7,8,9
2004,Gen Z,Czechia,Medium,Education,Employed,1562.0,18,27,Own,9,10,4
1957,Baby Boomer,Czechia,Medium,Education,Employed,3986.0,20,11,Rent,2,7,7
1989,Millennial,Netherlands,Low,Retail,Employed,1970.0,19,20,With parents,10,7,3
1976,Gen X,Czechia,High,Construction,Employed,2867.0,20,31,Own,8,7,2
1978,Gen X,Poland,High,IT,Employed,3098.0,29,24,With parents,9,4,3
1989,Millennial,France,High,Unemployed,Employed,1864.0,16,13,Rent,4,5,7
1963,Baby Boomer,Czechia,Low,Finance,Employed,3037.0,16,34,Rent,8,10,6
2003,Gen Z,Netherlands,Low,IT,Employed,3138.0,27,8,Rent,10,7,3
1982,Millennial,Czechia,High,Finance,Employed,2911.0,17,29,Own,5,3,4
1960,Baby Boomer,Sweden,Medium,Retail,Employed,1730.0,26,28,Rent,9,5,1
1946,Baby Boomer,Italy,High,IT,Employed,912.0,17,30,With parents,2,7,7
1984,Millennial,Germany,Low,Manufacturing,Employed,4125.0,28,13,With parents,1,2,5
1961,Baby Boomer,Sweden,Medium,Retail,Employed,1938.0,23,16,Own,10,7,1
1999,Gen Z,Italy,Medium,Construction,Employed,3104.0,25,24,With parents,6,6,4
1978,Gen X,Italy,Low,Unemployed,Employed,1782.0,19,26,Own,4,8,4
1986,Millennial,Spain,Medium,Finance,Unemployed,4088.0,29,17,Rent,6,7,7
2004,Gen Z,Czechia,Medium,Healthcare,Employed,1752.0,21,28,Own,7,4,6
1960,Baby Boomer,Netherlands,Low,Construction,Inactive,2291.0,17,17,Own,9,5,10
1982,Millennial,Spain,Medium,Construction,Unemployed,4290.0,16,3,With parents,1,10,10
2004,Gen Z,Italy,Medium,Healthcare,Unemployed,762.0,27,19,With parents,3,10,4
1946,Baby Boomer,Czechia,Medium,Healthcare,Employed,3286.0,22,0,Rent,2,6,5
1946,Baby Boomer,Germany,High,Finance,Unemployed,2177.0,19,23,With parents,5,2,2
1970,Gen X,France,Medium,Construction,Employed,2837.0,19,23,With parents,10,10,7
1957,Baby Boomer,France,Medium,Education,Employed,1887.0,17,4,With parents,8,6,9
2000,Gen Z,Czechia,High,Retail,Employed,3672.0,24,25,With parents,5,10,9
1991,Millennial,Sweden,High,Retail,Inactive,1469.0,17,17,With parents,8,9,7
1975,Gen X,Netherlands,Low,Unemployed,Employed,2233.0,20,35,Rent,3,8,7
2004,Gen Z,Poland,High,IT,Inactive,3042.0,21,0,Rent,10,5,8
1978,Gen X,Poland,Low,Retail,Employed,1462.0,18,9,Rent,1,5,5
1983,Millennial,France,Low,Unemployed,Inactive,2315.0,26,16,Rent,4,10,1
1947,Baby Boomer,Italy,Medium,Unemployed,Inactive,1277.0,29,34,Rent,3,10,10
1952,Baby Boomer,Italy,Medium,Construction,Inactive,1838.0,18,3,With parents,8,2,10
1967,Gen X,Spain,High,Retail,Employed,4562.0,21,26,Own,8,10,10
1958,Baby Boomer,Czechia,High,Construction,Inactive,3407.0,20,10,Rent,8,3,3
2000,Gen Z,Netherlands,High,IT,Inactive,2800.0,20,2,Own,3,9,3
1999,Gen Z,Czechia,High,Retail,Employed,2532.0,20,27,Rent,8,7,3
1971,Gen X,Czechia,Medium,Retail,Employed,791.0,24,10,Own,6,8,5
1998,Gen Z,Spain,Medium,Unemployed,Unemployed,2032.0,23,2,With parents,8,9,7
1973,Gen X,Poland,High,Manufacturing,Employed,3030.0,19,35,With parents,9,3,9
1983,Millennial,Czechia,High,Finance,Unemployed,1802.0,21,2,With parents,1,5,4
1997,Gen Z,France,High,IT,Employed,2525.0,20,24,Own,1,4,8
1983,Millennial,Sweden,High,Manufacturing,Employed,1297.0,26,11,Rent,4,4,10
1945,Baby Boomer,Czechia,Low,Education,Employed,1221.0,21,11,With parents,1,5,6
1961,Baby Boomer,Italy,High,IT,Employed,4253.0,26,31,Own,9,5,3
1985,Millennial,Czechia,High,Construction,Employed,4116.0,23,9,Rent,9,4,10
1974,Gen X,France,High,Finance,Unemployed,2123.0,21,18,With parents,7,6,5
1997,Gen Z,Germany,Low,Retail,Employed,1500.0,21,6,Rent,2,7,8
1957,Baby Boomer,France,Medium,Construction,Unemployed,1352.0,17,23,Rent,4,8,1
1965,Gen X,Germany,Medium,Retail,Unemployed,2561.0,22,31,With parents,4,3,3
1963,Baby Boomer,Spain,Low,Manufacturing,Employed,3941.0,27,22,With parents,10,4,8
1997,Gen Z,Spain,Medium,Manufacturing,Employed,1571.0,28,18,Rent,5,1,7
1963,Baby Boomer,Poland,Medium,Education,Employed,2379.0,27,2,With parents,5,1,1
2001,Gen Z,France,Medium,Education,Employed,2334.0,28,24,With parents,8,5,4
1969,Gen X,France,Medium,Finance,Employed,3699.0,18,24,With parents,3,1,5
1966,Gen X,Germany,Medium,Retail,Employed,2453.0,27,5,Own,7,9,5
1975,Gen X,Spain,Medium,Construction,Inactive,944.0,27,32,With parents,1,3,5
1961,Baby Boomer,Germany,Medium,Healthcare,Employed,2877.0,28,32,With parents,1,10,4
1999,Gen Z,Spain,Medium,Construction,Employed,2354.0,28,14,Rent,3,9,9
1967,Gen X,Germany,Low,Unemployed,Inactive,1420.0,22,19,Rent,1,5,1
1976,Gen X,Spain,Low,Education,Inactive,3154.0,27,31,With parents,1,2,7
1954,Baby Boomer,Germany,Low,Retail,Inactive,1918.0,29,23,Rent,3,9,1
1954,Baby Boomer,Sweden,Medium,Construction,Unemployed,2500.0,20,2,Own,9,7,3
1980,Gen X,Spain,High,Construction,Employed,2330.0,19,3,With parents,5,6,10
1952,Baby Boomer,Netherlands,Low,Education,Inactive,1931.0,25,5,Rent,4,1,5
1998,Gen Z,Germany,Low,Unemployed,Inactive,1470.0,27,18,Rent,7,3,8
1996,Millennial,France,High,Construction,Employed,2704.0,16,25,With parents,2,5,7
1964,Baby Boomer,Poland,Medium,Construction,Employed,1102.0,27,24,Rent,6,5,7
1976,Gen X,Netherlands,High,IT,Employed,3036.0,23,24,Rent,10,5,5
1994,Millennial,Netherlands,High,Unemployed,Employed,1431.0,29,9,Rent,1,3,10
1958,Baby Boomer,Germany,Medium,Manufacturing,Employed,1152.0,17,19,With parents,4,4,7
1994,Millennial,Poland,Medium,Retail,Employed,3462.0,25,4,With parents,6,6,10
1972,Gen X,France,Medium,Construction,Employed,2285.0,23,34,Rent,10,3,3
1990,Millennial,Netherlands,Low,Education,Employed,486.0,29,4,Rent,4,8,4
1996,Millennial,France,Low,Manufacturing,Employed,2188.0,22,34,Rent,7,3,4
1997,Gen Z,Spain,Low,Unemployed,Unemployed,2750.0,18,2,With parents,3,4,2
1968,Gen X,Czechia,High,Construction,Employed,2775.0,29,31,Rent,3,6,5
1959,Baby Boomer,Sweden,Medium,Construction,Employed,1504.0,26,35,Rent,10,7,9
1966,Gen X,Czechia,Low,Healthcare,Employed,1631.0,22,29,Rent,8,3,2
1974,Gen X,Czechia,Medium,Education,Employed,2347.0,16,28,Own,2,9,1
1948,Baby Boomer,Poland,Medium,Retail,Employed,3135.0,20,25,Own,1,5,10
1957,Baby Boomer,Sweden,Medium,IT,Employed,1016.0,28,24,Rent,5,5,8
2003,Gen Z,Italy,Low,Manufacturing,Unemployed,1068.0,17,11,Rent,7,9,5
1967,Gen X,Spain,Medium,Unemployed,Employed,3434.0,17,17,Own,4,3,4
1952,Baby Boomer,Poland,High,Manufacturing,Employed,3296.0,18,25,Rent,8,2,3
1962,Baby Boomer,Germany,Low,IT,Employed,1352.0,22,14,Rent,1,3,7
1956,Baby Boomer,Sweden,Medium,Retail,Employed,1851.0,17,4,With parents,5,5,7
1999,Gen Z,Germany,Low,Finance,Inactive,4097.0,19,32,Own,2,7,9
1975,Gen X,France,Low,Unemployed,Employed,2992.0,19,8,Own,3,7,4
1958,Baby Boomer,Czechia,Medium,Healthcare,Unemployed,2156.0,16,31,Own,6,3,3
1978,Gen X,Netherlands,High,Finance,Employed,3228.0,22,12,With parents,2,10,6
1962,Baby Boomer,Sweden,High,Unemployed,Unemployed,1766.0,19,27,With parents,8,9,6
2000,Gen Z,Italy,Low,Construction,Inactive,2342.0,16,22,Own,4,8,5
1978,Gen X,Germany,Medium,IT,Unemployed,1921.0,18,23,With parents,10,5,2
1955,Baby Boomer,Poland,Medium,Healthcare,Inactive,2837.0,23,30,With parents,7,2,2
1985,Millennial,Sweden,Medium,Retail,Employed,2832.0,19,4,With parents,5,10,5
1956,Baby Boomer,Sweden,Medium,Education,Inactive,2401.0,16,1,Rent,7,10,3
1993,Millennial,Netherlands,Low,Education,Employed,2654.0,22,29,Own,7,4,3
1959,Baby Boomer,Netherlands,Medium,Unemployed,Inactive,3223.0,23,4,Rent,10,8,10
2001,Gen Z,Poland,Medium,Unemployed,Employed,2620.0,20,9,Own,2,8,8
1975,Gen X,Netherlands,High,Finance,Employed,2403.0,24,35,With parents,6,1,1
1993,Millennial,Germany,High,Retail,Unemployed,2584.0,29,35,Own,8,1,5
2002,Gen Z,Poland,Low,Healthcare,Employed,3291.0,22,6,Own,8,4,5
1973,Gen X,Czechia,Low,Unemployed,Employed,1368.0,19,28,Rent,9,6,9
1970,Gen X,Poland,High,Unemployed,Unemployed,2574.0,24,31,Rent,5,3,1
1962,Baby Boomer,France,Medium,Finance,Employed,502.0,21,26,With parents,10,1,1
1976,Gen X,Italy,High,IT,Employed,1945.0,26,0,With parents,3,4,3
1966,Gen X,Sweden,Low,Finance,Employed,3897.0,23,19,Rent,5,6,6
1982,Millennial,France,Medium,Retail,Employed,1489.0,17,33,Own,6,5,9
1961,Baby Boomer,Italy,Medium,Construction,Employed,732.0,20,35,Own,9,1,10
1967,Gen X,Poland,High,Retail,Employed,1349.0,18,25,With parents,9,4,7
1968,Gen X,Sweden,Low,Education,Employed,2841.0,20,22,With parents,4,6,10
1994,Millennial,Netherlands,Low,IT,Employed,2082.0,23,32,With parents,10,10,9
1952,Baby Boomer,Italy,Medium,Education,Employed,1294.0,28,0,Own,5,6,2
1985,Millennial,Poland,High,Healthcare,Unemployed,3287.0,21,2,Own,8,6,5
1950,Baby Boomer,Poland,High,Healthcare,Employed,2585.0,16,34,With parents,9,9,1
1949,Baby Boomer,France,High,Manufacturing,Unemployed,1159.0,22,34,Own,1,8,8
1988,Millennial,France,High,Retail,Employed,2001.0,25,12,Own,3,7,3
2001,Gen Z,Netherlands,Low,IT,Employed,4119.0,16,32,Own,4,10,7
1973,Gen X,Czechia,Low,IT,Employed,1921.0,16,12,Own,9,4,1
1972,Gen X,Spain,Low,Education,Unemployed,675.0,19,21,Own,1,3,6
1955,Baby Boomer,Germany,Medium,Finance,Unemployed,2623.0,24,4,Own,10,3,9
2001,Gen Z,Spain,High,Finance,Inactive,2544.0,23,16,With parents,8,3,5
1945,Baby Boomer,Spain,High,Education,Employed,3399.0,25,9,With parents,2,10,7
1987,Millennial,Sweden,Low,Construction,Unemployed,1847.0,18,26,Rent,1,5,7
1963,Baby Boomer,Czechia,Medium,Finance,Employed,2598.0,21,14,With parents,10,6,8
1953,Baby Boomer,Sweden,High,IT,Unemployed,2422.0,16,8,Rent,7,4,5
1971,Gen X,Netherlands,Medium,Unemployed,Employed,2194.0,25,6,Own,4,10,4
1978,Gen X,Sweden,Low,Unemployed,Employed,2491.0,16,9,Own,2,1,1
1988,Millennial,Italy,Medium,Unemployed,Employed,2742.0,21,12,Own,4,7,8
1948,Baby Boomer,Netherlands,Medium,Education,Employed,2695.0,20,15,With parents,10,7,6
1980,Gen X,Netherlands,Medium,Unemployed,Employed,3026.0,21,33,Own,2,10,1
1962,Baby Boomer,Poland,Medium,Finance,Employed,148.0,24,7,With parents,4,1,5
1959,Baby Boomer,Poland,Low,Manufacturing,Employed,854.0,27,30,With parents,2,3,10
1995,Millennial,Poland,High,Retail,Inactive,2392.0,20,27,With parents,7,10,2
1957,Baby Boomer,Germany,Medium,Manufacturing,Employed,2304.0,17,6,Own,3,6,6
1963,Baby Boomer,Italy,Medium,Finance,Inactive,1285.0,29,33,With parents,7,4,1
1993,Millennial,Italy,High,Healthcare,Inactive,1899.0,16,32,Rent,2,5,4
1950,Baby Boomer,Poland,Low,IT,Inactive,1456.0,28,3,Rent,4,9,3
1992,Millennial,Spain,Low,Manufacturing,Inactive,2729.0,28,25,Own,7,10,6
2000,Gen Z,Germany,High,Manufacturing,Inactive,1398.0,26,1,Rent,6,9,7
1956,Baby Boomer,Spain,Medium,Education,Employed,2393.0,28,31,With parents,3,6,5
1995,Millennial,France,High,Education,Employed,3123.0,29,1,Rent,8,1,8
1981,Millennial,Italy,Medium,Education,Employed,1416.0,17,25,Own,9,6,3
1961,Baby Boomer,Italy,Low,Finance,Employed,994.0,23,26,Rent,4,2,3
2002,Gen Z,Spain,Medium,Construction,Employed,1515.0,16,14,Rent,9,7,2
1967,Gen X,Germany,Low,Construction,Employed,1417.0,21,20,Rent,3,2,9
1970,Gen X,Italy,High,Unemployed,Employed,2236.0,20,26,With parents,2,2,4
1973,Gen X,Spain,Medium,Healthcare,Inactive,669.0,25,33,With parents,8,8,2
1977,Gen X,Netherlands,High,Manufacturing,Employed,3645.0,26,10,Rent,10,8,7
2004,Gen Z,Netherlands,High,Retail,Employed,1069.0,24,22,With parents,6,5,8
1971,Gen X,Sweden,Low,Unemployed,Employed,986.0,19,21,Rent,8,6,3
1969,Gen X,Germany,High,Unemployed,Employed,2255.0,20,22,Rent,3,7,9
2000,Gen Z,Spain,Medium,Education,Inactive,2089.0,20,0,Rent,8,9,4
1999,Gen Z,Sweden,Medium,Healthcare,Employed,3434.0,26,11,Own,10,7,7
1954,Baby Boomer,Netherlands,High,Finance,Employed,1954.0,17,24,Own,10,9,9
1991,Millennial,Germany,Medium,Unemployed,Employed,1943.0,26,5,With parents,2,5,7
1967,Gen X,Czechia,Medium,Healthcare,Employed,2783.0,17,33,Own,7,1,5
1965,Gen X,Sweden,Medium,Education,Employed,3053.0,24,27,With parents,2,4,10
1965,Gen X,Czechia,Medium,IT,Employed,450.0,28,24,Rent,2,7,1
1987,Millennial,Poland,Low,Unemployed,Employed,2259.0,27,17,Own,5,2,2
1957,Baby Boomer,Germany,Medium,Manufacturing,Employed,4140.0,18,0,Rent,9,9,7
1981,Millennial,France,Low,Education,Inactive,1639.0,21,31,With parents,2,2,5
1977,Gen X,Poland,Low,Retail,Employed,2335.0,19,28,Rent,9,1,9
1968,Gen X,Sweden,Low,Manufacturing,Employed,3118.0,19,19,Own,8,5,3
1988,Millennial,Spain,Medium,Healthcare,Employed,2638.0,20,12,With parents,10,2,9
1955,Baby Boomer,Poland,Medium,Construction,Employed,1254.0,20,11,Own,4,6,10
1961,Baby Boomer,Poland,High,Retail,Inactive,2139.0,22,7,Own,5,2,6
1948,Baby Boomer,Sweden,Medium,Manufacturing,Employed,1084.0,22,7,Own,6,6,10
1991,Millennial,Spain,Medium,Unemployed,Inactive,1238.0,29,17,Own,9,6,10
1969,Gen X,Spain,Medium,Unemployed,Employed,3198.0,27,20,Rent,10,10,3
1974,Gen X,Netherlands,Medium,Retail,Unemployed,2971.0,16,27,With parents,6,2,1
1953,Baby Boomer,France,Medium,Healthcare,Employed,3807.0,21,30,Own,6,2,10
1965,Gen X,Spain,High,Unemployed,Employed,3031.0,19,14,Own,6,6,9
1964,Baby Boomer,Italy,High,Unemployed,Employed,2072.0,17,32,Rent,10,9,3
1963,Baby Boomer,Italy,High,Education,Employed,1287.0,21,22,Own,1,4,2
1963,Baby Boomer,France,High,Construction,Employed,3458.0,22,15,With parents,1,10,1
1956,Baby Boomer,Germany,Medium,Retail,Employed,2763.0,17,23,Own,9,4,4
1981,Millennial,Sweden,Medium,Education,Unemployed,2920.0,17,20,Own,10,2,7
1986,Millennial,Germany,High,Construction,Employed,2716.0,25,7,Own,2,4,3
1961,Baby Boomer,Italy,Medium,Healthcare,Employed,3268.0,26,16,With parents,5,10,10
1981,Millennial,Spain,High,Construction,Unemployed,829.0,22,14,Own,9,7,6
1998,Gen Z,France,High,Healthcare,Employed,1108.0,24,13,With parents,6,4,3
1992,Millennial,Germany,High,Unemployed,Unemployed,1415.0,18,19,With parents,9,6,9
1983,Millennial,Germany,Medium,Retail,Employed,2528.0,18,31,Own,2,5,7
1972,Gen X,Czechia,High,Retail,Employed,1788.0,23,10,Rent,10,7,6
1985,Millennial,Sweden,Medium,Healthcare,Employed,3215.0,17,31,Own,1,3,4
1979,Gen X,Poland,Medium,Retail,Inactive,2185.0,24,3,Rent,2,3,4
1991,Millennial,Italy,Medium,Unemployed,Inactive,4287.0,22,28,Own,2,5,4
1992,Millennial,Spain,High,Retail,Inactive,3742.0,23,4,Rent,5,4,5
1962,Baby Boomer,France,High,Retail,Employed,2325.0,24,11,With parents,1,5,1
1958,Baby Boomer,Germany,Low,Finance,Unemployed,978.0,27,22,With parents,2,1,7
1979,Gen X,Sweden,Medium,Retail,Employed,2820.0,29,32,Own,5,4,9
1988,Millennial,Poland,Medium,Manufacturing,Employed,1198.0,18,15,Own,5,6,6
1985,Millennial,Italy,High,Healthcare,Unemployed,1323.0,21,10,Rent,7,7,2
2004,Gen Z,Italy,Medium,Healthcare,Employed,1845.0,29,7,Rent,4,8,7
1951,Baby Boomer,Sweden,Low,IT,Employed,1828.0,23,32,With parents,6,5,3
1985,Millennial,Czechia,Medium,Education,Employed,2697.0,16,33,Rent,6,2,6
1957,Baby Boomer,France,Medium,IT,Unemployed,2495.0,28,20,With parents,9,2,9
1962,Baby Boomer,Germany,Low,Retail,Employed,1292.0,21,16,With parents,3,3,10
1981,Millennial,France,Medium,Retail,Employed,1934.0,18,33,Rent,9,4,8
1957,Baby Boomer,Sweden,High,Unemployed,Inactive,976.0,29,2,Own,9,6,6
1980,Gen X,Sweden,High,Unemployed,Employed,2562.0,23,23,Rent,2,5,10
1975,Gen X,France,Low,Construction,Employed,526.0,24,21,Own,2,5,5
1946,Baby Boomer,Netherlands,High,Manufacturing,Employed,1989.0,28,9,With parents,7,9,4
1960,Baby Boomer,Poland,Medium,Manufacturing,Unemployed,1619.0,29,4,With parents,8,9,8
1953,Baby Boomer,Italy,Low,Manufacturing,Employed,2691.0,28,30,Own,3,3,6
1953,Baby Boomer,Netherlands,Low,Manufacturing,Employed,1472.0,20,23,With parents,7,9,8
1982,Millennial,Spain,Low,Manufacturing,Employed,1435.0,17,10,With parents,7,1,9
1955,Baby Boomer,Italy,High,Manufacturing,Employed,2557.0,22,13,Rent,7,4,4
1998,Gen Z,Italy,Low,Manufacturing,Employed,2605.0,27,3,Rent,2,8,10
2000,Gen Z,Poland,Low,Manufacturing,Employed,1258.0,21,7,With parents,8,9,2
1966,Gen X,Spain,High,Construction,Employed,2730.0,21,6,Rent,10,5,7
1977,Gen X,Germany,Medium,Finance,Inactive,4411.0,27,34,With parents,8,2,8
1980,Gen X,Spain,High,Manufacturing,Unemployed,1776.0,16,31,With parents,5,8,4
1989,Millennial,Germany,High,Healthcare,Inactive,1094.0,16,21,Own,7,8,2
1967,Gen X,Czechia,Low,Manufacturing,Employed,2250.0,21,21,Rent,7,9,9
1989,Millennial,Czechia,High,Education,Employed,956.0,21,25,Rent,10,6,3
1989,Millennial,Spain,Low,Manufacturing,Employed,1967.0,19,35,With parents,4,9,3
1978,Gen X,France,Medium,Finance,Inactive,1745.0,23,28,Own,5,10,9
1953,Baby Boomer,Sweden,Medium,Construction,Employed,2823.0,28,3,Rent,6,10,8
1968,Gen X,Spain,Low,Unemployed,Inactive,619.0,24,30,Rent,6,8,4
1952,Baby Boomer,Netherlands,High,Unemployed,Employed,779.0,21,21,With parents,10,5,10
1951,Baby Boomer,Netherlands,Medium,Retail,Employed,2544.0,25,7,Rent,9,4,4
1980,Gen X,Poland,Low,Finance,Employed,2688.0,23,20,Rent,3,7,1
1962,Baby Boomer,Sweden,High,Finance,Employed,268.0,23,14,With parents,5,6,1
1947,Baby Boomer,Sweden,Medium,Retail,Employed,3569.0,17,3,Own,1,4,9
1972,Gen X,Germany,Medium,Manufacturing,Employed,2988.0,19,4,Rent,1,2,1
1950,Baby Boomer,Italy,Medium,Construction,Employed,1596.0,16,35,With parents,10,10,2
1988,Millennial,Poland,High,Construction,Employed,2286.0,16,1,With parents,5,9,7
1988,Millennial,Netherlands,Low,Manufacturing,Employed,426.0,29,7,Own,1,4,2
1965,Gen X,Netherlands,Medium,Retail,Unemployed,2834.0,21,3,Own,7,3,4
1972,Gen X,Czechia,Medium,Education,Employed,1438.0,22,12,With parents,10,10,10
1984,Millennial,Germany,Low,IT,Employed,1880.0,20,13,With parents,8,6,2
1998,Gen Z,Netherlands,High,Healthcare,Employed,2101.0,23,8,With parents,10,2,3
1998,Gen Z,Netherlands,Medium,Retail,Inactive,3287.0,24,27,Rent,2,8,6
1945,Baby Boomer,Germany,Medium,Manufacturing,Employed,2621.0,19,11,Rent,3,9,7
1980,Gen X,Netherlands,Low,Healthcare,Inactive,1876.0,16,27,Rent,10,4,2
1965,Gen X,Italy,High,Unemployed,Employed,1670.0,21,12,Rent,8,10,9
2004,Gen Z,France,High,Unemployed,Employed,2403.0,16,20,Own,1,7,2
1987,Millennial,Poland,Medium,Manufacturing,Employed,2123.0,17,25,Rent,9,1,4
1979,Gen X,Italy,Medium,IT,Employed,1982.0,27,24,With parents,5,2,5
1957,Baby Boomer,Italy,Low,IT,Employed,2205.0,26,21,Rent,10,4,8
2001,Gen Z,France,Medium,Retail,Employed,1957.0,19,7,Own,1,5,4
1993,Millennial,Czechia,Low,Healthcare,Employed,791.0,19,21,With parents,10,10,1
1998,Gen Z,Sweden,Medium,Finance,Employed,2148.0,21,12,Rent,8,8,7
1998,Gen Z,Poland,Medium,Construction,Unemployed,2180.0,23,13,Rent,9,2,9
1954,Baby Boomer,Czechia,High,Construction,Employed,2320.0,18,17,With parents,9,2,5
1997,Gen Z,Czechia,Medium,Healthcare,Employed,1297.0,21,32,With parents,9,10,2
1988,Millennial,Italy,High,Unemployed,Inactive,1480.0,18,6,With parents,6,5,9
1991,Millennial,Netherlands,Medium,Finance,Employed,3675.0,17,9,Own,7,2,3
1997,Gen Z,Czechia,High,Unemployed,Employed,1533.0,28,29,Own,7,3,2
1954,Baby Boomer,France,Medium,IT,Unemployed,2658.0,27,33,Own,4,10,4
1990,Millennial,Sweden,Medium,Manufacturing,Employed,1483.0,19,2,With parents,3,9,4
1957,Baby Boomer,Poland,High,Construction,Unemployed,498.0,19,11,Rent,9,9,10
1981,Millennial,Spain,Low,Finance,Employed,2106.0,27,35,With parents,3,6,5
1982,Millennial,Germany,Low,Finance,Employed,2752.0,17,30,Rent,3,9,1
1968,Gen X,Netherlands,Low,Retail,Employed,1900.0,27,22,Rent,4,8,10
1946,Baby Boomer,France,High,Education,Employed,403.0,26,7,With parents,10,3,1
1966,Gen X,Germany,Low,IT,Employed,190.0,18,0,Own,10,8,10
1961,Baby Boomer,Sweden,High,Finance,Employed,3238.0,24,34,With parents,10,7,7
1980,Gen X,Sweden,Medium,Unemployed,Unemployed,2187.0,25,14,Rent,3,9,5
1958,Baby Boomer,Spain,Low,Unemployed,Unemployed,2746.0,24,27,With parents,2,7,10
1954,Baby Boomer,Czechia,Medium,IT,Unemployed,2408.0,27,11,With parents,5,5,6
1979,Gen X,Italy,Low,Unemployed,Unemployed,1165.0,25,0,Rent,1,5,7
1969,Gen X,Italy,Medium,Retail,Employed,1970.0,22,10,With parents,1,4,1
1947,Baby Boomer,Poland,Medium,Manufacturing,Inactive,673.0,17,1,Own,6,2,5
1991,Millennial,France,Medium,Healthcare,Employed,3051.0,28,34,Own,4,5,8
1982,Millennial,France,Low,IT,Employed,2487.0,20,7,Own,8,10,3
1961,Baby Boomer,Czechia,Medium,Retail,Unemployed,2867.0,23,30,Rent,1,4,2
1956,Baby Boomer,Sweden,High,Retail,Employed,3362.0,16,20,With parents,10,1,2
1998,Gen Z,Poland,High,Retail,Unemployed,1879.0,16,2,With parents,5,2,4
1996,Millennial,Czechia,High,Construction,Employed,1533.0,26,24,Own,6,2,7
1968,Gen X,Germany,Low,Unemployed,Employed,2105.0,26,27,Rent,5,9,2
1973,Gen X,Italy,High,Construction,Employed,3341.0,21,27,Own,10,2,6
1987,Millennial,Italy,Medium,Construction,Employed,790.0,22,1,Own,6,10,7
1969,Gen X,Sweden,Low,Healthcare,Inactive,2219.0,29,7,Own,3,7,9
1980,Gen X,France,High,Construction,Inactive,2924.0,22,0,Own,9,3,7
2002,Gen Z,Sweden,High,IT,Employed,2477.0,29,20,Rent,7,2,1
2004,Gen Z,Czechia,Medium,Finance,Employed,3166.0,18,14,Rent,10,8,8
1970,Gen X,France,Low,Retail,Employed,818.0,25,7,Own,1,2,3
1982,Millennial,Poland,Medium,Healthcare,Unemployed,3179.0,19,21,Rent,5,9,7
1945,Baby Boomer,Czechia,Medium,Construction,Employed,1638.0,24,19,Own,10,3,6
1964,Baby Boomer,Spain,High,Manufacturing,Inactive,314.0,26,12,Own,1,9,3
1999,Gen Z,Germany,Low,Education,Employed,1906.0,25,25,Own,3,3,2
1972,Gen X,Netherlands,High,IT,Inactive,1445.0,28,6,Own,6,9,4
1960,Baby Boomer,Spain,Medium,Healthcare,Employed,2052.0,19,10,With parents,2,6,1
1991,Millennial,Czechia,High,Education,Employed,832.0,20,30,With parents,5,2,10
1961,Baby Boomer,Spain,High,Education,Employed,2089.0,21,33,Own,7,1,10
1984,Millennial,France,Medium,Construction,Unemployed,1683.0,22,10,Own,9,3,7
1972,Gen X,France,Medium,Healthcare,Unemployed,3989.0,20,23,Own,1,7,3
2002,Gen Z,France,High,Unemployed,Employed,2356.0,22,24,With parents,7,10,2
1956,Baby Boomer,Spain,Medium,Finance,Employed,2405.0,27,32,With parents,8,3,5
1971,Gen X,Sweden,Medium,Finance,Inactive,1995.0,17,28,Own,3,3,7
1998,Gen Z,Germany,Medium,Healthcare,Inactive,3323.0,22,20,With parents,2,7,1
1997,Gen Z,Sweden,Low,Healthcare,Employed,2637.0,20,32,With parents,8,7,1
1986,Millennial,France,High,Retail,Employed,3562.0,25,5,With parents,7,4,10
2003,Gen Z,Czechia,Low,Manufacturing,Employed,3149.0,20,1,Rent,1,1,8
1991,Millennial,Czechia,High,Finance,Inactive,1853.0,26,29,Own,2,10,5
1974,Gen X,Italy,Medium,Retail,Employed,2857.0,21,27,With parents,4,8,8
1985,Millennial,Sweden,High,Unemployed,Employed,2933.0,27,31,With parents,3,8,3
1978,Gen X,Germany,Medium,Education,Employed,3050.0,24,26,Rent,2,6,2
1981,Millennial,Czechia,Medium,Education,Employed,2561.0,19,21,Rent,5,1,7
1950,Baby Boomer,Italy,Medium,Education,Employed,991.0,20,14,Rent,6,10,6
1951,Baby Boomer,Germany,High,Healthcare,Employed,2174.0,20,35,Rent,6,3,4
1976,Gen X,France,Medium,Unemployed,Employed,2300.0,29,6,Rent,7,6,7
1976,Gen X,Sweden,High,IT,Unemployed,2264.0,18,30,Rent,6,10,9
1997,Gen Z,Netherlands,Medium,Retail,Inactive,3233.0,18,29,Rent,6,6,9
1969,Gen X,Poland,Medium,IT,Employed,1621.0,27,13,Own,8,1,3
1977,Gen X,France,High,Construction,Employed,2322.0,16,33,Rent,5,7,1
1999,Gen Z,Czechia,Low,Manufacturing,Employed,2137.0,29,26,With parents,5,2,4
2002,Gen Z,Spain,Medium,Manufacturing,Unemployed,2815.0,19,22,With parents,7,8,10
1951,Baby Boomer,Netherlands,Medium,Retail,Unemployed,3829.0,24,2,With parents,10,6,1
1996,Millennial,Spain,Medium,Education,Unemployed,2760.0,17,4,With parents,7,1,7
2001,Gen Z,Germany,Medium,Construction,Inactive,2701.0,28,29,Rent,3,2,2
1956,Baby Boomer,Spain,Medium,Finance,Employed,1282.0,25,6,Own,1,6,8
1960,Baby Boomer,Netherlands,Low,Unemployed,Employed,811.0,19,17,Own,5,2,5
1960,Baby Boomer,Netherlands,High,Manufacturing,Employed,2430.0,24,9,Rent,10,4,10
1987,Millennial,France,High,IT,Unemployed,2032.0,24,33,Own,4,9,1
1997,Gen Z,Italy,Medium,IT,Employed,2614.0,23,32,Rent,1,3,2
1980,Gen X,France,Medium,Finance,Inactive,1648.0,17,31,With parents,5,5,4
1957,Baby Boomer,Germany,Low,Healthcare,Unemployed,3463.0,26,30,Rent,6,3,3
1951,Baby Boomer,Czechia,High,Education,Unemployed,1123.0,18,27,Own,7,8,5
1980,Gen X,Spain,Medium,Healthcare,Employed,2024.0,21,3,Own,10,10,4
1991,Millennial,Italy,Medium,Retail,Employed,1848.0,17,14,Own,9,5,2
1995,Millennial,Sweden,High,Manufacturing,Unemployed,3188.0,18,1,Rent,4,10,9
1953,Baby Boomer,Poland,Medium,Finance,Employed,1992.0,16,22,Rent,1,6,7
1976,Gen X,Netherlands,High,Finance,Employed,1680.0,19,22,Rent,4,6,5
1955,Baby Boomer,Italy,Medium,Finance,Inactive,2273.0,26,34,Own,7,4,4
1952,Baby Boomer,Czechia,Low,Healthcare,Inactive,1490.0,21,26,Own,1,10,10
1977,Gen X,Sweden,High,Unemployed,Employed,2180.0,16,25,Own,9,4,5
1967,Gen X,Italy,Low,Healthcare,Unemployed,2083.0,29,33,With parents,6,10,2
1969,Gen X,France,High,Retail,Employed,4800.0,27,12,Rent,10,1,8
2000,Gen Z,Sweden,Low,IT,Employed,1784.0,16,9,Rent,8,6,2
1952,Baby Boomer,Poland,High,IT,Employed,2120.0,23,25,Own,6,4,8
1989,Millennial,Czechia,Low,Construction,Unemployed,2396.0,22,3,Own,7,6,5
1966,Gen X,Netherlands,Medium,Retail,Employed,2446.0,22,17,Own,3,8,4
2003,Gen Z,Czechia,Medium,Unemployed,Employed,3139.0,22,34,Own,8,9,7
1948,Baby Boomer,Germany,Medium,Finance,Employed,3929.0,20,16,With parents,5,9,1
1984,Millennial,Germany,Medium,IT,Inactive,1479.0,19,26,Own,7,1,7
1947,Baby Boomer,Italy,Medium,Retail,Employed,2595.0,28,7,Own,7,5,10
1973,Gen X,Sweden,Medium,IT,Employed,2052.0,22,12,Own,6,7,5
1985,Millennial,Italy,Medium,Unemployed,Employed,2497.0,26,21,Rent,3,1,6
1973,Gen X,Spain,Medium,Construction,Employed,3199.0,29,35,Rent,1,6,5
1978,Gen X,Poland,Medium,Retail,Employed,3665.0,18,29,Own,6,1,7
1978,Gen X,Netherlands,Low,IT,Unemployed,2987.0,24,34,Rent,9,6,1
1972,Gen X,Italy,High,Finance,Employed,2484.0,17,3,With parents,2,7,2
1957,Baby Boomer,Spain,Medium,Unemployed,Inactive,3124.0,16,12,With parents,2,5,6
1959,Baby Boomer,Sweden,Low,Healthcare,Employed,1443.0,23,5,With parents,10,2,7
2004,Gen Z,Poland,Medium,Unemployed,Employed,1547.0,29,17,With parents,1,2,8
1967,Gen X,Netherlands,High,Healthcare,Employed,2352.0,21,7,Rent,1,6,4
1988,Millennial,Germany,Low,Unemployed,Employed,3247.0,29,19,Rent,2,6,3
1970,Gen X,Spain,Medium,Construction,Inactive,1934.0,28,20,Own,1,1,9
1948,Baby Boomer,Sweden,Medium,Finance,Unemployed,2029.0,29,31,With parents,6,10,2
1970,Gen X,Poland,Low,IT,Employed,416.0,19,31,With parents,5,9,10
1984,Millennial,Spain,High,Finance,Employed,4349.0,25,1,Rent,8,7,1
1953,Baby Boomer,Italy,Medium,Retail,Employed,1993.0,24,1,With parents,10,8,6
1999,Gen Z,France,Medium,Healthcare,Employed,0.0,20,31,Rent,7,10,3
1949,Baby Boomer,Germany,High,Manufacturing,Unemployed,2350.0,28,21,Rent,4,2,7
2000,Gen Z,Italy,Medium,Construction,Unemployed,2626.0,26,25,With parents,9,6,8
1976,Gen X,Italy,High,IT,Employed,1993.0,16,9,Own,4,9,2
1964,Baby Boomer,Sweden,Medium,Manufacturing,Employed,1381.0,16,4,Rent,9,1,7
1994,Millennial,Sweden,High,Manufacturing,Employed,3008.0,29,11,Rent,4,5,10
1955,Baby Boomer,Poland,High,Unemployed,Inactive,2905.0,22,31,With parents,2,8,5
1959,Baby Boomer,Sweden,Low,Construction,Employed,2673.0,29,17,Rent,2,4,5
1976,Gen X,Spain,High,Education,Employed,1512.0,28,9,Own,6,1,5
1972,Gen X,Germany,Medium,Manufacturing,Employed,1652.0,16,22,With parents,6,7,5
1966,Gen X,Italy,Low,Manufacturing,Employed,1885.0,21,0,Rent,7,1,10
1985,Millennial,Poland,Medium,Finance,Employed,1827.0,22,17,With parents,7,7,5
1961,Baby Boomer,Czechia,Low,Education,Unemployed,2763.0,26,29,Own,3,10,7
2003,Gen Z,Czechia,High,Education,Inactive,1845.0,25,18,With parents,10,7,8
1970,Gen X,Germany,Medium,Education,Employed,1345.0,20,16,Own,7,7,4
1988,Millennial,Sweden,High,Construction,Employed,2581.0,18,27,With parents,9,5,7
1951,Baby Boomer,Sweden,Low,Retail,Employed,4339.0,18,21,Own,9,4,9
1986,Millennial,Spain,Medium,Education,Unemployed,1492.0,27,31,With parents,7,4,2
2001,Gen Z,Sweden,Low,Finance,Employed,1561.0,17,24,With parents,4,1,9
1970,Gen X,Czechia,Medium,Retail,Inactive,2090.0,26,8,Rent,8,2,6
1969,Gen X,Italy,High,IT,Unemployed,2881.0,27,35,With parents,2,7,9
1954,Baby Boomer,Czechia,High,Retail,Employed,2709.0,27,0,Rent,8,8,7
2003,Gen Z,Netherlands,High,IT,Employed,2094.0,16,28,Own,3,8,5
1989,Millennial,Italy,High,Education,Unemployed,1808.0,29,14,Own,5,9,5
1963,Baby Boomer,Italy,Low,Education,Employed,4089.0,26,28,With parents,3,7,1
1955,Baby Boomer,Sweden,Medium,IT,Employed,3230.0,23,20,Rent,6,1,3
1957,Baby Boomer,Germany,Medium,Healthcare,Employed,3762.0,28,11,Rent,6,8,6
1997,Gen Z,Sweden,Medium,Finance,Employed,2833.0,24,25,With parents,8,7,2
1952,Baby Boomer,Germany,Low,Retail,Unemployed,2116.0,17,30,Rent,1,2,6
1984,Millennial,Germany,Medium,Finance,Employed,2559.0,29,34,With parents,5,6,5
1948,Baby Boomer,Czechia,Medium,Finance,Employed,3826.0,28,13,With parents,5,3,1
1991,Millennial,Germany,Medium,Manufacturing,Unemployed,2662.0,28,6,With parents,9,5,3
1975,Gen X,Poland,High,Education,Employed,654.0,19,2,Rent,10,6,1
1972,Gen X,France,Medium,Retail,Unemployed,3462.0,18,3,With parents,4,6,7
1955,Baby Boomer,Sweden,Low,Finance,Employed,3547.0,19,1,Own,6,8,7
1987,Millennial,Poland,Low,Retail,Employed,3314.0,19,34,With parents,10,8,1
1945,Baby Boomer,Italy,High,Finance,Employed,992.0,23,32,Rent,7,9,8
1993,Millennial,Poland,High,Education,Inactive,2548.0,26,12,With parents,3,1,7
1991,Millennial,Spain,Medium,Finance,Unemployed,3123.0,18,6,With parents,6,4,3
1996,Millennial,Netherlands,Medium,IT,Employed,2214.0,18,26,Own,3,10,2
1982,Millennial,Germany,High,Education,Inactive,2543.0,27,2,Own,6,1,9
1968,Gen X,Sweden,Medium,Retail,Unemployed,2704.0,21,16,Rent,1,6,7
1998,Gen Z,Spain,High,Construction,Employed,1456.0,26,24,With parents,9,3,6
2004,Gen Z,Sweden,High,Healthcare,Employed,2623.0,18,29,With parents,6,5,5
2001,Gen Z,Czechia,Medium,Finance,Employed,1313.0,20,13,Own,6,10,5
1991,Millennial,Netherlands,Medium,IT,Employed,2108.0,19,28,With parents,4,9,3
1975,Gen X,Spain,Low,Education,Employed,1681.0,26,4,Rent,5,3,5
1985,Millennial,Sweden,Medium,Manufacturing,Employed,2988.0,19,6,Own,4,2,8
1990,Millennial,Italy,High,Construction,Employed,2802.0,17,18,Own,6,8,2
1994,Millennial,Germany,High,Construction,Employed,2711.0,24,32,Rent,7,7,3
1970,Gen X,Spain,High,Education,Employed,2454.0,20,20,With parents,1,1,3
1993,Millennial,Italy,Medium,Unemployed,Employed,2592.0,20,20,Rent,3,9,6
1994,Millennial,Germany,Low,Construction,Employed,4008.0,22,16,Own,2,10,1
1949,Baby Boomer,France,Low,Retail,Employed,3392.0,27,22,Own,5,10,5
1964,Baby Boomer,Italy,Medium,Retail,Inactive,1335.0,18,26,Rent,8,4,9
1996,Millennial,Poland,Medium,Manufacturing,Employed,1719.0,27,30,Own,5,6,1
1985,Millennial,Sweden,Medium,IT,Employed,2012.0,21,14,With parents,9,7,6
1955,Baby Boomer,Czechia,Low,Retail,Employed,1982.0,16,0,Own,1,8,7
2000,Gen Z,Germany,High,IT,Employed,1456.0,20,19,Rent,6,4,1
1998,Gen Z,Spain,Medium,IT,Unemployed,2728.0,20,33,Rent,3,9,6
1977,Gen X,Netherlands,High,Education,Employed,2145.0,24,0,Own,2,10,4
1994,Millennial,Spain,Medium,IT,Employed,2396.0,27,31,Rent,4,1,4
1982,Millennial,Poland,Low,Finance,Employed,662.0,20,21,Rent,3,8,6
1971,Gen X,Sweden,High,Unemployed,Employed,784.0,23,28,With parents,9,9,10
1978,Gen X,Poland,High,Retail,Employed,1713.0,18,10,Own,9,4,10
1959,Baby Boomer,Spain,Medium,Retail,Employed,2747.0,27,32,With parents,8,5,8
1976,Gen X,Czechia,Medium,Healthcare,Employed,2630.0,26,0,Rent,7,2,3
2002,Gen Z,Sweden,Low,Construction,Unemployed,3107.0,21,8,Rent,10,5,7
1965,Gen X,Netherlands,Medium,IT,Employed,1569.0,29,12,With parents,3,3,10
1990,Millennial,Germany,High,Healthcare,Employed,2817.0,29,23,Own,3,9,4
1949,Baby Boomer,Sweden,Low,Education,Employed,3577.0,17,35,Rent,7,5,3
1950,Baby Boomer,Italy,Medium,Healthcare,Inactive,3034.0,24,19,Rent,4,5,3
1982,Millennial,Sweden,High,Construction,Employed,1037.0,21,0,Rent,8,7,6
1966,Gen X,Poland,Medium,IT,Employed,3197.0,20,34,Own,1,9,10
1962,Baby Boomer,Poland,Medium,Unemployed,Employed,2494.0,24,19,With parents,1,5,8
1958,Baby Boomer,Poland,Medium,Construction,Employed,2609.0,16,0,With parents,7,10,1
1954,Baby Boomer,Netherlands,Medium,Retail,Employed,4446.0,18,5,Own,9,9,4
1990,Millennial,Sweden,Medium,Unemployed,Inactive,2422.0,28,25,Rent,2,7,1
1957,Baby Boomer,Czechia,Medium,Education,Employed,2768.0,17,28,Rent,5,6,8
1975,Gen X,Czechia,Low,IT,Inactive,2284.0,24,14,Own,2,10,5
1974,Gen X,Sweden,High,Unemployed,Employed,1981.0,26,18,Rent,9,6,3
1947,Baby Boomer,Czechia,High,Unemployed,Unemployed,2528.0,21,8,With parents,9,4,8
1974,Gen X,France,Medium,Unemployed,Employed,1807.0,26,16,With parents,1,10,9
1950,Baby Boomer,Netherlands,Medium,Unemployed,Employed,2331.0,21,31,Rent,7,9,5
1973,Gen X,Germany,Low,Unemployed,Inactive,1928.0,20,27,Own,1,9,1
1952,Baby Boomer,Germany,Low,Unemployed,Employed,329.0,19,14,Own,7,3,6
1988,Millennial,Germany,High,Education,Inactive,1757.0,19,27,Rent,8,4,5
1989,Millennial,Germany,Medium,Manufacturing,Employed,3060.0,17,8,Rent,1,1,6
1987,Millennial,Germany,Medium,Unemployed,Inactive,2668.0,22,26,Rent,3,9,4
1988,Millennial,Czechia,Low,IT,Employed,1989.0,21,18,Own,10,6,7
1977,Gen X,Spain,Low,Manufacturing,Unemployed,2289.0,18,6,Own,5,3,5
1961,Baby Boomer,Poland,Medium,Unemployed,Employed,1475.0,27,24,Own,10,2,7
1992,Millennial,Netherlands,High,Healthcare,Employed,1572.0,22,29,Rent,7,8,10
1955,Baby Boomer,Spain,High,IT,Unemployed,2206.0,24,12,Own,5,6,2
1957,Baby Boomer,Netherlands,High,Manufacturing,Unemployed,2006.0,25,1,Own,3,3,3
1994,Millennial,France,High,Finance,Employed,1522.0,29,17,With parents,8,3,1
1955,Baby Boomer,Sweden,High,Retail,Employed,2140.0,16,7,Rent,6,8,3
1975,Gen X,Italy,Medium,Healthcare,Employed,1199.0,27,19,With parents,1,1,8
1972,Gen X,Poland,Low,IT,Employed,3617.0,26,8,Own,7,3,5
1988,Millennial,France,High,IT,Employed,3006.0,27,12,With parents,9,5,9
1950,Baby Boomer,Spain,Low,Retail,Unemployed,246.0,25,20,With parents,1,5,1
1985,Millennial,Italy,Medium,Retail,Employed,2955.0,23,27,Rent,7,8,5
1960,Baby Boomer,Sweden,Low,Construction,Employed,1864.0,29,6,With parents,2,6,2
1948,Baby Boomer,France,Medium,Unemployed,Inactive,1708.0,17,30,Rent,1,3,8
1979,Gen X,Sweden,Medium,Manufacturing,Employed,2878.0,16,22,With parents,1,4,2
2004,Gen Z,Sweden,Low,Manufacturing,Employed,2071.0,24,12,With parents,3,4,9
1992,Millennial,Czechia,Medium,Manufacturing,Unemployed,1852.0,17,35,Own,1,6,6
2000,Gen Z,Netherlands,High,Construction,Unemployed,1004.0,22,1,Rent,10,9,10
2003,Gen Z,Italy,Medium,Unemployed,Unemployed,3024.0,22,33,Own,2,8,9
1970,Gen X,Netherlands,High,Education,Unemployed,3133.0,16,4,Own,7,7,2
2001,Gen Z,Sweden,Low,Healthcare,Employed,2345.0,28,1,Rent,8,9,9
1956,Baby Boomer,Czechia,Low,Unemployed,Employed,1151.0,29,33,Rent,3,9,4
1955,Baby Boomer,France,Medium,IT,Unemployed,2472.0,25,1,Rent,7,6,3
1981,Millennial,Sweden,Medium,Healthcare,Employed,2777.0,29,19,Rent,7,9,4
1969,Gen X,Spain,Medium,Retail,Employed,2176.0,16,7,Own,10,8,8
1962,Baby Boomer,Sweden,High,Unemployed,Unemployed,2993.0,22,22,With parents,4,10,7
1963,Baby Boomer,Netherlands,High,Finance,Unemployed,2353.0,21,15,With parents,1,3,6
1967,Gen X,Italy,High,Healthcare,Employed,2474.0,19,21,Rent,4,6,1
1999,Gen Z,France,Medium,Healthcare,Inactive,3532.0,18,7,Own,1,4,2
1982,Millennial,Netherlands,Low,Manufacturing,Unemployed,1757.0,20,25,Rent,10,3,10
1998,Gen Z,Sweden,Medium,Retail,Inactive,789.0,20,22,With parents,4,10,2
1962,Baby Boomer,Spain,Low,Healthcare,Inactive,2048.0,26,15,Own,5,5,8
1970,Gen X,Poland,Medium,IT,Employed,1693.0,18,20,Rent,9,8,5
1950,Baby Boomer,Czechia,Low,Manufacturing,Unemployed,920.0,29,28,Rent,7,7,5
1948,Baby Boomer,Spain,Medium,Construction,Employed,2760.0,21,19,Rent,9,10,6
1988,Millennial,Sweden,Low,Healthcare,Unemployed,2201.0,27,11,Rent,9,7,3
1995,Millennial,Spain,Low,Retail,Unemployed,561.0,29,25,Rent,8,10,2
1973,Gen X,Czechia,Medium,Unemployed,Employed,3592.0,18,2,Rent,2,2,3
2003,Gen Z,Poland,Medium,Finance,Employed,1545.0,28,17,With parents,5,7,5
1978,Gen X,Spain,High,Unemployed,Employed,1646.0,19,0,Own,4,1,10
1961,Baby Boomer,Poland,Medium,Unemployed,Unemployed,3047.0,18,18,Own,1,6,9
1987,Millennial,Sweden,Low,IT,Unemployed,2585.0,27,12,With parents,6,10,5
1987,Millennial,Poland,Medium,Finance,Employed,3183.0,27,32,Own,5,7,6
1997,Gen Z,Netherlands,Low,Retail,Employed,238.0,21,29,Rent,10,10,10
1960,Baby Boomer,Netherlands,High,Retail,Unemployed,1943.0,29,21,Own,10,2,3
1946,Baby Boomer,Poland,High,Retail,Employed,2320.0,24,26,With parents,7,8,5
1978,Gen X,France,Low,Finance,Employed,3371.0,18,12,With parents,1,8,4
1999,Gen Z,Italy,Medium,Education,Employed,1440.0,29,7,Rent,5,6,7
1952,Baby Boomer,France,High,IT,Inactive,1893.0,16,1,Rent,3,7,8
1957,Baby Boomer,Poland,Medium,Retail,Unemployed,2327.0,29,18,Own,4,5,1
1986,Millennial,Italy,High,Education,Employed,2885.0,28,23,Rent,4,5,3
1952,Baby Boomer,Netherlands,Medium,Manufacturing,Employed,1202.0,22,4,Own,6,8,9
1974,Gen X,Italy,Low,Education,Employed,2930.0,27,7,Own,4,2,1
1976,Gen X,Poland,High,Manufacturing,Unemployed,1669.0,20,19,Rent,7,4,8
1980,Gen X,Netherlands,Medium,Finance,Employed,2538.0,19,34,Own,3,7,2
1991,Millennial,Italy,Medium,Construction,Employed,2026.0,18,1,Own,8,8,10
1974,Gen X,Italy,Medium,Construction,Employed,2447.0,22,5,Own,2,4,10
1945,Baby Boomer,France,Medium,Education,Inactive,2391.0,17,15,Own,2,10,5
1987,Millennial,Italy,High,Finance,Employed,3349.0,26,35,With parents,1,6,3
1983,Millennial,Sweden,Medium,Retail,Employed,1988.0,19,1,With parents,6,10,7
1961,Baby Boomer,Poland,Medium,Education,Unemployed,1928.0,17,13,With parents,6,3,2
2003,Gen Z,Germany,High,Education,Inactive,3162.0,25,25,Own,6,7,8
1964,Baby Boomer,Germany,Medium,Retail,Employed,3460.0,23,19,Rent,1,2,1
1968,Gen X,Germany,Medium,Manufacturing,Employed,1843.0,18,28,With parents,4,1,6
1994,Millennial,Poland,High,Retail,Employed,2823.0,20,3,Own,1,10,3
1966,Gen X,Germany,High,IT,Employed,1432.0,26,19,With parents,2,5,1
1973,Gen X,France,Medium,Construction,Employed,2828.0,19,23,With parents,8,10,10
1966,Gen X,Poland,Medium,Unemployed,Employed,3028.0,20,0,With parents,8,4,1
1988,Millennial,Sweden,High,Unemployed,Employed,1952.0,19,24,With parents,1,5,3
1953,Baby Boomer,Netherlands,High,Construction,Inactive,3200.0,23,13,Own,1,9,6
1981,Millennial,Sweden,High,Education,Employed,1964.0,21,34,With parents,3,1,7
1954,Baby Boomer,Poland,Medium,IT,Employed,2222.0,29,20,Own,7,8,4
1980,Gen X,Poland,Medium,Retail,Employed,2552.0,28,35,Rent,6,3,3
1981,Millennial,Italy,Medium,Construction,Employed,1336.0,16,22,Rent,3,7,3
1972,Gen X,Italy,High,Finance,Employed,977.0,20,19,With parents,8,3,4
1972,Gen X,Italy,High,Retail,Inactive,2452.0,16,25,Rent,8,5,3
1986,Millennial,Czechia,Low,Healthcare,Employed,1532.0,27,26,Rent,6,7,4
1987,Millennial,Czechia,Medium,IT,Unemployed,1101.0,18,13,Own,1,6,6
1965,Gen X,Spain,Medium,Construction,Employed,2892.0,27,35,Own,8,2,9
1968,Gen X,Czechia,High,Healthcare,Employed,3565.0,26,3,With parents,5,3,10
1986,Millennial,France,Medium,IT,Employed,2972.0,21,25,Rent,9,9,10
2004,Gen Z,Poland,Medium,Unemployed,Employed,1134.0,24,15,Rent,9,6,7
1984,Millennial,Sweden,Low,Finance,Inactive,2360.0,18,19,Own,2,2,7
1946,Baby Boomer,Poland,Medium,Healthcare,Inactive,1921.0,27,23,With parents,6,5,7
1999,Gen Z,Italy,Low,Healthcare,Employed,1432.0,27,9,Rent,4,10,5
1952,Baby Boomer,Poland,High,IT,Employed,2277.0,27,1,Rent,7,9,7
1992,Millennial,Netherlands,High,Retail,Employed,2139.0,28,8,With parents,6,4,8
1971,Gen X,Czechia,Medium,Manufacturing,Inactive,1991.0,19,17,Own,7,2,7
1966,Gen X,Poland,Medium,Retail,Employed,3089.0,28,29,Own,5,2,3
1981,Millennial,Sweden,High,Manufacturing,Employed,3370.0,25,2,Own,9,10,10
1971,Gen X,Germany,Medium,IT,Employed,1909.0,16,28,Rent,1,4,9
2001,Gen Z,Netherlands,Low,Education,Employed,2039.0,25,6,Rent,7,7,10
1973,Gen X,Netherlands,High,Retail,Employed,1977.0,17,24,Own,9,5,6
1947,Baby Boomer,Poland,High,Healthcare,Employed,2663.0,28,23,Own,8,7,8
1988,Millennial,Spain,High,Retail,Employed,2498.0,28,5,Rent,1,4,6
1957,Baby Boomer,Italy,Low,Unemployed,Employed,1561.0,22,14,Own,8,1,4
1989,Millennial,France,Low,IT,Employed,2084.0,23,14,Rent,3,4,1
1954,Baby Boomer,France,Low,Unemployed,Employed,853.0,16,26,Own,10,5,7
1980,Gen X,Germany,Low,Education,Employed,786.0,24,20,Own,6,6,8
1953,Baby Boomer,France,High,Education,Employed,1137.0,21,31,Rent,9,4,4
1998,Gen Z,France,Low,Retail,Employed,1974.0,16,31,With parents,7,7,9
2000,Gen Z,Italy,High,Retail,Employed,2750.0,19,11,Own,5,4,8
1999,Gen Z,Czechia,Medium,Unemployed,Employed,1496.0,19,8,With parents,8,4,10
1971,Gen X,Italy,Medium,Finance,Employed,2087.0,22,19,With parents,8,6,2
1978,Gen X,Spain,High,Retail,Employed,2397.0,16,14,Own,6,1,10
1995,Millennial,Sweden,Low,IT,Employed,3582.0,28,12,Own,6,9,8
1945,Baby Boomer,Germany,Medium,Manufacturing,Employed,2250.0,25,7,With parents,9,6,4
1976,Gen X,France,Medium,Finance,Inactive,2290.0,24,20,With parents,4,4,10
1969,Gen X,Spain,Low,Manufacturing,Employed,1655.0,29,24,Own,3,4,9
1973,Gen X,Germany,Medium,Unemployed,Inactive,3853.0,16,34,Rent,8,9,3
1951,Baby Boomer,Netherlands,Medium,Healthcare,Unemployed,2888.0,25,29,Own,9,9,3
1993,Millennial,France,Medium,Construction,Employed,1200.0,18,30,Rent,4,6,7
1947,Baby Boomer,France,High,IT,Inactive,3548.0,16,5,With parents,2,5,8
1964,Baby Boomer,Italy,Medium,Finance,Employed,2845.0,16,10,With parents,6,1,6
1964,Baby Boomer,Poland,Low,Unemployed,Employed,2411.0,19,7,With parents,9,9,6
1997,Gen Z,Germany,Medium,Education,Employed,2794.0,17,7,Own,2,6,10
1974,Gen X,France,Low,Finance,Employed,3222.0,29,11,Rent,9,9,8
1979,Gen X,Czechia,Medium,Healthcare,Employed,1522.0,24,2,Own,5,2,10
1979,Gen X,Germany,Medium,Education,Employed,1849.0,29,15,With parents,4,8,10
1993,Millennial,Sweden,Low,Finance,Employed,2165.0,16,26,Own,8,7,2
1983,Millennial,Czechia,High,Unemployed,Employed,1084.0,18,15,Rent,2,1,5
1971,Gen X,Spain,High,Education,Employed,2856.0,17,4,Own,7,6,2
1970,Gen X,Czechia,High,Retail,Employed,1952.0,16,11,Own,10,8,3
1958,Baby Boomer,Spain,Medium,Education,Inactive,1853.0,26,2,Rent,7,10,7
1961,Baby Boomer,Poland,Medium,Finance,Employed,1621.0,24,34,Rent,1,10,1
1962,Baby Boomer,France,High,Education,Employed,2169.0,20,2,With parents,10,1,4
1989,Millennial,Czechia,Medium,IT,Employed,2340.0,26,30,Rent,8,10,7
1996,Millennial,Sweden,High,Retail,Unemployed,3096.0,21,23,With parents,1,3,5
1973,Gen X,Italy,Low,Retail,Employed,3122.0,23,28,Own,9,1,5
1964,Baby Boomer,France,Low,Healthcare,Inactive,1180.0,22,32,With parents,2,4,3
1997,Gen Z,Germany,High,Retail,Employed,2614.0,28,15,Own,10,4,8
1971,Gen X,Netherlands,High,Manufacturing,Employed,3307.0,22,32,Rent,7,6,3
1962,Baby Boomer,Spain,High,IT,Inactive,2000.0,24,9,With parents,5,6,7
1948,Baby Boomer,Germany,High,Healthcare,Inactive,2047.0,18,29,With parents,5,2,1
1945,Baby Boomer,Poland,Low,Manufacturing,Employed,1843.0,25,33,With parents,5,7,3
1994,Millennial,Spain,Low,Education,Employed,2684.0,23,34,Rent,9,7,1
1945,Baby Boomer,Italy,High,Construction,Unemployed,2459.0,21,6,Own,10,6,4
2002,Gen Z,Spain,Low,Manufacturing,Employed,3082.0,23,5,With parents,2,9,3
1970,Gen X,Netherlands,Medium,Healthcare,Employed,2100.0,19,14,Own,9,4,9
1989,Millennial,Czechia,Medium,Retail,Employed,3334.0,16,31,Own,7,8,2
1964,Baby Boomer,Sweden,Low,IT,Employed,2738.0,26,1,Own,3,2,5
1996,Millennial,Czechia,Medium,Construction,Unemployed,3259.0,28,31,With parents,3,10,10
1967,Gen X,France,Medium,Healthcare,Employed,1664.0,18,27,Own,2,4,3
1954,Baby Boomer,Netherlands,High,Manufacturing,Inactive,3611.0,25,20,With parents,10,7,3
2003,Gen Z,Sweden,High,Construction,Employed,1700.0,18,16,Own,5,7,5
1955,Baby Boomer,Netherlands,Medium,Manufacturing,Employed,1742.0,28,18,Own,3,4,2
1985,Millennial,France,Medium,Unemployed,Employed,1846.0,16,13,With parents,2,9,5
1985,Millennial,Spain,Medium,Healthcare,Unemployed,1750.0,29,33,With parents,4,2,3
1949,Baby Boomer,Poland,Low,Construction,Inactive,3904.0,28,19,Rent,9,6,2
2002,Gen Z,France,Medium,Finance,Unemployed,2670.0,29,20,Rent,1,3,5
1945,Baby Boomer,France,Low,Finance,Employed,2646.0,29,2,Rent,9,2,3
1961,Baby Boomer,Sweden,Low,Healthcare,Inactive,498.0,20,13,Own,7,1,8
1966,Gen X,Italy,Medium,Finance,Inactive,3357.0,28,20,Rent,2,10,2
1978,Gen X,Czechia,Medium,Healthcare,Employed,1265.0,27,26,Rent,2,8,7
2000,Gen Z,Spain,Low,Retail,Employed,2167.0,21,6,Rent,5,2,8
1989,Millennial,France,Medium,Construction,Employed,1566.0,24,28,Own,3,4,7
1985,Millennial,Poland,Medium,Healthcare,Employed,2416.0,23,8,Rent,1,3,2
1973,Gen X,Germany,Low,Education,Inactive,3581.0,19,14,With parents,8,8,9
1948,Baby Boomer,Spain,High,IT,Employed,1335.0,21,27,Own,5,7,10
1949,Baby Boomer,Italy,Low,IT,Employed,1553.0,18,14,Own,5,4,6
1955,Baby Boomer,Netherlands,High,Education,Employed,2326.0,16,14,With parents,6,6,9
2000,Gen Z,France,Low,Manufacturing,Employed,3613.0,24,29,Rent,8,5,3
1995,Millennial,Poland,High,Manufacturing,Unemployed,1818.0,23,31,Rent,4,2,9
1965,Gen X,Spain,Low,Manufacturing,Employed,1555.0,21,11,With parents,3,7,3
1979,Gen X,Poland,High,Unemployed,Employed,2348.0,18,19,Rent,7,9,3
1956,Baby Boomer,Poland,Medium,Construction,Inactive,2207.0,26,26,Rent,1,8,8
1970,Gen X,Czechia,High,Manufacturing,Unemployed,1278.0,20,1,Rent,2,7,6
1995,Millennial,Sweden,Medium,Retail,Employed,1835.0,29,21,Own,3,6,1
1963,Baby Boomer,Netherlands,Low,Education,Employed,429.0,29,25,With parents,5,2,2
1989,Millennial,Italy,High,IT,Employed,2173.0,24,7,Rent,10,6,10
2004,Gen Z,Czechia,Low,Education,Unemployed,1079.0,22,35,With parents,4,1,8
1951,Baby Boomer,Spain,High,IT,Unemployed,4422.0,17,25,Own,3,6,7
1991,Millennial,France,Low,Manufacturing,Employed,2699.0,21,16,Rent,10,7,8
1999,Gen Z,Italy,Medium,Retail,Employed,2428.0,28,6,With parents,4,4,8
1951,Baby Boomer,France,High,Healthcare,Employed,2674.0,24,0,Own,10,10,6
1970,Gen X,Germany,Medium,Healthcare,Employed,1758.0,26,26,Own,7,7,7
1984,Millennial,Poland,Low,Finance,Employed,2072.0,26,25,With parents,7,9,6
1949,Baby Boomer,Germany,High,Manufacturing,Employed,2655.0,25,31,Rent,5,1,1
1965,Gen X,Sweden,High,Manufacturing,Employed,1322.0,16,13,Rent,5,4,5
1958,Baby Boomer,Poland,High,Education,Unemployed,2815.0,27,18,With parents,7,10,10
1948,Baby Boomer,Netherlands,Medium,Retail,Employed,4096.0,20,8,Own,4,4,1
1967,Gen X,Italy,Medium,Retail,Unemployed,868.0,24,0,With parents,1,4,2
1986,Millennial,France,Medium,Unemployed,Employed,2679.0,27,20,With parents,4,1,5
1964,Baby Boomer,Czechia,Medium,Education,Unemployed,1463.0,18,19,Own,9,7,2
1959,Baby Boomer,Sweden,High,Retail,Employed,2822.0,18,32,With parents,10,8,4
1994,Millennial,Netherlands,Medium,Construction,Employed,2505.0,27,32,Own,10,7,3
1996,Millennial,France,Medium,Construction,Employed,3892.0,27,17,Own,10,2,9
1989,Millennial,Italy,Medium,Retail,Employed,3731.0,25,16,With parents,2,4,10
1973,Gen X,Spain,High,Construction,Unemployed,897.0,24,12,With parents,1,2,5
1952,Baby Boomer,Sweden,High,Unemployed,Employed,2888.0,18,8,With parents,9,7,2
1985,Millennial,Germany,Medium,Healthcare,Employed,2872.0,28,0,Rent,6,4,10
1992,Millennial,Germany,Medium,Retail,Employed,3270.0,26,22,Own,2,7,6
1963,Baby Boomer,Czechia,High,Construction,Inactive,2625.0,24,33,Own,7,6,6
1992,Millennial,France,Medium,Manufacturing,Employed,2737.0,27,35,Own,4,10,5
1983,Millennial,France,Low,Healthcare,Employed,1271.0,25,13,Own,9,10,3
1990,Millennial,France,Low,Manufacturing,Unemployed,2580.0,18,20,Own,6,3,8
1972,Gen X,Sweden,Low,Manufacturing,Employed,2005.0,23,20,Rent,7,9,5
1990,Millennial,Italy,Medium,Construction,Employed,2815.0,25,27,Own,3,8,10
2001,Gen Z,Spain,High,Construction,Employed,2115.0,27,31,Rent,6,7,9
1971,Gen X,Germany,Medium,Education,Employed,2602.0,29,29,With parents,1,3,4
1948,Baby Boomer,Netherlands,Medium,Finance,Employed,2755.0,24,11,With parents,5,5,4
2002,Gen Z,Poland,High,Retail,Employed,2771.0,18,28,Rent,10,8,2
1959,Baby Boomer,Sweden,High,Retail,Inactive,1531.0,16,0,Own,5,2,3
1979,Gen X,Sweden,Medium,Retail,Unemployed,4377.0,28,25,Own,2,4,7
1981,Millennial,Italy,Medium,Retail,Inactive,2428.0,24,15,Own,6,5,6
1945,Baby Boomer,Germany,Low,Construction,Employed,2769.0,22,17,Own,3,2,7
1947,Baby Boomer,Czechia,Low,Healthcare,Employed,2253.0,21,32,Own,4,6,7
1991,Millennial,Spain,Low,IT,Inactive,1203.0,27,22,Rent,3,7,9
1968,Gen X,Italy,Medium,Manufacturing,Employed,2905.0,19,4,Rent,1,8,3
1971,Gen X,Netherlands,Medium,Finance,Unemployed,2442.0,20,20,Rent,1,4,6
1984,Millennial,Germany,Low,Unemployed,Employed,3000.0,22,0,With parents,5,5,2
1980,Gen X,Italy,Low,Finance,Unemployed,1602.0,24,30,With parents,10,3,3
1978,Gen X,Germany,Low,IT,Inactive,1901.0,21,17,Rent,6,5,6
1973,Gen X,Germany,Medium,Unemployed,Employed,2441.0,27,20,Rent,5,6,1
1968,Gen X,Czechia,Medium,Unemployed,Employed,2243.0,19,6,With parents,4,4,8
1968,Gen X,Sweden,Medium,IT,Employed,1942.0,27,0,Rent,6,6,4
1986,Millennial,Spain,Medium,Unemployed,Employed,2442.0,19,22,With parents,9,9,5
1948,Baby Boomer,Sweden,Medium,IT,Employed,3487.0,25,26,With parents,4,4,5
1947,Baby Boomer,Poland,Low,Construction,Employed,2612.0,18,1,Rent,9,7,6
1978,Gen X,Spain,Low,Healthcare,Employed,3256.0,17,33,Rent,10,8,1
2001,Gen Z,Germany,High,IT,Employed,2049.0,19,15,With parents,7,10,8
1993,Millennial,Italy,High,Unemployed,Employed,2249.0,21,9,Rent,4,3,5
1967,Gen X,Netherlands,Medium,Unemployed,Employed,2419.0,16,19,Own,10,7,3
1997,Gen Z,Czechia,High,Healthcare,Employed,1800.0,17,24,With parents,4,9,8
2000,Gen Z,Spain,Medium,Construction,Unemployed,2426.0,23,3,With parents,3,10,10
1996,Millennial,Poland,Low,Education,Inactive,3611.0,28,31,Own,7,1,3
1967,Gen X,Germany,High,Unemployed,Employed,3770.0,18,27,Own,4,1,3
1989,Millennial,Netherlands,Low,Unemployed,Employed,3438.0,16,12,Own,10,7,8
1949,Baby Boomer,Spain,Medium,Education,Unemployed,2475.0,17,4,Rent,4,2,10
1975,Gen X,Sweden,Medium,Finance,Employed,1553.0,18,16,Own,7,8,8
1997,Gen Z,Sweden,Medium,Education,Employed,4402.0,29,6,Own,7,6,3
1985,Millennial,Spain,Medium,Healthcare,Employed,1738.0,17,9,Rent,2,2,4
2001,Gen Z,Spain,Medium,Healthcare,Employed,3572.0,28,26,Own,8,4,6
2001,Gen Z,Spain,Medium,Manufacturing,Employed,2529.0,19,34,With parents,7,7,1
2004,Gen Z,Netherlands,Medium,Unemployed,Inactive,1270.0,28,22,Own,1,8,9
1998,Gen Z,Sweden,Medium,IT,Employed,866.0,19,15,Own,10,5,2
1950,Baby Boomer,Italy,High,Retail,Inactive,3451.0,26,26,Rent,9,2,1
1981,Millennial,Poland,High,Retail,Employed,1683.0,25,14,Rent,8,2,5
2001,Gen Z,Poland,Medium,IT,Unemployed,1066.0,17,5,Own,1,4,7
1954,Baby Boomer,Czechia,Low,Retail,Employed,1958.0,28,23,Own,5,3,8
1984,Millennial,Germany,High,Retail,Employed,2195.0,16,22,With parents,6,7,5
1951,Baby Boomer,France,Low,Construction,Unemployed,2534.0,18,4,Rent,8,5,8
1983,Millennial,Italy,Low,Retail,Inactive,2487.0,29,6,With parents,10,5,3
1982,Millennial,Sweden,Medium,Finance,Employed,1541.0,19,21,With parents,7,10,7
1965,Gen X,Germany,High,Unemployed,Unemployed,2201.0,26,28,Own,5,8,8
1964,Baby Boomer,Czechia,Low,Unemployed,Employed,3746.0,21,30,Own,1,1,5
1947,Baby Boomer,Germany,Low,Unemployed,Unemployed,1253.0,20,34,Own,4,6,5
1995,Millennial,Spain,Medium,Healthcare,Unemployed,2624.0,29,33,With parents,9,6,7
1966,Gen X,France,Medium,Healthcare,Employed,1251.0,17,18,With parents,8,4,2
1991,Millennial,Sweden,Medium,Healthcare,Employed,1830.0,19,33,Rent,10,7,3
1948,Baby Boomer,France,Medium,IT,Employed,3219.0,27,29,Rent,10,9,9
1972,Gen X,Italy,Medium,Education,Inactive,370.0,21,18,Rent,2,9,7
1956,Baby Boomer,France,Low,Finance,Employed,4088.0,27,17,Rent,2,8,6
1982,Millennial,Germany,Low,Finance,Employed,1036.0,19,0,Rent,8,1,1
1995,Millennial,France,High,Retail,Employed,392.0,26,15,Rent,3,9,7
1980,Gen X,France,High,Unemployed,Unemployed,2217.0,26,27,With parents,5,4,5
1991,Millennial,Poland,Low,Manufacturing,Employed,1814.0,29,10,Own,9,3,6
1985,Millennial,Sweden,Low,Healthcare,Unemployed,1643.0,22,31,Rent,2,2,2
1949,Baby Boomer,Sweden,Low,Construction,Inactive,2777.0,28,25,With parents,8,4,8
1957,Baby Boomer,Germany,Medium,Finance,Employed,1367.0,21,9,With parents,2,7,10
1967,Gen X,Netherlands,High,Finance,Employed,2713.0,21,22,Own,3,10,6
2002,Gen Z,France,Medium,Manufacturing,Inactive,2945.0,25,32,Rent,7,1,2
1994,Millennial,France,Medium,Retail,Employed,965.0,29,13,Own,7,2,8
1974,Gen X,Spain,High,Finance,Unemployed,3124.0,29,8,Own,5,1,1
1981,Millennial,Sweden,High,Unemployed,Unemployed,2896.0,17,13,Own,1,6,2
1969,Gen X,France,Low,Finance,Employed,3597.0,26,35,Rent,2,10,5
1992,Millennial,Sweden,Low,Education,Employed,2205.0,28,1,Rent,7,7,6
1971,Gen X,France,Low,Manufacturing,Employed,1449.0,22,10,Rent,8,8,5
1995,Millennial,Poland,High,Construction,Employed,3329.0,24,13,With parents,6,2,2
1958,Baby Boomer,Germany,High,Construction,Employed,2244.0,21,35,With parents,3,1,3
2001,Gen Z,Sweden,Medium,Retail,Employed,3841.0,23,34,With parents,3,2,10
1992,Millennial,Italy,Low,Retail,Employed,2838.0,21,24,Rent,9,8,4
2003,Gen Z,Germany,Medium,Healthcare,Employed,2177.0,21,32,Own,3,5,8
1991,Millennial,Spain,Medium,Education,Employed,1407.0,19,8,Own,6,6,1
1998,Gen Z,Germany,Medium,Retail,Inactive,2106.0,21,12,With parents,3,4,6
1980,Gen X,France,Medium,Unemployed,Employed,3044.0,25,9,Own,10,3,7
1983,Millennial,Spain,Low,Education,Employed,843.0,19,32,With parents,3,9,9
1960,Baby Boomer,Germany,High,Healthcare,Inactive,1835.0,25,8,Own,9,5,3
2000,Gen Z,Czechia,Medium,Unemployed,Employed,747.0,21,12,Rent,8,7,10
1966,Gen X,Spain,Medium,Construction,Inactive,1263.0,16,23,With parents,7,7,3
1965,Gen X,Czechia,Low,Manufacturing,Employed,1650.0,22,16,With parents,3,7,10
1998,Gen Z,Italy,High,Finance,Unemployed,1956.0,29,32,Own,5,8,4
1965,Gen X,Germany,Medium,Finance,Employed,2518.0,17,22,Rent,1,3,1
1952,Baby Boomer,Sweden,High,IT,Unemployed,2832.0,21,26,Rent,2,1,7
1993,Millennial,Sweden,Medium,IT,Inactive,3445.0,24,25,Rent,9,4,10
1960,Baby Boomer,Netherlands,High,IT,Employed,3643.0,25,23,Rent,3,1,3
2003,Gen Z,France,High,Finance,Employed,3267.0,18,10,With parents,5,4,5
1999,Gen Z,Czechia,Medium,Education,Unemployed,1859.0,19,28,Rent,4,2,7
1975,Gen X,Spain,High,Unemployed,Employed,2410.0,20,4,Own,8,8,5
1986,Millennial,Netherlands,Medium,IT,Unemployed,1694.0,23,23,With parents,1,6,6
1954,Baby Boomer,Netherlands,Medium,Manufacturing,Employed,2426.0,28,8,Own,6,5,4
1976,Gen X,Poland,Low,Retail,Inactive,2055.0,25,9,Rent,6,2,1
2003,Gen Z,Czechia,Medium,Unemployed,Employed,1172.0,28,10,With parents,8,10,7
1978,Gen X,Spain,High,Education,Employed,3507.0,21,30,Own,1,3,2
1953,Baby Boomer,Netherlands,High,Finance,Employed,3737.0,27,2,Rent,4,9,7
1961,Baby Boomer,Poland,Low,Manufacturing,Employed,1518.0,23,24,With parents,1,5,1
1955,Baby Boomer,Netherlands,Medium,Construction,Employed,2669.0,18,26,Rent,9,2,9
1976,Gen X,France,Low,Finance,Employed,1557.0,18,0,Rent,6,1,10
1954,Baby Boomer,Italy,Medium,Education,Employed,2129.0,24,15,Rent,7,5,4
1966,Gen X,Czechia,Low,Education,Inactive,1722.0,28,34,Rent,1,3,9
2001,Gen Z,Poland,High,Education,Employed,1636.0,21,14,Own,10,5,3
1961,Baby Boomer,Italy,Low,Healthcare,Unemployed,2371.0,23,33,Rent,4,8,2
1948,Baby Boomer,Spain,Medium,Retail,Employed,566.0,19,10,With parents,7,4,5
1992,Millennial,France,High,Unemployed,Employed,1729.0,20,8,Own,4,6,3
1996,Millennial,Poland,Medium,IT,Employed,5814.0,27,23,Rent,5,8,6
1991,Millennial,Spain,Low,Healthcare,Employed,813.0,24,34,With parents,1,3,4
1969,Gen X,Netherlands,Medium,Retail,Employed,1858.0,22,21,With parents,3,10,4
2003,Gen Z,Sweden,Low,Finance,Employed,2459.0,29,6,Own,8,8,10
1965,Gen X,Germany,High,IT,Employed,2038.0,20,29,Own,9,1,5
1981,Millennial,Spain,Medium,Construction,Employed,1512.0,22,28,Own,8,10,6
1982,Millennial,Italy,Medium,Healthcare,Employed,3071.0,26,8,Own,4,4,10
1993,Millennial,France,Medium,Healthcare,Employed,2334.0,24,0,Rent,10,6,10
1945,Baby Boomer,France,Low,Unemployed,Employed,1639.0,29,2,Own,1,4,10
1969,Gen X,Spain,High,Manufacturing,Employed,2972.0,28,4,Own,4,7,6
1995,Millennial,Netherlands,High,Unemployed,Employed,1725.0,18,10,With parents,6,4,7
1980,Gen X,Germany,High,Construction,Employed,1413.0,18,3,Own,2,6,7
1961,Baby Boomer,Czechia,Medium,Construction,Employed,2729.0,19,32,With parents,7,10,4
1985,Millennial,Italy,Medium,Healthcare,Employed,1024.0,26,32,Rent,3,4,6
1968,Gen X,Spain,Low,Education,Employed,3782.0,25,19,With parents,8,6,4
1946,Baby Boomer,Spain,Medium,Finance,Employed,3564.0,22,19,Rent,4,8,2
1984,Millennial,Sweden,Medium,Construction,Unemployed,2692.0,20,33,With parents,9,2,8
1959,Baby Boomer,France,Medium,Unemployed,Employed,1676.0,20,20,With parents,1,5,1
1976,Gen X,Italy,High,Healthcare,Employed,1239.0,19,6,Own,10,7,5
1983,Millennial,Germany,Low,Education,Employed,0.0,23,15,With parents,1,5,3
2003,Gen Z,France,Low,Retail,Employed,3654.0,18,31,Rent,5,7,6
1950,Baby Boomer,Spain,Low,Retail,Inactive,1328.0,27,35,With parents,9,3,8
1945,Baby Boomer,France,Low,Unemployed,Unemployed,2519.0,17,10,Own,6,4,1
1991,Millennial,France,Low,Construction,Employed,2379.0,19,28,Own,2,5,10
1967,Gen X,Poland,Medium,Education,Inactive,695.0,28,33,Rent,9,3,4
2002,Gen Z,France,Medium,Manufacturing,Employed,1656.0,23,9,Own,7,6,4
1983,Millennial,Netherlands,Low,Unemployed,Employed,1180.0,29,2,With parents,5,10,6
2001,Gen Z,France,High,Manufacturing,Employed,2914.0,29,21,Rent,7,7,1
1961,Baby Boomer,Czechia,Low,Retail,Employed,2953.0,19,31,Own,9,6,6
1978,Gen X,Netherlands,Medium,Finance,Inactive,1980.0,23,19,With parents,8,6,10
2003,Gen Z,Italy,Medium,Healthcare,Inactive,1442.0,20,1,Own,8,5,9
1985,Millennial,France,Medium,Unemployed,Employed,2369.0,24,7,Own,9,6,1
1973,Gen X,Germany,High,Construction,Employed,3196.0,17,24,Rent,3,6,3
1953,Baby Boomer,Netherlands,Low,Construction,Employed,867.0,23,10,Rent,1,10,5
1957,Baby Boomer,Netherlands,Medium,Retail,Unemployed,4101.0,22,23,Rent,4,8,10
1950,Baby Boomer,Spain,High,Retail,Employed,1981.0,17,25,With parents,9,1,2
1950,Baby Boomer,Italy,Medium,Unemployed,Employed,2093.0,20,34,Own,10,2,3
1964,Baby Boomer,France,Medium,Unemployed,Employed,3642.0,21,4,Rent,1,6,2
1996,Millennial,Sweden,Medium,Education,Inactive,2150.0,24,14,With parents,10,6,4
1997,Gen Z,Germany,Medium,Manufacturing,Unemployed,2105.0,26,13,With parents,1,7,8
1947,Baby Boomer,Spain,High,Finance,Employed,1378.0,27,17,With parents,6,1,9
1961,Baby Boomer,Italy,Low,Education,Employed,1681.0,23,11,Own,4,6,8
1993,Millennial,Czechia,Low,Retail,Inactive,1564.0,22,2,Rent,1,8,10
1956,Baby Boomer,Netherlands,Medium,IT,Unemployed,611.0,26,32,Own,4,3,10
1992,Millennial,Germany,Low,Healthcare,Employed,328.0,16,3,With parents,6,4,1
1991,Millennial,Czechia,Medium,Retail,Employed,1992.0,25,25,Own,8,1,9
1989,Millennial,France,Low,Unemployed,Inactive,957.0,18,20,Rent,9,3,5
1999,Gen Z,Sweden,Low,Education,Inactive,2787.0,16,15,With parents,10,7,2
1945,Baby Boomer,Poland,Low,IT,Unemployed,2001.0,25,22,Own,6,9,9
1961,Baby Boomer,Poland,High,IT,Employed,764.0,21,23,Rent,2,2,2
1947,Baby Boomer,Italy,Low,Retail,Unemployed,3572.0,18,8,Rent,6,6,1
1970,Gen X,Sweden,Low,Finance,Employed,1816.0,29,18,Rent,1,7,3
1959,Baby Boomer,Germany,Low,Manufacturing,Inactive,2664.0,17,26,Rent,1,2,6
1980,Gen X,Spain,High,IT,Employed,3680.0,28,30,With parents,1,8,3
1976,Gen X,Germany,High,Construction,Employed,2170.0,25,0,With parents,6,2,6
1976,Gen X,Sweden,High,Unemployed,Employed,2213.0,17,12,Own,7,10,3
1948,Baby Boomer,Czechia,Low,Unemployed,Unemployed,3494.0,23,3,Rent,1,5,10
1962,Baby Boomer,Netherlands,High,Healthcare,Employed,1935.0,16,24,Rent,3,10,2
1993,Millennial,Poland,Medium,Unemployed,Employed,3166.0,24,9,With parents,3,10,2
1963,Baby Boomer,Italy,Medium,Education,Unemployed,2133.0,27,22,Own,7,6,4
1987,Millennial,France,Medium,Education,Employed,2353.0,22,29,Own,4,1,3
1996,Millennial,Germany,High,Education,Employed,2341.0,16,13,With parents,9,7,8
1979,Gen X,Poland,High,Construction,Inactive,1867.0,20,31,With parents,9,6,1
1984,Millennial,Spain,High,Retail,Employed,1719.0,20,29,With parents,10,4,6
1958,Baby Boomer,Italy,High,Education,Unemployed,1613.0,29,4,With parents,4,2,6
2002,Gen Z,France,Low,Construction,Employed,1034.0,17,14,With parents,3,6,5
1977,Gen X,Germany,Medium,Education,Unemployed,1798.0,16,16,With parents,6,9,10
1958,Baby Boomer,Spain,Low,Healthcare,Unemployed,1961.0,22,32,Own,9,8,8
1978,Gen X,France,High,Construction,Employed,2567.0,27,11,With parents,10,10,1
1999,Gen Z,Netherlands,Low,Manufacturing,Inactive,2117.0,24,24,With parents,8,6,5
1948,Baby Boomer,Poland,High,Finance,Employed,3170.0,23,18,Own,7,5,4
1968,Gen X,Netherlands,Medium,Retail,Unemployed,3129.0,22,22,Own,7,10,8
2003,Gen Z,Poland,Medium,Retail,Unemployed,3411.0,19,4,Rent,5,7,10
1973,Gen X,Spain,Low,Education,Employed,2018.0,25,20,Rent,9,3,2
1963,Baby Boomer,Czechia,Medium,Healthcare,Employed,1740.0,22,35,Own,2,9,10
1950,Baby Boomer,Netherlands,High,IT,Inactive,969.0,29,13,With parents,5,6,7
2001,Gen Z,Poland,Low,Construction,Employed,3378.0,29,5,Own,5,2,2
1977,Gen X,Italy,Medium,Education,Employed,1161.0,28,18,With parents,5,5,8
1993,Millennial,Spain,Low,Construction,Employed,1389.0,23,3,With parents,8,9,5
1984,Millennial,Poland,Medium,Education,Employed,2403.0,24,23,With parents,1,6,2
1963,Baby Boomer,Germany,Low,Retail,Inactive,1922.0,24,25,Own,4,9,1
1997,Gen Z,Poland,Medium,Retail,Employed,3503.0,20,18,With parents,1,1,9
1945,Baby Boomer,Netherlands,High,Education,Employed,1509.0,20,31,Own,5,2,2
1949,Baby Boomer,Italy,Medium,Retail,Unemployed,2226.0,21,34,With parents,7,9,1
1971,Gen X,France,Medium,Healthcare,Employed,533.0,29,1,With parents,2,9,7
1960,Baby Boomer,Czechia,Medium,IT,Employed,3309.0,23,32,Own,2,1,6
1950,Baby Boomer,France,Low,IT,Unemployed,692.0,29,9,Own,7,5,8
1984,Millennial,Poland,Medium,Construction,Unemployed,4439.0,18,32,With parents,2,6,10
1957,Baby Boomer,France,Medium,IT,Unemployed,2094.0,18,22,With parents,2,5,3
1992,Millennial,Poland,Low,Construction,Employed,1941.0,26,33,Rent,6,10,3
1979,Gen X,Italy,Medium,Education,Employed,2172.0,20,35,Own,5,3,6
1963,Baby Boomer,France,Medium,Finance,Employed,1233.0,26,29,Rent,1,6,6
1956,Baby Boomer,Netherlands,High,Education,Employed,2792.0,16,4,Rent,7,9,3
1960,Baby Boomer,Netherlands,High,Education,Employed,1832.0,20,20,Rent,2,10,6
2003,Gen Z,Germany,Low,Healthcare,Employed,1919.0,24,15,Own,2,4,1
1987,Millennial,Poland,Medium,IT,Employed,3357.0,20,6,With parents,3,2,1
1954,Baby Boomer,France,Medium,Retail,Employed,652.0,22,8,With parents,9,3,5
1969,Gen X,Netherlands,Low,Retail,Employed,2024.0,25,23,Own,1,7,4
1964,Baby Boomer,Sweden,High,Manufacturing,Employed,2102.0,24,25,Rent,8,1,2
1975,Gen X,Italy,High,Manufacturing,Employed,2324.0,23,31,Own,2,7,3
1948,Baby Boomer,Czechia,Medium,Construction,Employed,1699.0,20,26,With parents,9,10,1
1988,Millennial,Italy,Medium,Unemployed,Employed,1913.0,27,18,Own,5,10,6
1967,Gen X,Sweden,Low,Finance,Unemployed,3864.0,28,7,Rent,9,7,10
1946,Baby Boomer,Sweden,Medium,Construction,Inactive,2650.0,17,5,Own,10,10,5
2000,Gen Z,Germany,High,Retail,Unemployed,1499.0,20,18,With parents,9,10,10
1966,Gen X,Italy,Medium,IT,Employed,2787.0,25,22,With parents,5,6,6
1995,Millennial,Italy,Medium,Construction,Employed,2241.0,23,1,With parents,2,2,6
2001,Gen Z,France,Medium,Education,Employed,2868.0,26,2,Rent,9,1,2
1981,Millennial,Poland,Medium,Retail,Unemployed,2016.0,16,1,With parents,8,3,8
1952,Baby Boomer,Spain,Medium,Finance,Employed,1473.0,25,12,With parents,3,9,6
1951,Baby Boomer,Czechia,Medium,Finance,Employed,698.0,19,31,Own,1,10,2
1958,Baby Boomer,Italy,Medium,Retail,Employed,3237.0,16,24,Own,5,5,1
2000,Gen Z,Czechia,High,Unemployed,Employed,2816.0,20,12,Rent,2,5,9
1999,Gen Z,Czechia,High,Manufacturing,Unemployed,2521.0,28,29,Rent,9,10,4
1947,Baby Boomer,Czechia,Low,Unemployed,Employed,2784.0,17,18,Own,5,10,10
1994,Millennial,Italy,High,IT,Employed,3313.0,27,23,With parents,7,4,8
1960,Baby Boomer,Spain,Medium,Retail,Employed,685.0,17,32,Own,1,4,2
1999,Gen Z,Italy,High,Education,Employed,2275.0,22,12,Own,1,7,9
1963,Baby Boomer,France,High,Education,Unemployed,570.0,19,30,With parents,8,10,8
1995,Millennial,France,Medium,Healthcare,Employed,1845.0,29,7,Own,8,2,2
1962,Baby Boomer,Spain,High,Education,Unemployed,2497.0,17,29,Own,8,7,9
1996,Millennial,Netherlands,Low,Retail,Employed,1883.0,26,18,With parents,7,4,8
1960,Baby Boomer,Italy,Low,Retail,Employed,3786.0,18,31,With parents,5,6,2
1952,Baby Boomer,Netherlands,Medium,Education,Unemployed,1938.0,18,29,Rent,1,1,6
2004,Gen Z,Czechia,High,Manufacturing,Inactive,1507.0,17,16,Rent,8,7,5
1977,Gen X,Italy,High,IT,Employed,2229.0,22,33,Own,10,3,2
1993,Millennial,Poland,Medium,Finance,Employed,1268.0,16,15,Rent,7,9,8
1956,Baby Boomer,Italy,Medium,Retail,Employed,1411.0,28,5,With parents,3,5,1
1997,Gen Z,France,Medium,Education,Employed,3043.0,24,1,With parents,7,6,8
1955,Baby Boomer,Germany,High,Finance,Employed,3091.0,20,4,Rent,5,10,6
1949,Baby Boomer,Sweden,Medium,Education,Employed,2341.0,19,18,With parents,10,6,9
1971,Gen X,Germany,High,Retail,Employed,2749.0,18,0,With parents,10,7,6
1956,Baby Boomer,Germany,Medium,Healthcare,Inactive,4080.0,18,24,Own,10,3,1
1961,Baby Boomer,Germany,Medium,IT,Employed,2147.0,28,15,With parents,4,1,10
1950,Baby Boomer,Sweden,Medium,Retail,Inactive,1420.0,18,29,Own,1,1,5
1977,Gen X,Netherlands,High,Finance,Unemployed,2682.0,16,29,With parents,10,7,7
1949,Baby Boomer,Sweden,Medium,Education,Inactive,2952.0,17,9,Own,2,10,4
2001,Gen Z,Netherlands,High,Healthcare,Inactive,3040.0,26,23,Rent,2,2,4
1972,Gen X,Sweden,Low,Construction,Unemployed,3230.0,29,20,Own,10,7,3
1958,Baby Boomer,Sweden,Medium,Retail,Unemployed,3095.0,22,14,With parents,2,8,8
1949,Baby Boomer,Italy,High,IT,Employed,2668.0,18,4,Own,9,1,5
1998,Gen Z,Netherlands,High,Healthcare,Employed,2772.0,21,35,Own,6,5,6
2000,Gen Z,Italy,High,Finance,Inactive,2570.0,19,21,Own,5,10,3
2003,Gen Z,Poland,Low,Unemployed,Employed,770.0,25,7,Rent,10,2,1
1977,Gen X,Italy,Low,Education,Employed,653.0,20,30,With parents,4,3,8
1994,Millennial,Germany,Medium,Manufacturing,Unemployed,1252.0,23,0,Own,9,5,8
1992,Millennial,Spain,Low,Construction,Employed,2938.0,17,19,Rent,9,10,7
1985,Millennial,Spain,High,Construction,Unemployed,1806.0,25,27,Own,10,5,7
1963,Baby Boomer,France,Low,IT,Employed,2323.0,20,30,Own,7,2,4
1966,Gen X,France,Medium,Unemployed,Employed,3607.0,17,23,With parents,5,4,10
1949,Baby Boomer,Czechia,Low,Healthcare,Employed,3175.0,27,6,Rent,6,7,6
2003,Gen Z,Italy,Medium,Retail,Inactive,244.0,29,1,Own,3,6,6
1946,Baby Boomer,Sweden,Medium,Retail,Employed,2857.0,24,8,With parents,2,3,8
1974,Gen X,Sweden,Low,Healthcare,Unemployed,2251.0,17,18,Own,10,4,1
1991,Millennial,Spain,Medium,Retail,Employed,1610.0,16,24,With parents,10,7,6
1983,Millennial,Germany,Medium,Construction,Employed,1905.0,19,22,Rent,4,1,2
1948,Baby Boomer,Netherlands,High,Construction,Employed,1918.0,27,9,Rent,3,8,5
1977,Gen X,Germany,Low,Construction,Employed,1020.0,22,22,Rent,4,8,9
1957,Baby Boomer,Czechia,Medium,Healthcare,Employed,2420.0,17,32,Own,10,3,1
1964,Baby Boomer,Germany,High,IT,Employed,4159.0,26,18,Rent,1,6,6
1998,Gen Z,Italy,High,Construction,Employed,3114.0,25,33,Rent,1,2,9
1951,Baby Boomer,Italy,High,Retail,Employed,376.0,24,2,With parents,6,8,5
1959,Baby Boomer,Poland,High,Unemployed,Inactive,2462.0,27,6,Rent,10,8,5
1967,Gen X,Czechia,Medium,IT,Employed,2462.0,16,0,With parents,4,3,3
1958,Baby Boomer,Germany,Medium,Unemployed,Employed,1305.0,16,35,Rent,2,6,2
1967,Gen X,Sweden,Low,Education,Employed,1110.0,23,0,Own,3,1,7
1963,Baby Boomer,Sweden,Medium,Education,Inactive,3008.0,20,29,Own,8,4,3
1998,Gen Z,Czechia,High,Education,Inactive,2294.0,27,31,Rent,6,9,3
1973,Gen X,Germany,Medium,Education,Inactive,1770.0,27,18,With parents,2,7,2
2000,Gen Z,Italy,High,Retail,Employed,2742.0,24,9,Own,7,4,4
1964,Baby Boomer,Italy,High,Healthcare,Unemployed,4106.0,23,32,Own,2,3,8
1973,Gen X,Poland,Medium,Retail,Unemployed,2432.0,21,3,Own,1,10,4
1968,Gen X,Poland,High,Finance,Inactive,2462.0,19,19,With parents,5,8,4
1962,Baby Boomer,France,Medium,Retail,Employed,2181.0,29,14,Rent,10,8,10
1954,Baby Boomer,Czechia,Low,IT,Inactive,1847.0,21,29,Own,9,6,10
1985,Millennial,Spain,High,Healthcare,Employed,2937.0,17,6,Own,5,7,6
2001,Gen Z,Germany,Medium,Unemployed,Employed,2027.0,20,17,Own,1,2,9
1952,Baby Boomer,Czechia,High,Construction,Employed,2650.0,25,29,Own,2,3,3
1970,Gen X,Sweden,Medium,Manufacturing,Employed,3551.0,18,7,Own,4,4,7
1973,Gen X,Germany,Medium,Manufacturing,Employed,2870.0,18,20,Own,5,6,4
1954,Baby Boomer,Poland,High,Construction,Employed,1054.0,29,6,Rent,2,2,7
1961,Baby Boomer,Poland,Medium,Healthcare,Unemployed,1001.0,16,4,Own,3,3,4
1946,Baby Boomer,France,Medium,Manufacturing,Employed,3328.0,29,31,Own,6,8,6
1950,Baby Boomer,Spain,Low,Healthcare,Employed,2099.0,26,15,Own,6,3,3
2002,Gen Z,France,High,IT,Employed,2435.0,23,25,Rent,10,10,4
1949,Baby Boomer,Sweden,Low,IT,Inactive,1487.0,25,26,With parents,1,8,5
1972,Gen X,Spain,High,Retail,Employed,2754.0,18,27,With parents,10,7,7
1985,Millennial,Netherlands,Medium,Manufacturing,Employed,3899.0,16,32,Own,8,9,1
1949,Baby Boomer,Germany,Medium,Construction,Unemployed,2336.0,19,1,Rent,6,6,8
1962,Baby Boomer,France,High,Healthcare,Employed,2783.0,28,14,Rent,3,5,6
1970,Gen X,Poland,Low,Unemployed,Employed,3321.0,16,6,With parents,2,2,8
1964,Baby Boomer,France,Medium,IT,Employed,3712.0,16,19,With parents,9,1,8
1985,Millennial,Netherlands,High,Retail,Employed,1589.0,16,12,Rent,8,4,9
1993,Millennial,France,High,Manufacturing,Employed,2572.0,17,31,Own,3,7,4
1971,Gen X,Germany,Medium,Manufacturing,Employed,3348.0,27,28,Rent,7,3,3
1993,Millennial,Netherlands,Medium,Manufacturing,Inactive,3599.0,16,3,With parents,7,5,1
1956,Baby Boomer,Czechia,High,Unemployed,Employed,1819.0,27,18,Rent,1,8,9
1951,Baby Boomer,Czechia,High,IT,Employed,1597.0,21,9,Own,6,2,2
2003,Gen Z,Czechia,High,Unemployed,Inactive,2061.0,22,35,Own,3,9,9
1947,Baby Boomer,Poland,Medium,IT,Employed,1911.0,16,11,With parents,10,5,10
1954,Baby Boomer,Poland,High,Manufacturing,Employed,1949.0,25,21,Rent,3,5,8
1978,Gen X,Czechia,Medium,IT,Employed,2571.0,16,26,Rent,5,3,9
1969,Gen X,Czechia,Low,Manufacturing,Employed,1713.0,29,34,Own,6,2,2
1979,Gen X,Czechia,Medium,Education,Employed,3603.0,26,16,Rent,9,9,7
1960,Baby Boomer,Italy,Low,IT,Inactive,1836.0,25,5,Own,5,4,7
1946,Baby Boomer,Czechia,Low,Healthcare,Employed,1659.0,24,13,Own,3,5,3
2004,Gen Z,Netherlands,Medium,IT,Employed,1147.0,24,32,Rent,1,3,4
1968,Gen X,Italy,Low,Manufacturing,Inactive,3332.0,16,27,With parents,3,6,10
1954,Baby Boomer,Italy,Medium,Healthcare,Inactive,1036.0,26,6,Rent,4,5,9
1982,Millennial,Germany,Low,Retail,Employed,2612.0,23,10,Rent,10,3,1
1966,Gen X,France,Low,Healthcare,Unemployed,2825.0,18,32,With parents,7,10,3
1970,Gen X,Poland,Low,Healthcare,Employed,0.0,22,2,Rent,5,1,7
1987,Millennial,Poland,Low,IT,Employed,1022.0,16,21,Own,3,10,2
1999,Gen Z,France,Medium,Finance,Employed,1860.0,22,12,Rent,9,3,3
1983,Millennial,Poland,Medium,Healthcare,Employed,3905.0,26,28,Own,10,3,4
1971,Gen X,France,High,Healthcare,Employed,1860.0,16,5,With parents,6,5,1
1973,Gen X,Netherlands,High,Construction,Employed,1747.0,18,27,Rent,5,9,9
1991,Millennial,Germany,High,Manufacturing,Employed,1525.0,27,14,Rent,7,4,9
1982,Millennial,Czechia,Low,IT,Employed,1511.0,29,23,With parents,10,2,3
1964,Baby Boomer,Germany,Medium,Manufacturing,Employed,1628.0,22,25,With parents,1,1,5
1971,Gen X,Sweden,Low,IT,Inactive,1595.0,16,0,Own,8,7,2
1985,Millennial,Germany,High,Unemployed,Unemployed,1557.0,29,25,With parents,7,9,8
1998,Gen Z,France,Low,Retail,Employed,1556.0,24,30,Own,5,6,5
1964,Baby Boomer,Sweden,Medium,Finance,Inactive,1857.0,20,22,With parents,6,9,2
1988,Millennial,France,Low,Healthcare,Employed,3056.0,28,31,Own,9,4,6
1963,Baby Boomer,Czechia,Low,Construction,Employed,1191.0,17,0,With parents,1,6,6
1964,Baby Boomer,Spain,High,IT,Employed,1618.0,19,17,Own,3,2,5
1979,Gen X,Sweden,High,Healthcare,Employed,1732.0,23,16,Own,9,10,6
1991,Millennial,Czechia,High,Healthcare,Unemployed,2200.0,19,27,Rent,3,5,8
1946,Baby Boomer,Czechia,Medium,Education,Inactive,1513.0,25,0,Own,6,7,5
1974,Gen X,Poland,High,Unemployed,Employed,4068.0,20,35,Rent,10,6,1
1997,Gen Z,Poland,Medium,Unemployed,Employed,2725.0,17,4,Rent,2,1,2
1978,Gen X,Spain,High,Manufacturing,Employed,3077.0,20,4,With parents,9,3,9
1966,Gen X,Spain,Medium,Unemployed,Employed,2415.0,22,1,Rent,5,5,8
1947,Baby Boomer,Germany,Medium,Unemployed,Unemployed,3464.0,24,10,Own,8,9,4
1950,Baby Boomer,Czechia,Medium,Unemployed,Employed,1171.0,23,34,With parents,2,1,1
1959,Baby Boomer,Spain,Medium,Finance,Employed,1698.0,29,29,Own,8,10,8
1971,Gen X,France,High,Construction,Unemployed,1465.0,25,31,Rent,5,9,1
1954,Baby Boomer,Czechia,High,IT,Employed,2046.0,26,7,Rent,3,1,9
1953,Baby Boomer,Italy,Medium,Unemployed,Inactive,3625.0,21,1,Rent,6,2,10
1977,Gen X,France,Medium,Retail,Employed,4179.0,28,35,Rent,6,4,9
1976,Gen X,Sweden,Medium,Finance,Employed,3059.0,24,24,Own,8,6,5
1992,Millennial,Spain,High,Education,Employed,2112.0,22,18,Own,7,1,3
1950,Baby Boomer,Poland,Medium,Manufacturing,Employed,3208.0,18,6,With parents,9,7,1
1985,Millennial,France,Low,Retail,Unemployed,3535.0,26,13,With parents,1,9,2
2003,Gen Z,Poland,Medium,Retail,Employed,3259.0,27,3,Own,8,9,5
1980,Gen X,France,Low,Healthcare,Inactive,2080.0,28,32,Own,1,9,2
2003,Gen Z,Poland,High,Manufacturing,Employed,2104.0,16,29,Rent,9,2,6
2004,Gen Z,Netherlands,Medium,Education,Inactive,1608.0,20,19,Rent,10,2,3
1946,Baby Boomer,France,Medium,IT,Inactive,1979.0,24,13,With parents,3,1,7
1973,Gen X,Sweden,High,IT,Employed,1481.0,23,26,With parents,3,10,10
1948,Baby Boomer,Poland,Low,Education,Employed,2142.0,21,12,With parents,3,2,10
1945,Baby Boomer,Italy,Low,Healthcare,Unemployed,2179.0,28,6,Own,1,3,9
1963,Baby Boomer,Sweden,Medium,Healthcare,Employed,1423.0,29,17,With parents,7,2,1
1970,Gen X,Germany,Low,Retail,Inactive,4617.0,23,8,Own,4,5,3
1969,Gen X,France,Medium,Unemployed,Employed,2466.0,23,22,Own,3,4,10
1954,Baby Boomer,Italy,High,Manufacturing,Unemployed,3363.0,18,30,With parents,5,7,4
1997,Gen Z,Germany,High,Retail,Employed,3281.0,27,1,Own,1,7,6
1959,Baby Boomer,France,High,Unemployed,Unemployed,3949.0,21,4,Own,5,7,3
2003,Gen Z,Italy,High,Construction,Employed,1384.0,22,22,With parents,2,5,4
1966,Gen X,Italy,Medium,Construction,Unemployed,1709.0,17,31,With parents,8,10,10
1995,Millennial,Sweden,Medium,IT,Employed,567.0,28,15,With parents,9,4,5
1992,Millennial,Netherlands,Low,Education,Employed,744.0,26,10,With parents,9,8,4
1965,Gen X,Italy,High,Manufacturing,Inactive,1291.0,22,13,Rent,3,4,3
2003,Gen Z,Netherlands,Medium,Education,Unemployed,2063.0,25,2,Rent,8,5,7
2000,Gen Z,Spain,Low,Manufacturing,Inactive,2115.0,21,7,Rent,2,8,8
1966,Gen X,Sweden,Medium,Finance,Employed,5058.0,17,14,With parents,1,3,2
1980,Gen X,Czechia,Medium,IT,Employed,2653.0,17,8,Rent,1,7,10
1978,Gen X,Poland,Medium,IT,Employed,3073.0,21,15,With parents,7,1,6
1974,Gen X,Sweden,High,Finance,Employed,2328.0,18,25,Rent,1,2,9
1969,Gen X,Germany,Medium,Manufacturing,Employed,1019.0,21,31,Own,6,2,1
1989,Millennial,Poland,High,Healthcare,Employed,2467.0,24,17,With parents,8,5,8
1972,Gen X,Poland,Medium,Manufacturing,Inactive,747.0,25,7,Rent,10,2,6
1945,Baby Boomer,Czechia,High,IT,Employed,2038.0,27,31,Rent,4,4,4
1993,Millennial,Netherlands,High,Construction,Inactive,2783.0,16,9,With parents,2,1,6
1989,Millennial,Czechia,High,Education,Employed,1671.0,18,11,Own,4,6,10
1948,Baby Boomer,Czechia,Low,Retail,Inactive,2374.0,17,11,Rent,9,10,9
1951,Baby Boomer,Poland,Low,Education,Employed,1658.0,26,9,With parents,2,1,5
1993,Millennial,Italy,Medium,IT,Unemployed,1205.0,18,33,Rent,5,2,5
1953,Baby Boomer,Netherlands,Medium,Education,Employed,2639.0,17,29,Own,2,4,3
1980,Gen X,Poland,Medium,Healthcare,Inactive,3140.0,18,30,With parents,1,4,9
1963,Baby Boomer,Netherlands,High,Healthcare,Employed,3138.0,27,24,Rent,9,9,3
1945,Baby Boomer,Spain,Low,Construction,Employed,1983.0,19,23,Rent,5,5,5
1954,Baby Boomer,Netherlands,Medium,Manufacturing,Employed,242.0,28,32,With parents,6,10,1
1980,Gen X,France,Low,Unemployed,Employed,2279.0,22,8,Own,6,4,10
1953,Baby Boomer,Italy,High,Education,Inactive,3342.0,17,24,Rent,8,5,7
1989,Millennial,Germany,High,Education,Employed,1017.0,17,19,Own,4,7,8
1990,Millennial,France,Medium,IT,Unemployed,3803.0,17,16,With parents,1,9,8
1986,Millennial,France,Low,Manufacturing,Employed,347.0,28,5,Rent,7,9,10
1976,Gen X,Czechia,High,Manufacturing,Inactive,2557.0,21,35,Rent,6,1,1
1976,Gen X,Czechia,Medium,Education,Inactive,2947.0,23,19,Own,7,4,10
1950,Baby Boomer,France,Medium,Retail,Employed,3521.0,19,25,Own,8,4,10
1992,Millennial,Poland,High,Education,Employed,2613.0,27,11,Own,5,7,10
1982,Millennial,Netherlands,High,Education,Employed,1907.0,25,6,With parents,6,6,1
1961,Baby Boomer,Netherlands,Medium,Education,Employed,2351.0,18,29,Own,2,8,7
1954,Baby Boomer,Sweden,Medium,Healthcare,Employed,1586.0,24,21,Rent,5,4,1
1994,Millennial,Poland,Medium,Finance,Employed,409.0,16,28,With parents,3,8,5
1971,Gen X,Italy,Medium,Manufacturing,Employed,1982.0,25,21,With parents,5,6,4
1998,Gen Z,Poland,Medium,Finance,Employed,2642.0,17,23,With parents,9,2,3
1994,Millennial,Poland,Medium,Healthcare,Employed,3123.0,27,2,Rent,3,1,1
1979,Gen X,Poland,Low,Retail,Employed,1763.0,22,23,Own,3,10,8
1996,Millennial,Italy,Medium,Unemployed,Employed,3529.0,27,25,With parents,1,9,3
2003,Gen Z,Sweden,Low,IT,Employed,2049.0,18,4,With parents,1,8,10
1965,Gen X,Italy,Medium,Construction,Employed,2631.0,27,12,Rent,7,1,4
1969,Gen X,Spain,Medium,Retail,Employed,2871.0,24,21,Rent,9,4,4
1972,Gen X,Sweden,Medium,Manufacturing,Inactive,2248.0,16,33,Own,2,2,1
1991,Millennial,Spain,Medium,IT,Employed,2118.0,27,2,Own,2,2,1
1959,Baby Boomer,Spain,Medium,Finance,Unemployed,3601.0,24,31,Own,1,7,4
1948,Baby Boomer,Spain,High,Retail,Employed,671.0,21,23,Rent,5,10,6
1973,Gen X,Netherlands,Medium,Manufacturing,Employed,2238.0,16,8,With parents,10,5,6
2003,Gen Z,France,High,Construction,Employed,549.0,24,2,With parents,7,2,4
1953,Baby Boomer,France,Medium,Unemployed,Employed,582.0,24,21,Rent,1,1,6
1971,Gen X,Spain,Medium,Unemployed,Unemployed,2152.0,28,23,Own,8,1,2
1970,Gen X,Spain,Low,Construction,Employed,1727.0,25,9,With parents,1,4,4
1963,Baby Boomer,Germany,Medium,Retail,Inactive,4071.0,26,34,With parents,1,4,4
2000,Gen Z,Czechia,High,IT,Employed,1972.0,20,19,Rent,4,2,10
1972,Gen X,France,High,IT,Employed,3222.0,22,11,Own,2,2,5
1961,Baby Boomer,Czechia,High,Retail,Employed,2246.0,18,11,With parents,9,4,1
1987,Millennial,Czechia,Medium,Healthcare,Employed,1119.0,28,16,Own,10,8,3
2001,Gen Z,Germany,Medium,Retail,Employed,614.0,23,3,Rent,2,6,3
1985,Millennial,Czechia,Medium,Finance,Employed,973.0,28,7,Rent,7,1,4
1986,Millennial,Sweden,Medium,Retail,Unemployed,2495.0,18,6,Own,2,8,3
1994,Millennial,Germany,Low,Retail,Unemployed,3637.0,25,17,With parents,1,5,6
1964,Baby Boomer,Czechia,High,Healthcare,Employed,1378.0,22,25,With parents,9,10,2
1989,Millennial,Czechia,High,Education,Employed,2954.0,19,30,With parents,4,6,5
1984,Millennial,Poland,Medium,IT,Employed,2036.0,20,7,Own,7,7,6
1983,Millennial,Czechia,Medium,Finance,Employed,1242.0,22,33,Own,1,10,9
1993,Millennial,Netherlands,Low,Manufacturing,Unemployed,2519.0,17,15,With parents,8,6,10
1997,Gen Z,Sweden,Medium,IT,Employed,3632.0,19,19,Rent,6,3,1
1967,Gen X,Italy,Medium,IT,Unemployed,2132.0,22,9,Rent,2,10,3
1991,Millennial,France,High,Education,Inactive,2947.0,18,4,With parents,9,2,7
1976,Gen X,Spain,Medium,IT,Employed,2478.0,28,10,Own,1,2,8
1996,Millennial,Czechia,Medium,IT,Employed,2479.0,19,21,With parents,9,3,5
1991,Millennial,Sweden,Medium,Healthcare,Employed,1477.0,25,10,Rent,10,6,9
1977,Gen X,Spain,Low,Healthcare,Employed,2642.0,27,17,Rent,2,1,10
2001,Gen Z,Italy,High,Healthcare,Employed,884.0,23,17,Rent,6,3,8
1990,Millennial,Sweden,Medium,Healthcare,Unemployed,2525.0,18,30,With parents,9,2,1
1949,Baby Boomer,France,High,Healthcare,Employed,3435.0,27,19,With parents,3,4,1
1987,Millennial,Sweden,Medium,Unemployed,Unemployed,3824.0,24,22,Rent,3,1,8
1992,Millennial,Spain,High,Finance,Unemployed,1262.0,20,9,Rent,3,3,9
1978,Gen X,Spain,Low,Manufacturing,Inactive,2598.0,17,16,Rent,9,4,9
1984,Millennial,Poland,Medium,Education,Employed,1565.0,29,7,Rent,2,5,6
1955,Baby Boomer,Czechia,High,Retail,Inactive,2326.0,23,30,Own,4,4,7
1994,Millennial,Germany,High,Construction,Employed,3930.0,25,25,With parents,8,5,5
1947,Baby Boomer,Sweden,High,Finance,Employed,2990.0,23,8,Own,8,1,10
2002,Gen Z,Spain,Low,Healthcare,Inactive,1613.0,28,31,Rent,5,8,4
1977,Gen X,Netherlands,High,Education,Inactive,1562.0,28,22,Rent,2,2,8
1955,Baby Boomer,France,High,Retail,Employed,2215.0,16,31,Own,6,6,3
1960,Baby Boomer,Netherlands,Low,IT,Unemployed,2276.0,24,35,Own,8,2,7
1962,Baby Boomer,Italy,High,Unemployed,Employed,2320.0,17,4,Own,2,2,6
1974,Gen X,Sweden,Medium,Unemployed,Employed,860.0,29,0,Rent,4,8,10
1992,Millennial,Poland,Medium,Finance,Employed,3999.0,19,30,With parents,4,3,8
1999,Gen Z,France,Medium,IT,Employed,4088.0,21,30,With parents,9,8,6
1954,Baby Boomer,Poland,High,Education,Employed,2631.0,28,8,Own,10,2,2
1962,Baby Boomer,Germany,Low,Manufacturing,Employed,1417.0,24,32,Own,1,1,5
1982,Millennial,Spain,Medium,Manufacturing,Employed,1636.0,16,34,Own,9,1,4
1963,Baby Boomer,Czechia,Medium,Unemployed,Employed,1352.0,24,25,Rent,8,7,3
1980,Gen X,France,Medium,Education,Employed,1271.0,23,1,Own,1,8,6
2003,Gen Z,Italy,Medium,Construction,Employed,1629.0,27,33,Rent,10,1,5
1957,Baby Boomer,Czechia,Low,Construction,Employed,2580.0,22,16,With parents,6,3,3
2000,Gen Z,Sweden,High,Manufacturing,Employed,2316.0,17,5,Rent,10,4,6
1990,Millennial,Germany,High,Construction,Employed,3572.0,29,30,Own,2,8,4
1947,Baby Boomer,Germany,High,Manufacturing,Employed,829.0,22,27,Rent,3,7,7
1954,Baby Boomer,Poland,High,IT,Employed,1407.0,17,20,Rent,5,5,1
1982,Millennial,Germany,Medium,Construction,Employed,400.0,24,10,Rent,8,7,3
1945,Baby Boomer,France,Medium,Manufacturing,Inactive,2330.0,27,35,Rent,6,2,5
1999,Gen Z,Poland,Medium,Manufacturing,Employed,3641.0,19,26,Rent,9,7,2
2000,Gen Z,Czechia,Low,Education,Employed,1775.0,17,19,Rent,1,1,9
1971,Gen X,Germany,High,Manufacturing,Employed,3429.0,20,19,With parents,5,6,10
1990,Millennial,Sweden,Low,Construction,Employed,2824.0,24,1,With parents,4,8,1
1952,Baby Boomer,Czechia,High,Unemployed,Employed,2980.0,19,26,With parents,8,7,4
1995,Millennial,Italy,Low,Unemployed,Inactive,2727.0,20,17,Own,5,5,4
1990,Millennial,Sweden,High,Construction,Employed,3823.0,23,12,With parents,9,3,2
1986,Millennial,Netherlands,Low,Finance,Employed,2020.0,18,17,Own,2,7,10
1961,Baby Boomer,France,Low,Healthcare,Employed,2818.0,21,10,With parents,8,9,1
1953,Baby Boomer,Italy,High,Healthcare,Employed,3861.0,16,13,Rent,1,10,1
1950,Baby Boomer,Italy,Medium,Education,Inactive,1279.0,29,3,Rent,8,7,10
1987,Millennial,Poland,High,Healthcare,Employed,2006.0,18,12,With parents,9,1,10
1969,Gen X,Spain,Medium,IT,Employed,2717.0,23,18,With parents,3,10,5
1983,Millennial,Poland,Low,Finance,Employed,1427.0,25,24,Own,2,7,10
1993,Millennial,France,High,Finance,Employed,1389.0,25,14,Own,5,10,1
2004,Gen Z,France,Medium,Education,Employed,4027.0,21,19,Own,9,2,4
1972,Gen X,Poland,High,Construction,Employed,1469.0,25,16,Rent,8,7,4
1977,Gen X,Spain,Medium,Manufacturing,Employed,1870.0,29,0,With parents,1,5,4
1998,Gen Z,Sweden,Medium,Healthcare,Employed,2394.0,19,28,Own,1,6,5
1981,Millennial,Poland,Medium,IT,Employed,2586.0,27,18,With parents,8,6,2
1953,Baby Boomer,France,Low,Construction,Inactive,1709.0,23,29,With parents,3,10,3
1962,Baby Boomer,Spain,Medium,Education,Employed,2013.0,28,24,With parents,1,3,7
2000,Gen Z,France,Medium,Construction,Employed,1298.0,18,27,Rent,10,9,10
2003,Gen Z,Spain,Medium,Education,Unemployed,1702.0,17,10,Rent,1,3,9
1965,Gen X,Spain,Medium,Manufacturing,Employed,2826.0,25,15,Own,4,2,5
1946,Baby Boomer,Czechia,Medium,Retail,Employed,3016.0,23,17,With parents,6,2,5
2002,Gen Z,Poland,Low,Unemployed,Employed,3116.0,27,8,Own,9,7,9
1987,Millennial,Poland,Medium,Healthcare,Employed,2196.0,19,27,With parents,5,7,8
2003,Gen Z,Poland,Medium,IT,Employed,2023.0,27,26,With parents,7,2,8
2004,Gen Z,Spain,Low,Education,Employed,1023.0,24,22,With parents,9,4,5
1982,Millennial,Spain,Low,Construction,Employed,1880.0,26,21,Rent,5,5,4
2002,Gen Z,France,Low,Healthcare,Employed,2356.0,18,3,Rent,7,2,3
1984,Millennial,Italy,High,Construction,Employed,3179.0,24,31,With parents,9,8,10
1980,Gen X,Poland,High,IT,Inactive,460.0,25,23,Own,6,6,10
1994,Millennial,Czechia,Low,Finance,Employed,1897.0,21,27,Own,9,5,4
2004,Gen Z,Netherlands,Low,Finance,Employed,161.0,29,5,Rent,6,8,3
1987,Millennial,France,High,Unemployed,Employed,757.0,20,32,With parents,6,6,6
1981,Millennial,France,Medium,Unemployed,Employed,3386.0,28,30,Rent,3,9,3
1959,Baby Boomer,Germany,High,IT,Employed,1028.0,17,9,Own,5,7,3
1972,Gen X,Poland,High,Unemployed,Employed,2297.0,28,11,Own,7,8,1
1962,Baby Boomer,Sweden,Medium,Finance,Employed,3124.0,27,6,Rent,2,10,9
1978,Gen X,France,Low,Education,Employed,1779.0,26,23,With parents,6,7,5
1966,Gen X,Germany,High,Healthcare,Inactive,1098.0,21,27,Rent,2,7,10
1955,Baby Boomer,Netherlands,High,IT,Employed,2307.0,19,10,Rent,9,8,1
2002,Gen Z,Czechia,Medium,Education,Employed,3604.0,20,31,Rent,10,6,4
2001,Gen Z,Netherlands,Medium,Healthcare,Employed,3093.0,28,19,With parents,3,10,3
1957,Baby Boomer,Sweden,Medium,Healthcare,Employed,1976.0,26,27,With parents,7,4,7
1948,Baby Boomer,Poland,Medium,Education,Employed,1699.0,21,0,Own,7,9,6
1966,Gen X,Spain,High,Healthcare,Employed,3241.0,22,26,With parents,5,8,8
1951,Baby Boomer,Germany,High,Retail,Employed,885.0,19,15,With parents,10,4,8
1987,Millennial,Spain,Medium,IT,Employed,3043.0,26,35,With parents,2,3,8
1998,Gen Z,Netherlands,High,IT,Unemployed,1723.0,23,5,Rent,5,9,5
1968,Gen X,Netherlands,Low,Healthcare,Inactive,862.0,29,9,Own,2,5,3
1948,Baby Boomer,Italy,Low,Education,Employed,610.0,20,18,Own,3,8,4
1972,Gen X,Italy,Medium,Manufacturing,Unemployed,3672.0,22,9,Rent,8,9,7
1959,Baby Boomer,Czechia,Low,Unemployed,Inactive,2019.0,21,25,Own,6,6,8
1945,Baby Boomer,Sweden,Medium,Finance,Inactive,1395.0,26,33,Rent,10,9,9
1999,Gen Z,Italy,Medium,Healthcare,Employed,2161.0,26,0,Rent,10,10,5
1947,Baby Boomer,Italy,High,Manufacturing,Unemployed,1685.0,20,9,With parents,10,3,10
1958,Baby Boomer,Sweden,High,Healthcare,Employed,1715.0,22,32,With parents,4,6,4
1982,Millennial,France,Medium,Manufacturing,Employed,1753.0,26,25,With parents,8,10,7
1994,Millennial,Italy,Low,Healthcare,Unemployed,2207.0,19,33,Own,10,9,10
2001,Gen Z,France,Medium,Education,Unemployed,2882.0,22,12,With parents,9,2,4
1945,Baby Boomer,France,High,Finance,Employed,824.0,28,29,Own,5,3,3
1982,Millennial,Poland,Medium,Construction,Unemployed,3415.0,18,23,With parents,1,7,4
1982,Millennial,France,Low,Construction,Employed,1350.0,23,33,With parents,6,5,8
1965,Gen X,France,Low,Manufacturing,Employed,2431.0,25,18,Own,9,9,8
1992,Millennial,Italy,Medium,Unemployed,Employed,2148.0,19,1,Own,6,1,6
1973,Gen X,France,Low,Unemployed,Inactive,1474.0,19,29,With parents,6,8,8
1949,Baby Boomer,Spain,High,Retail,Inactive,3222.0,27,21,Rent,5,6,4
1993,Millennial,Sweden,High,Education,Unemployed,1485.0,29,31,Own,7,2,3
1954,Baby Boomer,Italy,Medium,Finance,Employed,3477.0,16,32,Own,4,6,7
1972,Gen X,Sweden,Medium,Healthcare,Employed,2801.0,23,14,With parents,4,1,6
1965,Gen X,Germany,Low,Manufacturing,Employed,1525.0,20,5,With parents,4,7,6
1994,Millennial,Italy,High,Unemployed,Employed,1121.0,24,35,Own,9,9,2
1951,Baby Boomer,France,Medium,Finance,Employed,3159.0,18,15,With parents,10,3,2
1947,Baby Boomer,Spain,Medium,IT,Employed,1173.0,20,20,Rent,3,4,10
1989,Millennial,Sweden,Medium,Unemployed,Employed,2080.0,29,33,Own,10,6,5
1991,Millennial,Italy,Medium,Education,Inactive,2827.0,27,34,Rent,3,5,3
1964,Baby Boomer,Spain,Medium,Manufacturing,Employed,2617.0,27,32,Own,3,2,3
1963,Baby Boomer,Sweden,Medium,Education,Unemployed,2017.0,29,7,Rent,3,8,9
1979,Gen X,Germany,Medium,Manufacturing,Employed,1543.0,19,11,With parents,8,10,9
1948,Baby Boomer,Netherlands,Medium,Construction,Employed,2850.0,27,17,With parents,9,10,1
1949,Baby Boomer,Czechia,Medium,IT,Employed,507.0,26,20,Own,8,10,6
1945,Baby Boomer,Czechia,Low,Retail,Employed,2434.0,22,26,Own,4,8,2
1948,Baby Boomer,Germany,Medium,IT,Employed,1033.0,25,11,Rent,10,2,5
1956,Baby Boomer,Netherlands,Medium,Healthcare,Employed,1410.0,29,5,With parents,7,2,2
2004,Gen Z,Poland,Medium,Education,Unemployed,2531.0,20,30,With parents,4,10,6
1971,Gen X,Netherlands,High,Retail,Inactive,1525.0,17,33,Rent,10,7,9
2000,Gen Z,Poland,Low,Education,Employed,3242.0,21,6,Own,1,3,7
1986,Millennial,Italy,Low,Finance,Employed,2836.0,28,30,Rent,7,9,1
1967,Gen X,Poland,Low,Manufacturing,Inactive,1572.0,29,3,Rent,3,6,6
1969,Gen X,Czechia,Medium,Healthcare,Unemployed,1997.0,19,16,Rent,5,3,2
1965,Gen X,Czechia,Medium,Healthcare,Employed,1207.0,21,28,Rent,3,6,2
2002,Gen Z,Spain,High,Education,Unemployed,2626.0,16,2,Own,1,8,3
1996,Millennial,Poland,Low,Construction,Employed,3611.0,26,23,Rent,9,7,8
1968,Gen X,Spain,Medium,Healthcare,Employed,1124.0,28,2,With parents,2,7,7
1969,Gen X,Czechia,High,Unemployed,Employed,2370.0,27,26,Own,2,5,4
1989,Millennial,Sweden,High,Education,Employed,2491.0,16,0,Rent,6,10,3
1999,Gen Z,Sweden,High,Manufacturing,Employed,1075.0,19,14,Rent,1,4,1
1990,Millennial,Netherlands,High,Manufacturing,Employed,1292.0,22,13,With parents,8,8,10
1976,Gen X,Netherlands,High,Education,Inactive,573.0,26,3,Rent,4,9,4
1999,Gen Z,Netherlands,Low,IT,Employed,2705.0,22,3,With parents,3,2,8
1976,Gen X,Poland,Low,IT,Employed,1876.0,16,24,With parents,5,5,1
1949,Baby Boomer,Netherlands,Low,Manufacturing,Employed,1547.0,29,10,Rent,8,7,2
1980,Gen X,Poland,High,Retail,Employed,4058.0,20,32,Own,1,5,10
1990,Millennial,Poland,High,Unemployed,Employed,578.0,21,10,Own,5,8,2
1986,Millennial,France,Low,IT,Unemployed,3357.0,20,11,Rent,9,8,9
1993,Millennial,France,Medium,Education,Unemployed,261.0,22,14,Rent,2,5,1
1986,Millennial,Poland,High,Manufacturing,Employed,1731.0,21,25,Own,8,8,6
2002,Gen Z,Sweden,High,Healthcare,Employed,671.0,20,23,Rent,2,2,4
1983,Millennial,Spain,Medium,Healthcare,Unemployed,1462.0,20,25,Rent,7,5,9
1960,Baby Boomer,Czechia,High,Construction,Employed,1713.0,24,26,With parents,9,5,6
1977,Gen X,Czechia,Medium,Unemployed,Employed,1561.0,18,35,Own,5,9,9
1993,Millennial,Italy,Medium,IT,Employed,2425.0,24,26,With parents,9,10,2
1965,Gen X,Germany,Medium,Retail,Inactive,2990.0,28,1,Own,1,2,2
1953,Baby Boomer,France,Medium,Finance,Employed,2098.0,26,22,With parents,7,3,6
1950,Baby Boomer,Poland,Low,IT,Inactive,2491.0,17,8,Own,4,10,10
1995,Millennial,Germany,High,Retail,Employed,3605.0,25,7,Own,7,9,2
1989,Millennial,France,High,IT,Employed,1572.0,22,0,With parents,1,6,4
1979,Gen X,Italy,High,Healthcare,Employed,3013.0,21,20,Rent,7,6,4
1983,Millennial,Czechia,Medium,Retail,Employed,4473.0,23,25,Own,7,10,5
1966,Gen X,Spain,Medium,Healthcare,Employed,3833.0,24,14,Rent,10,4,7
1985,Millennial,Poland,Medium,Unemployed,Employed,3666.0,28,24,Rent,10,3,10
1998,Gen Z,Italy,Low,Construction,Employed,2855.0,21,15,With parents,7,8,1
1949,Baby Boomer,Czechia,Medium,Education,Employed,3236.0,17,34,Rent,10,1,5
1986,Millennial,Sweden,Low,Education,Unemployed,1765.0,25,22,Rent,2,9,7
1967,Gen X,France,Low,Manufacturing,Unemployed,2127.0,27,11,Own,6,1,3
1961,Baby Boomer,Poland,High,Healthcare,Inactive,2022.0,19,18,Own,3,2,10
1956,Baby Boomer,Germany,Low,Healthcare,Unemployed,1603.0,29,33,Own,6,4,3
1967,Gen X,Sweden,High,Construction,Employed,2332.0,29,7,Rent,5,5,8
1960,Baby Boomer,Czechia,Medium,Manufacturing,Employed,1728.0,18,22,Own,4,4,4
1947,Baby Boomer,Sweden,High,Unemployed,Inactive,2256.0,18,10,Own,8,10,2
1974,Gen X,Netherlands,Low,Education,Employed,957.0,20,33,Own,2,10,6
2001,Gen Z,Spain,Medium,Education,Employed,1720.0,25,4,With parents,7,8,5
1966,Gen X,Czechia,Medium,Retail,Unemployed,3384.0,16,24,Rent,4,9,7
1953,Baby Boomer,Sweden,High,Retail,Employed,2375.0,24,23,With parents,7,5,2
1973,Gen X,France,Medium,Finance,Inactive,3401.0,19,23,With parents,5,2,5
1991,Millennial,Spain,Medium,Construction,Employed,1655.0,22,33,With parents,5,1,5
1981,Millennial,Poland,High,Education,Employed,1977.0,22,17,Own,9,9,3
1967,Gen X,Netherlands,Medium,Finance,Unemployed,2393.0,22,11,With parents,5,5,8
1957,Baby Boomer,Czechia,Low,IT,Employed,2025.0,26,14,Rent,8,3,7
1976,Gen X,Italy,Medium,Healthcare,Inactive,945.0,20,11,With parents,7,4,9
1990,Millennial,Spain,Medium,Retail,Inactive,2710.0,19,28,With parents,4,1,10
1996,Millennial,Germany,Medium,IT,Employed,1313.0,19,28,Rent,8,8,6
1991,Millennial,France,Medium,Retail,Employed,2191.0,28,19,Own,7,1,5
1992,Millennial,Czechia,Low,Manufacturing,Employed,283.0,20,14,With parents,4,5,5
1967,Gen X,Germany,Medium,Healthcare,Employed,1616.0,21,2,Rent,6,1,6
1989,Millennial,Spain,High,Finance,Inactive,2086.0,25,15,With parents,7,8,1
1961,Baby Boomer,Czechia,Medium,Unemployed,Employed,2705.0,22,18,With parents,10,5,7
1999,Gen Z,Netherlands,Medium,Finance,Employed,1088.0,20,6,Own,7,5,2
1984,Millennial,Italy,Low,Unemployed,Employed,1398.0,28,35,Rent,8,7,3
1965,Gen X,Italy,Low,Unemployed,Employed,3788.0,27,21,With parents,9,6,5
1946,Baby Boomer,Germany,Low,Retail,Inactive,3969.0,27,14,With parents,5,10,8
1981,Millennial,Poland,Medium,Education,Employed,2663.0,24,8,Rent,2,9,9
1950,Baby Boomer,Poland,Medium,Construction,Employed,3352.0,29,16,With parents,10,8,9
1988,Millennial,Netherlands,High,Finance,Employed,1845.0,24,32,Own,5,8,1
1962,Baby Boomer,Italy,Low,Manufacturing,Unemployed,2788.0,16,1,Rent,7,3,2
1974,Gen X,Germany,Medium,Manufacturing,Unemployed,2743.0,20,6,Own,3,3,5
1966,Gen X,Germany,Medium,Education,Unemployed,1353.0,17,30,Rent,10,5,3
1998,Gen Z,Czechia,Medium,Manufacturing,Employed,2377.0,19,13,With parents,5,8,6
1977,Gen X,Czechia,High,Construction,Employed,1934.0,26,3,Rent,6,3,3
1974,Gen X,Germany,Low,Healthcare,Inactive,2531.0,22,9,Rent,6,3,3
1961,Baby Boomer,Czechia,Low,Retail,Inactive,1718.0,25,21,Rent,4,8,10
1987,Millennial,Spain,Medium,Manufacturing,Employed,891.0,21,23,With parents,3,4,5
1976,Gen X,Czechia,Medium,Healthcare,Unemployed,2216.0,22,17,With parents,4,1,10
1986,Millennial,Netherlands,Low,Education,Inactive,2948.0,18,10,Own,1,5,7
1995,Millennial,Poland,Medium,Retail,Employed,2948.0,29,0,Own,8,5,7
1958,Baby Boomer,Poland,Medium,Education,Employed,601.0,20,31,With parents,3,4,8
2002,Gen Z,Spain,Medium,Retail,Employed,2364.0,21,15,With parents,4,6,2
1954,Baby Boomer,France,Low,Construction,Inactive,2820.0,26,13,Rent,9,4,5
1991,Millennial,Spain,Medium,Manufacturing,Employed,2323.0,21,32,With parents,10,7,2
2004,Gen Z,Netherlands,Medium,Manufacturing,Unemployed,2978.0,21,6,Own,9,8,6
1995,Millennial,Germany,Medium,Retail,Employed,930.0,24,18,With parents,6,1,5
1980,Gen X,Spain,High,Healthcare,Employed,1169.0,21,24,Own,4,8,10
1978,Gen X,Germany,Low,Healthcare,Employed,2730.0,27,4,With parents,8,4,1
1953,Baby Boomer,Netherlands,High,Healthcare,Inactive,1887.0,17,9,With parents,7,9,8
1986,Millennial,Sweden,Medium,IT,Employed,3256.0,24,3,Rent,6,2,7
1972,Gen X,Netherlands,High,Finance,Employed,2476.0,19,23,Own,6,2,10
1955,Baby Boomer,Italy,Medium,Finance,Inactive,1394.0,22,5,With parents,9,3,10
1958,Baby Boomer,Germany,Medium,Finance,Employed,1349.0,21,11,Rent,4,6,1
1983,Millennial,Poland,High,Healthcare,Unemployed,511.0,24,19,Rent,6,4,1
1999,Gen Z,Spain,High,Manufacturing,Employed,2819.0,25,25,Own,2,5,1
1991,Millennial,Sweden,Low,Construction,Employed,2095.0,28,11,Rent,9,8,4
1998,Gen Z,Netherlands,Low,IT,Employed,3025.0,18,32,Own,7,7,7
1963,Baby Boomer,Germany,Medium,Unemployed,Inactive,2432.0,23,11,Own,8,8,8
1998,Gen Z,Sweden,High,Unemployed,Employed,2303.0,20,3,Own,2,3,9
1959,Baby Boomer,France,Medium,Healthcare,Unemployed,2934.0,21,16,Rent,5,2,8
1972,Gen X,Italy,Medium,Manufacturing,Employed,2112.0,29,9,Rent,9,6,4
1968,Gen X,France,High,IT,Employed,1901.0,18,18,Own,3,3,3
1952,Baby Boomer,Netherlands,High,Manufacturing,Employed,2200.0,18,32,Rent,7,1,7
1987,Millennial,France,Medium,Retail,Inactive,2958.0,22,27,Rent,5,8,6
1953,Baby Boomer,France,Medium,Manufacturing,Employed,1352.0,21,1,Own,6,3,10
1991,Millennial,Italy,High,IT,Employed,3032.0,17,20,Own,5,6,10
1977,Gen X,Italy,Medium,Healthcare,Unemployed,2257.0,25,22,Rent,6,9,1
1977,Gen X,Czechia,High,Finance,Employed,1854.0,28,32,Own,9,7,5
1963,Baby Boomer,Italy,Medium,IT,Employed,2365.0,27,25,Own,7,4,6
1947,Baby Boomer,Sweden,Medium,Healthcare,Employed,3259.0,23,29,With parents,1,6,4
1954,Baby Boomer,Czechia,Medium,Healthcare,Employed,3252.0,27,3,Own,9,10,10
1984,Millennial,Italy,Low,Construction,Employed,2553.0,20,5,With parents,2,9,1
1991,Millennial,France,High,Education,Inactive,2763.0,22,33,Rent,4,1,4
1986,Millennial,Poland,Medium,Unemployed,Employed,2239.0,18,19,Rent,4,2,4
1945,Baby Boomer,Poland,Medium,Construction,Employed,1674.0,25,14,With parents,5,1,2
1973,Gen X,Czechia,Medium,Retail,Unemployed,2600.0,20,22,With parents,10,5,10
1994,Millennial,Italy,Medium,Education,Employed,1796.0,27,8,With parents,4,5,8
1978,Gen X,Sweden,Medium,Finance,Inactive,1276.0,18,33,With parents,8,1,9
1995,Millennial,Spain,Medium,IT,Employed,1820.0,27,33,With parents,9,1,5
1957,Baby Boomer,Germany,Medium,Education,Employed,722.0,18,26,With parents,2,8,4
1998,Gen Z,Netherlands,High,Finance,Employed,1085.0,27,15,With parents,9,8,4
1945,Baby Boomer,Sweden,High,Healthcare,Employed,4026.0,29,3,Rent,2,1,5
1978,Gen X,Spain,Medium,IT,Employed,3213.0,16,27,With parents,3,10,8
1973,Gen X,Netherlands,Medium,Education,Employed,1984.0,26,16,With parents,6,10,2
1992,Millennial,Spain,Medium,Manufacturing,Employed,2670.0,18,11,Rent,9,7,4
1991,Millennial,Spain,Medium,Finance,Employed,1345.0,22,4,Rent,7,4,4
1957,Baby Boomer,Czechia,High,Finance,Employed,2795.0,26,34,With parents,8,1,1
1992,Millennial,Poland,Medium,Retail,Employed,2435.0,24,35,With parents,2,4,5
1993,Millennial,Germany,Medium,Unemployed,Employed,1566.0,16,29,Own,9,8,5
1997,Gen Z,Spain,Medium,Manufacturing,Employed,1909.0,19,13,With parents,6,2,8
1973,Gen X,Italy,Medium,IT,Employed,1847.0,25,13,Own,3,9,5
1983,Millennial,Netherlands,Low,Education,Unemployed,2965.0,22,1,Own,2,7,9
1968,Gen X,Sweden,Medium,Healthcare,Employed,2127.0,21,27,Rent,2,5,2
1970,Gen X,Poland,Low,Education,Employed,780.0,19,20,Own,10,8,9
1961,Baby Boomer,Netherlands,High,Unemployed,Employed,1796.0,26,14,With parents,9,7,6
1951,Baby Boomer,Czechia,High,Construction,Employed,1496.0,18,22,Own,4,9,7
1957,Baby Boomer,Italy,High,Unemployed,Inactive,870.0,21,9,Rent,8,10,4
1949,Baby Boomer,Italy,High,IT,Employed,1515.0,19,25,Own,7,6,7
1970,Gen X,Spain,Medium,IT,Employed,257.0,20,34,Own,5,9,6
1993,Millennial,Italy,High,IT,Employed,1362.0,17,33,Own,4,1,4
1947,Baby Boomer,Germany,Low,IT,Inactive,2376.0,24,1,Own,6,3,4
1951,Baby Boomer,Czechia,Low,Construction,Unemployed,2608.0,17,30,Own,10,1,10
2002,Gen Z,Italy,High,Finance,Employed,2653.0,28,4,Own,8,4,10
1993,Millennial,Spain,Low,Education,Employed,3062.0,19,18,Own,5,7,1
1983,Millennial,Netherlands,High,Manufacturing,Inactive,3269.0,23,29,Rent,2,1,5
1997,Gen Z,Czechia,Medium,Healthcare,Employed,1278.0,22,16,With parents,4,3,4
1945,Baby Boomer,Italy,High,Healthcare,Employed,961.0,19,28,Rent,1,4,4
1993,Millennial,Poland,Low,Retail,Unemployed,2238.0,23,11,Own,9,3,5
1961,Baby Boomer,Czechia,Medium,Finance,Employed,2692.0,26,7,Own,6,9,9
1987,Millennial,Czechia,Low,IT,Employed,1448.0,21,14,Rent,7,6,8
1969,Gen X,Sweden,High,Unemployed,Employed,2438.0,23,33,Own,1,10,7
2003,Gen Z,Poland,Low,IT,Inactive,3840.0,19,27,Rent,5,6,3
1947,Baby Boomer,Poland,Medium,IT,Employed,997.0,20,20,Own,9,9,5
1959,Baby Boomer,Netherlands,Low,Unemployed,Unemployed,2205.0,19,16,Own,1,8,7
1973,Gen X,France,Low,Finance,Employed,3135.0,22,17,With parents,1,6,2
1997,Gen Z,Sweden,Medium,Manufacturing,Inactive,2022.0,19,23,Own,2,8,2
1987,Millennial,Poland,Low,IT,Inactive,2572.0,20,23,With parents,3,9,5
1976,Gen X,Poland,High,Retail,Employed,3019.0,24,11,With parents,6,4,9
1970,Gen X,France,Low,Retail,Employed,1928.0,23,0,Rent,6,5,10
2004,Gen Z,Netherlands,Medium,Manufacturing,Employed,1245.0,17,35,With parents,10,6,3
1960,Baby Boomer,Sweden,Medium,Finance,Employed,2109.0,22,31,Rent,10,7,1
1969,Gen X,Poland,Medium,IT,Employed,1215.0,27,4,Rent,1,10,7
1998,Gen Z,Spain,Medium,Construction,Unemployed,1705.0,17,25,With parents,3,5,9
1972,Gen X,Netherlands,High,Education,Employed,2598.0,25,2,Rent,9,5,6
1953,Baby Boomer,Sweden,Low,Education,Employed,2363.0,18,32,With parents,8,10,6
2000,Gen Z,Poland,Low,Healthcare,Employed,3098.0,16,19,Own,9,5,4
2000,Gen Z,Poland,Medium,Manufacturing,Employed,2409.0,17,11,Rent,8,7,8
1945,Baby Boomer,France,Medium,Education,Employed,1498.0,18,19,With parents,9,10,2
1973,Gen X,Sweden,Medium,Healthcare,Inactive,1303.0,20,16,With parents,7,10,6
2001,Gen Z,Spain,Medium,Retail,Employed,2765.0,28,7,With parents,10,3,10
1966,Gen X,Netherlands,High,Healthcare,Inactive,2416.0,28,12,With parents,9,10,7
1960,Baby Boomer,Italy,Low,IT,Unemployed,2027.0,21,8,Own,3,8,2
1985,Millennial,Germany,Medium,IT,Unemployed,2505.0,29,18,Rent,6,10,5
1995,Millennial,Spain,Medium,Retail,Employed,1566.0,22,25,With parents,6,4,4
1988,Millennial,Italy,Medium,Manufacturing,Employed,0.0,20,4,Rent,1,4,1
1995,Millennial,Spain,High,Finance,Employed,3138.0,20,24,With parents,10,6,6
1998,Gen Z,Sweden,Medium,Unemployed,Employed,2784.0,26,4,Rent,10,8,9
1985,Millennial,Italy,High,Unemployed,Inactive,2122.0,23,22,With parents,7,9,5
1951,Baby Boomer,Sweden,Medium,IT,Employed,1391.0,16,34,With parents,3,1,4
1958,Baby Boomer,Italy,Low,Unemployed,Employed,2008.0,24,31,Own,2,2,2
1973,Gen X,Spain,Low,IT,Employed,643.0,18,5,Rent,7,10,8
1963,Baby Boomer,France,Medium,Healthcare,Employed,2303.0,26,13,With parents,10,6,9
1963,Baby Boomer,Spain,Medium,Healthcare,Employed,458.0,21,28,With parents,4,7,6
1946,Baby Boomer,Sweden,Low,Healthcare,Employed,2296.0,19,21,Own,7,10,6
1985,Millennial,Spain,Medium,Education,Unemployed,1565.0,17,19,Own,1,5,6
1989,Millennial,Czechia,Medium,Construction,Employed,2067.0,29,7,Own,10,5,2
1959,Baby Boomer,Czechia,Low,Retail,Employed,1175.0,29,26,Own,8,6,5
1947,Baby Boomer,Italy,Medium,Manufacturing,Employed,3557.0,28,6,Own,2,6,7
1955,Baby Boomer,Czechia,High,Healthcare,Employed,2524.0,21,33,Rent,8,4,8
1997,Gen Z,Germany,Medium,Manufacturing,Employed,1580.0,29,27,With parents,8,10,8
1990,Millennial,Italy,High,Construction,Inactive,2038.0,25,30,Rent,9,7,5
1974,Gen X,Czechia,Medium,Healthcare,Employed,3645.0,23,20,Own,4,9,5
2001,Gen Z,Poland,Medium,IT,Employed,1345.0,19,9,With parents,1,2,6
1984,Millennial,Spain,Low,Construction,Inactive,1199.0,23,35,Rent,10,8,4
1962,Baby Boomer,Netherlands,Medium,Manufacturing,Unemployed,1160.0,22,12,Own,8,10,8
1995,Millennial,Spain,Medium,Education,Employed,1587.0,16,25,Rent,9,10,7
1992,Millennial,Czechia,Medium,Healthcare,Employed,3546.0,20,33,Rent,9,6,2
1946,Baby Boomer,France,Low,Finance,Inactive,1696.0,29,18,Own,6,3,6
1976,Gen X,Sweden,Low,Retail,Employed,1825.0,23,5,With parents,8,2,6
1952,Baby Boomer,Netherlands,High,IT,Employed,2381.0,21,14,Own,8,10,4
1966,Gen X,Italy,Medium,Construction,Employed,2172.0,24,17,Own,5,10,6
1950,Baby Boomer,France,Medium,Construction,Employed,3073.0,26,19,Rent,4,6,10
1956,Baby Boomer,Spain,Medium,Healthcare,Employed,2939.0,22,0,With parents,10,6,9
1991,Millennial,Czechia,High,Construction,Employed,2495.0,17,21,Own,10,5,10
2001,Gen Z,Italy,Medium,Manufacturing,Employed,1993.0,16,35,With parents,2,4,9
1984,Millennial,Italy,Medium,Unemployed,Unemployed,3064.0,27,17,Rent,3,9,1
1980,Gen X,Poland,High,Healthcare,Employed,1492.0,24,9,Own,3,2,7
1959,Baby Boomer,Poland,High,IT,Employed,1434.0,28,19,With parents,6,4,4
1972,Gen X,Czechia,Low,Retail,Employed,1833.0,20,5,With parents,7,1,2
1996,Millennial,Czechia,Low,Retail,Unemployed,3246.0,17,21,Rent,6,10,8
2001,Gen Z,Germany,High,Retail,Employed,1447.0,26,3,With parents,1,4,10
1993,Millennial,Poland,High,Finance,Unemployed,1660.0,29,3,With parents,7,8,3
1989,Millennial,Sweden,Medium,Unemployed,Employed,2357.0,28,18,With parents,9,10,2
1962,Baby Boomer,Netherlands,Medium,IT,Employed,2149.0,19,28,Own,8,3,9
1946,Baby Boomer,Italy,Medium,Finance,Unemployed,1859.0,25,27,Own,5,3,5
1957,Baby Boomer,Poland,Medium,Finance,Inactive,2620.0,28,12,Rent,4,6,8
1989,Millennial,Czechia,Medium,Construction,Employed,1774.0,27,27,Rent,5,2,8
1998,Gen Z,Germany,Low,Healthcare,Employed,3150.0,21,29,Own,3,4,4
1959,Baby Boomer,Czechia,High,IT,Employed,2414.0,24,21,With parents,9,5,3
1964,Baby Boomer,Czechia,High,IT,Employed,3115.0,23,22,Own,5,8,6
1973,Gen X,Czechia,Medium,Construction,Employed,1488.0,21,17,Rent,7,4,7
2003,Gen Z,Spain,Medium,Healthcare,Employed,2067.0,19,16,Rent,7,5,7
1986,Millennial,Netherlands,Low,Education,Inactive,492.0,29,30,Own,1,4,5
1973,Gen X,Poland,Medium,Finance,Inactive,3403.0,25,27,Rent,6,3,7
1947,Baby Boomer,Italy,Medium,Retail,Employed,4265.0,20,7,Rent,4,6,2
1963,Baby Boomer,Spain,Medium,Unemployed,Employed,1941.0,26,31,Rent,3,9,9
1947,Baby Boomer,Czechia,Medium,Manufacturing,Unemployed,2535.0,26,5,Rent,3,6,3
1998,Gen Z,Sweden,Medium,Unemployed,Employed,2302.0,19,7,Rent,6,7,1
1958,Baby Boomer,Italy,High,Finance,Employed,1037.0,19,21,With parents,1,8,3
1984,Millennial,Spain,Low,Manufacturing,Employed,3323.0,23,30,Own,5,1,5
2003,Gen Z,Sweden,Medium,Healthcare,Employed,1953.0,19,5,Rent,4,7,1
1999,Gen Z,Sweden,High,Unemployed,Employed,357.0,28,3,Rent,10,8,6
1948,Baby Boomer,Netherlands,Medium,Manufacturing,Inactive,1556.0,26,6,Rent,8,7,1
2003,Gen Z,Italy,Medium,Education,Employed,945.0,18,33,Own,9,1,10
2004,Gen Z,Poland,Medium,IT,Employed,2310.0,17,26,Own,8,2,6
1996,Millennial,Poland,High,Retail,Employed,2305.0,25,1,Own,7,4,10
1955,Baby Boomer,Germany,Low,Manufacturing,Inactive,3268.0,16,13,Rent,3,5,1
2002,Gen Z,Spain,Medium,Manufacturing,Inactive,3847.0,20,28,Rent,8,9,8
1975,Gen X,Germany,Low,Unemployed,Employed,3920.0,19,21,Own,1,9,2
1987,Millennial,France,Low,Healthcare,Inactive,1277.0,25,4,With parents,4,2,2
1976,Gen X,Poland,Medium,Healthcare,Employed,2757.0,24,17,With parents,3,7,2
1971,Gen X,Spain,Low,Construction,Employed,2917.0,24,15,Own,3,3,1
1974,Gen X,Netherlands,High,IT,Employed,1729.0,26,5,Rent,2,8,2
1987,Millennial,Germany,High,Retail,Employed,2458.0,20,0,Rent,7,9,8
1946,Baby Boomer,Netherlands,Medium,Construction,Employed,2559.0,20,11,With parents,10,4,8
1993,Millennial,Netherlands,Medium,Construction,Employed,1763.0,21,23,Rent,3,2,6
1953,Baby Boomer,Czechia,Medium,Manufacturing,Employed,3354.0,19,10,Own,7,10,4
1972,Gen X,Czechia,High,IT,Employed,2412.0,28,33,Rent,2,9,10
1975,Gen X,Netherlands,Medium,Unemployed,Employed,2045.0,21,28,Rent,3,2,4
2004,Gen Z,Germany,Low,Unemployed,Employed,1099.0,23,31,Own,3,2,8
1978,Gen X,Czechia,High,Unemployed,Employed,3236.0,27,20,With parents,7,9,8
2000,Gen Z,France,High,Retail,Employed,2267.0,20,32,Own,10,6,8
1959,Baby Boomer,Sweden,Medium,IT,Unemployed,2270.0,23,32,Rent,4,5,10
1992,Millennial,Sweden,High,Manufacturing,Inactive,1438.0,23,27,Own,10,6,4
1969,Gen X,Czechia,High,Unemployed,Employed,3004.0,18,35,Own,7,9,2
1980,Gen X,Germany,Medium,Healthcare,Employed,1179.0,21,0,With parents,3,1,3
1952,Baby Boomer,Sweden,Medium,Healthcare,Employed,213.0,16,11,With parents,10,7,3
1953,Baby Boomer,Italy,High,Healthcare,Inactive,1562.0,20,32,Rent,9,8,6
2002,Gen Z,Sweden,Medium,Education,Employed,2512.0,22,4,Own,2,4,1
2002,Gen Z,Poland,Medium,IT,Inactive,2505.0,20,1,Rent,3,8,1
1981,Millennial,Germany,Low,Unemployed,Employed,2326.0,18,35,Own,6,10,3
1992,Millennial,Czechia,High,Manufacturing,Inactive,2045.0,17,23,Own,6,1,3
1989,Millennial,Czechia,High,IT,Employed,2343.0,27,20,With parents,6,8,2
1983,Millennial,Sweden,Low,Healthcare,Inactive,4774.0,17,29,Own,10,3,4
1976,Gen X,Germany,High,Finance,Employed,2425.0,24,14,With parents,8,4,5
2002,Gen Z,France,High,Finance,Inactive,1820.0,17,8,Own,8,8,3
1996,Millennial,Italy,High,Unemployed,Employed,2106.0,22,31,Rent,6,8,7
1961,Baby Boomer,Czechia,Low,IT,Employed,2013.0,24,7,Rent,8,2,10
1979,Gen X,Germany,Medium,Unemployed,Unemployed,2262.0,27,22,Own,1,9,10
1981,Millennial,Czechia,Medium,Retail,Unemployed,1380.0,18,26,With parents,7,4,5
1963,Baby Boomer,Czechia,Medium,Finance,Employed,2919.0,22,7,With parents,3,6,4
1988,Millennial,Poland,Medium,Finance,Employed,2467.0,16,28,With parents,3,8,2
1973,Gen X,Sweden,High,IT,Unemployed,1490.0,27,10,Own,9,4,9
2003,Gen Z,Poland,Medium,Construction,Inactive,3118.0,21,20,Rent,1,8,3
1951,Baby Boomer,Sweden,High,Education,Employed,488.0,26,29,With parents,9,7,9
1972,Gen X,Czechia,Low,Education,Employed,4137.0,17,32,Rent,5,8,1
1953,Baby Boomer,Germany,Medium,Healthcare,Inactive,3897.0,25,2,With parents,9,4,3
1972,Gen X,Netherlands,Low,Unemployed,Employed,3753.0,16,12,Own,1,2,10
1950,Baby Boomer,Sweden,Medium,Manufacturing,Unemployed,1753.0,20,35,Own,6,4,4
1973,Gen X,Netherlands,Medium,Construction,Inactive,2417.0,29,22,With parents,1,5,3
2002,Gen Z,Italy,High,Unemployed,Unemployed,1640.0,28,25,Rent,1,4,6
1961,Baby Boomer,Poland,Medium,Retail,Unemployed,2588.0,21,9,With parents,5,8,7
1960,Baby Boomer,Netherlands,Medium,Unemployed,Inactive,2217.0,26,35,With parents,5,10,9
1967,Gen X,Poland,Medium,Construction,Inactive,1786.0,17,22,With parents,1,5,9
1975,Gen X,Sweden,Low,Unemployed,Unemployed,1776.0,19,7,Rent,2,9,7
1947,Baby Boomer,Sweden,Low,Manufacturing,Employed,2274.0,29,13,With parents,3,7,10
1965,Gen X,Italy,Medium,Manufacturing,Employed,4843.0,18,23,With parents,3,7,7
1970,Gen X,Sweden,Medium,Retail,Employed,3375.0,16,17,Own,7,5,10
1980,Gen X,Czechia,High,Education,Unemployed,2277.0,29,24,Rent,2,3,3
1986,Millennial,Italy,Medium,Construction,Employed,2037.0,16,19,Own,3,8,8
1981,Millennial,Netherlands,High,Unemployed,Employed,2761.0,18,24,Own,1,4,2
1997,Gen Z,Sweden,Medium,Finance,Employed,1648.0,27,16,With parents,1,3,4
1966,Gen X,Germany,High,Healthcare,Unemployed,1995.0,17,3,With parents,1,4,3
1986,Millennial,Spain,Low,IT,Inactive,444.0,17,20,With parents,1,1,9
1956,Baby Boomer,France,Medium,Education,Inactive,2282.0,27,19,Own,4,8,6
1986,Millennial,Czechia,Medium,Healthcare,Employed,2305.0,25,16,Rent,1,9,7
1957,Baby Boomer,Spain,High,Finance,Employed,1711.0,29,34,Rent,4,3,6
1955,Baby Boomer,Spain,Low,Education,Employed,2606.0,20,22,Own,6,10,8
1998,Gen Z,Poland,Medium,Construction,Employed,2312.0,20,20,Own,3,6,1
1960,Baby Boomer,Czechia,Medium,Retail,Employed,1721.0,27,20,Rent,3,4,7
1952,Baby Boomer,Czechia,Medium,Manufacturing,Employed,2941.0,22,23,With parents,5,9,6
1984,Millennial,Italy,Low,Retail,Employed,2038.0,20,17,Rent,10,2,1
2003,Gen Z,Poland,Low,Finance,Employed,1257.0,29,18,Own,2,3,1
2001,Gen Z,Netherlands,Medium,IT,Employed,615.0,18,4,With parents,4,1,1
1984,Millennial,France,Medium,Unemployed,Employed,3492.0,25,26,With parents,1,7,6
1989,Millennial,Netherlands,Low,Retail,Employed,2313.0,21,5,Rent,10,9,3
2003,Gen Z,Germany,Medium,Finance,Employed,2275.0,18,13,With parents,9,1,6
1946,Baby Boomer,France,Low,Manufacturing,Employed,2161.0,27,2,Own,3,3,9
1974,Gen X,Poland,High,Education,Employed,3296.0,23,0,Rent,8,7,4
1974,Gen X,Sweden,Medium,Healthcare,Employed,2328.0,21,30,Own,4,3,1
1956,Baby Boomer,Sweden,High,Finance,Inactive,3593.0,29,9,Own,6,3,2
1954,Baby Boomer,Poland,Medium,Finance,Employed,2331.0,22,30,Own,10,3,5
1988,Millennial,Netherlands,High,Construction,Employed,0.0,28,16,Rent,4,4,7
1955,Baby Boomer,Poland,Medium,IT,Inactive,3340.0,18,15,Own,4,4,5
1959,Baby Boomer,Poland,Medium,Education,Employed,2484.0,26,26,Own,6,8,6
1960,Baby Boomer,Spain,Medium,Finance,Employed,1744.0,22,15,With parents,8,5,1
1961,Baby Boomer,Germany,High,Finance,Employed,1969.0,24,3,With parents,9,3,5
1970,Gen X,Czechia,Medium,Healthcare,Employed,1923.0,23,26,Own,2,10,6
1946,Baby Boomer,Sweden,Medium,Unemployed,Employed,1083.0,26,8,With parents,6,5,1
1994,Millennial,Spain,Low,Manufacturing,Employed,2989.0,28,24,Rent,1,9,2
1956,Baby Boomer,Poland,Medium,Retail,Inactive,1799.0,17,23,With parents,7,6,6
1995,Millennial,Italy,Medium,Construction,Employed,1419.0,25,27,Rent,10,4,7
1970,Gen X,Spain,Low,Education,Inactive,6069.0,25,17,Rent,3,1,2
1967,Gen X,Poland,Medium,Healthcare,Inactive,1162.0,28,25,With parents,9,8,1
1962,Baby Boomer,Sweden,Medium,Healthcare,Inactive,2121.0,17,9,With parents,6,5,6
1976,Gen X,Czechia,High,Retail,Unemployed,130.0,29,33,Rent,9,9,10
1993,Millennial,Poland,Low,Education,Employed,3329.0,22,10,Own,6,7,5
1982,Millennial,Germany,Medium,Education,Unemployed,1946.0,29,13,Own,4,2,3
2001,Gen Z,Netherlands,High,Construction,Employed,2935.0,25,0,Own,6,2,9
1991,Millennial,France,Medium,Manufacturing,Inactive,1351.0,27,16,Own,1,8,1
1947,Baby Boomer,Spain,Medium,Education,Employed,746.0,19,16,With parents,10,5,9
1982,Millennial,Spain,High,Construction,Employed,1529.0,24,9,With parents,8,5,1
1947,Baby Boomer,Spain,Medium,Finance,Inactive,3411.0,21,29,Rent,10,6,7
1974,Gen X,Poland,Medium,Retail,Employed,2719.0,24,32,Rent,8,7,1
1945,Baby Boomer,Czechia,High,Education,Employed,745.0,26,1,Own,3,4,6
1974,Gen X,Germany,High,Unemployed,Employed,22.0,18,19,Rent,5,9,9
1989,Millennial,Czechia,Medium,Unemployed,Unemployed,1911.0,21,31,With parents,5,8,7
1976,Gen X,Poland,Low,Manufacturing,Employed,3183.0,21,2,Own,3,6,6
1972,Gen X,Poland,Medium,Healthcare,Employed,1517.0,23,35,Own,6,1,5
1965,Gen X,Netherlands,Low,Finance,Inactive,3169.0,22,4,Own,9,6,3
2002,Gen Z,Italy,Low,Education,Employed,2314.0,18,19,Rent,3,1,2
1990,Millennial,Germany,Medium,Retail,Employed,3777.0,16,2,Own,9,5,2
1957,Baby Boomer,Spain,High,Education,Unemployed,1589.0,17,2,With parents,8,6,9
1971,Gen X,France,High,Construction,Employed,2146.0,26,35,Own,5,2,3
1980,Gen X,Spain,Medium,IT,Employed,1610.0,25,5,Rent,9,3,7
1951,Baby Boomer,Czechia,Medium,Unemployed,Employed,3087.0,17,35,Rent,7,7,4
1966,Gen X,Poland,Low,Manufacturing,Employed,2732.0,16,23,Own,3,5,7
1954,Baby Boomer,Germany,Low,Healthcare,Employed,671.0,19,7,Own,10,10,6
1983,Millennial,Sweden,Low,IT,Employed,2823.0,21,15,Rent,2,9,10
1997,Gen Z,Germany,High,Retail,Employed,860.0,19,0,With parents,5,8,4
1959,Baby Boomer,Germany,Low,Education,Employed,1380.0,28,13,With parents,3,10,3
1959,Baby Boomer,Italy,High,Manufacturing,Employed,2871.0,19,9,Own,10,9,4
1948,Baby Boomer,Spain,Medium,Finance,Unemployed,1071.0,26,9,Own,9,6,2
1976,Gen X,Italy,Low,Construction,Inactive,1866.0,24,21,Own,10,2,2
1967,Gen X,Sweden,Low,Construction,Employed,2883.0,17,30,Rent,7,6,4
1999,Gen Z,Sweden,Medium,Education,Employed,2574.0,16,3,Rent,10,5,3
1950,Baby Boomer,Netherlands,High,Unemployed,Inactive,2521.0,22,22,Own,10,10,5
1968,Gen X,Czechia,High,Education,Employed,2913.0,29,11,Rent,8,4,1
1964,Baby Boomer,France,Medium,Education,Inactive,3376.0,20,7,Rent,6,9,7
2002,Gen Z,Netherlands,Medium,Finance,Employed,1084.0,28,23,With parents,9,2,4
1981,Millennial,Poland,Medium,Education,Inactive,2500.0,20,0,Rent,6,3,6
1964,Baby Boomer,Italy,High,Manufacturing,Employed,3068.0,17,25,Own,3,4,2
1956,Baby Boomer,Italy,High,Finance,Employed,2891.0,28,21,With parents,2,7,4
1977,Gen X,Netherlands,Medium,Finance,Inactive,2057.0,21,24,Rent,1,1,5
1972,Gen X,Poland,Medium,Unemployed,Inactive,2005.0,20,30,With parents,9,9,6
1952,Baby Boomer,Germany,Medium,IT,Employed,2942.0,20,33,Rent,6,5,1
1945,Baby Boomer,Poland,Medium,Retail,Inactive,2393.0,21,10,Rent,4,1,4
1981,Millennial,Spain,Low,Finance,Employed,3185.0,29,3,With parents,5,8,2
1966,Gen X,Netherlands,Medium,IT,Employed,2299.0,17,7,Rent,8,3,10
1950,Baby Boomer,Czechia,High,Manufacturing,Employed,1864.0,20,34,Own,1,1,1
1965,Gen X,Poland,Medium,Retail,Employed,613.0,26,24,Rent,8,7,9
1976,Gen X,Germany,Low,Finance,Unemployed,1993.0,16,30,With parents,7,4,1
1979,Gen X,Poland,High,Healthcare,Employed,1092.0,28,22,With parents,9,5,2
1959,Baby Boomer,Italy,Medium,IT,Employed,553.0,28,3,Rent,4,10,9
1949,Baby Boomer,France,Low,Manufacturing,Employed,1421.0,23,35,Own,5,2,8
2004,Gen Z,Italy,Medium,Manufacturing,Employed,2833.0,16,6,Rent,8,4,10
2000,Gen Z,Czechia,Medium,Manufacturing,Employed,1982.0,22,9,Rent,3,5,10
1990,Millennial,Sweden,Medium,Construction,Employed,2360.0,28,5,Rent,10,4,10
1994,Millennial,France,Medium,Retail,Unemployed,2806.0,21,30,Rent,1,3,4
1992,Millennial,Sweden,High,Unemployed,Employed,2168.0,23,3,Own,1,5,2
1950,Baby Boomer,Poland,Medium,Education,Employed,1581.0,20,20,Rent,10,2,8
1969,Gen X,Spain,High,Healthcare,Employed,1799.0,26,19,Own,6,10,3
2000,Gen Z,Czechia,Low,Retail,Employed,2895.0,21,16,Rent,2,10,10
1990,Millennial,Poland,High,Retail,Employed,2176.0,19,5,Own,9,1,1
2003,Gen Z,Germany,Medium,Unemployed,Employed,0.0,25,10,Rent,5,7,2
2000,Gen Z,Poland,Medium,Unemployed,Employed,1882.0,25,17,With parents,9,3,4
1984,Millennial,France,Medium,Finance,Inactive,2679.0,16,8,Rent,8,6,1
1973,Gen X,Italy,Medium,Construction,Employed,2365.0,26,11,Rent,8,8,6
1951,Baby Boomer,Spain,Low,IT,Unemployed,1282.0,22,30,With parents,5,3,4
1984,Millennial,Sweden,High,Healthcare,Employed,1529.0,17,30,With parents,2,9,6
1957,Baby Boomer,Poland,Low,Manufacturing,Employed,446.0,16,33,Rent,6,5,5
1982,Millennial,Poland,Low,Retail,Employed,2694.0,16,15,Own,5,8,4
1962,Baby Boomer,Italy,Medium,Healthcare,Employed,2760.0,16,11,With parents,3,10,7
1946,Baby Boomer,Spain,High,IT,Employed,2080.0,17,12,With parents,10,2,7
1952,Baby Boomer,Netherlands,Low,Education,Inactive,1885.0,27,35,With parents,9,2,4
1955,Baby Boomer,Sweden,High,Healthcare,Employed,1227.0,16,12,With parents,7,6,4
1977,Gen X,Poland,High,Construction,Employed,2499.0,28,1,With parents,9,2,4
1998,Gen Z,Poland,Medium,Construction,Employed,722.0,19,14,With parents,10,6,8
1982,Millennial,Netherlands,Medium,Manufacturing,Employed,2899.0,27,12,Rent,4,9,5
1992,Millennial,Sweden,High,Construction,Employed,2721.0,28,33,Rent,3,3,5
1971,Gen X,France,Medium,Retail,Inactive,3251.0,25,25,With parents,2,8,9
1964,Baby Boomer,France,Medium,Education,Employed,2245.0,25,5,Own,5,3,10
1956,Baby Boomer,Czechia,High,Unemployed,Unemployed,1732.0,26,20,Own,1,9,6
1987,Millennial,Czechia,High,IT,Employed,2589.0,22,32,Own,6,5,4
1975,Gen X,Germany,High,Manufacturing,Employed,2903.0,25,14,Rent,2,8,7
1971,Gen X,Italy,Medium,Unemployed,Employed,1158.0,18,34,Rent,9,1,8
1976,Gen X,Spain,Low,Education,Employed,2138.0,24,27,Rent,5,1,7
1954,Baby Boomer,Poland,Medium,Finance,Employed,2439.0,17,5,Rent,2,9,6
1947,Baby Boomer,Sweden,Medium,Finance,Employed,2633.0,17,5,With parents,4,7,2
1989,Millennial,Poland,Medium,IT,Employed,1883.0,22,10,With parents,6,5,5
1971,Gen X,Czechia,Medium,Manufacturing,Unemployed,2768.0,28,13,Own,4,10,6
1979,Gen X,Germany,Medium,Construction,Employed,1336.0,24,20,Own,5,1,2
1975,Gen X,Sweden,High,Retail,Unemployed,4016.0,29,19,With parents,4,3,9
1959,Baby Boomer,Sweden,High,IT,Employed,1638.0,21,4,Own,4,10,10
1960,Baby Boomer,Poland,High,Construction,Inactive,2567.0,26,8,Rent,3,10,4
1957,Baby Boomer,Italy,Low,Education,Employed,1703.0,16,29,Own,9,9,5
1993,Millennial,Germany,Low,Manufacturing,Employed,2288.0,21,26,Rent,3,10,5
1979,Gen X,Italy,High,Finance,Inactive,1229.0,19,4,Own,4,3,7
1996,Millennial,Germany,Medium,Finance,Employed,3168.0,20,4,Rent,8,5,9
1955,Baby Boomer,Poland,Medium,Healthcare,Employed,1464.0,19,14,Own,5,2,9
2003,Gen Z,Germany,Low,Manufacturing,Employed,2273.0,29,8,Rent,7,5,6
1965,Gen X,France,Medium,Education,Employed,2143.0,18,24,With parents,6,7,9
1995,Millennial,Sweden,Medium,Education,Inactive,1569.0,17,7,With parents,1,5,4
1998,Gen Z,Spain,High,Healthcare,Unemployed,0.0,17,13,Rent,2,5,5
1955,Baby Boomer,Poland,High,Construction,Unemployed,3153.0,25,31,With parents,10,4,5
1974,Gen X,Netherlands,Medium,Education,Inactive,2330.0,26,30,Own,5,4,5
2004,Gen Z,Spain,Medium,Construction,Employed,634.0,19,22,With parents,10,5,1
1992,Millennial,Poland,High,Construction,Employed,478.0,18,0,Rent,3,2,7
1997,Gen Z,Spain,Medium,Manufacturing,Unemployed,1910.0,26,30,With parents,8,6,6
1979,Gen X,France,Medium,Construction,Employed,2126.0,27,6,Own,8,2,3
1966,Gen X,Spain,High,Finance,Employed,2007.0,21,14,Rent,2,9,8
1982,Millennial,Germany,High,IT,Employed,3500.0,25,5,With parents,6,6,6
1975,Gen X,Czechia,High,Finance,Inactive,697.0,28,15,With parents,7,5,9
1958,Baby Boomer,Spain,Low,Construction,Employed,2391.0,18,13,With parents,7,3,7
1968,Gen X,Poland,Medium,Unemployed,Unemployed,2781.0,18,16,Own,3,10,8
1994,Millennial,Netherlands,High,Finance,Employed,2762.0,19,9,With parents,9,9,9
1993,Millennial,Netherlands,Low,Manufacturing,Employed,3004.0,29,28,Own,7,8,6
1976,Gen X,Czechia,High,Construction,Unemployed,2305.0,20,7,Rent,1,3,8
1980,Gen X,Italy,Low,Unemployed,Inactive,2422.0,26,10,Own,9,1,2
1976,Gen X,Czechia,High,Education,Employed,1903.0,24,17,With parents,6,1,1
1999,Gen Z,Sweden,Medium,Healthcare,Employed,841.0,28,19,Rent,6,10,9
1959,Baby Boomer,Spain,Low,Healthcare,Employed,2496.0,26,15,With parents,7,8,10
1987,Millennial,Netherlands,Medium,Retail,Unemployed,1838.0,20,26,With parents,2,10,6
2002,Gen Z,Czechia,Medium,Healthcare,Employed,1530.0,29,22,Own,2,7,10
1979,Gen X,Spain,Medium,Healthcare,Employed,2535.0,16,13,With parents,4,7,10
1947,Baby Boomer,Sweden,Medium,Education,Unemployed,2615.0,24,11,Own,2,3,3
1960,Baby Boomer,Netherlands,High,IT,Employed,1565.0,28,26,Rent,7,6,3
1949,Baby Boomer,Sweden,Medium,IT,Employed,2425.0,17,12,Rent,10,10,8
1965,Gen X,Spain,Medium,Education,Inactive,2127.0,28,15,Rent,9,5,3
1954,Baby Boomer,Poland,Low,Healthcare,Inactive,2371.0,19,32,With parents,2,5,10
1963,Baby Boomer,Spain,High,Manufacturing,Inactive,3328.0,25,23,Own,1,6,6
1969,Gen X,Czechia,Low,Finance,Employed,2598.0,21,11,With parents,1,8,6
1948,Baby Boomer,Sweden,Medium,Construction,Inactive,2530.0,24,8,With parents,2,9,5
1973,Gen X,Poland,High,Finance,Unemployed,1403.0,17,12,Own,3,5,7
1963,Baby Boomer,Poland,Low,Unemployed,Employed,1530.0,24,7,With parents,1,10,4
1987,Millennial,Italy,Medium,IT,Employed,2633.0,24,17,Rent,8,7,10
1946,Baby Boomer,Netherlands,Low,Unemployed,Employed,771.0,16,26,Own,6,1,6
1954,Baby Boomer,Germany,High,Education,Unemployed,1879.0,27,32,Rent,3,5,1
1987,Millennial,Poland,Medium,Unemployed,Unemployed,1513.0,27,6,With parents,9,10,3
1969,Gen X,Sweden,High,Manufacturing,Unemployed,2072.0,26,12,With parents,4,3,7
1964,Baby Boomer,Netherlands,High,Healthcare,Employed,2006.0,21,14,Rent,9,10,9
1992,Millennial,France,Medium,Education,Employed,2318.0,27,33,With parents,5,2,1
1963,Baby Boomer,Spain,High,Unemployed,Employed,2619.0,21,19,With parents,9,3,4
1967,Gen X,Czechia,Medium,IT,Inactive,3070.0,24,16,Own,8,10,7
1968,Gen X,Sweden,Medium,Construction,Employed,3138.0,21,28,Own,2,9,10
1955,Baby Boomer,France,Medium,Manufacturing,Employed,1987.0,28,20,Rent,5,9,9
1990,Millennial,Sweden,High,Manufacturing,Employed,1668.0,29,13,With parents,1,2,8
1978,Gen X,Spain,Medium,IT,Employed,1491.0,17,28,Rent,1,9,2
1999,Gen Z,Italy,Medium,Manufacturing,Employed,1910.0,28,21,With parents,3,3,2
1972,Gen X,Sweden,Medium,Finance,Unemployed,1311.0,23,32,Own,1,3,9
1949,Baby Boomer,Poland,Medium,Construction,Employed,2623.0,16,12,Own,6,5,2
2003,Gen Z,Germany,Low,IT,Employed,3121.0,20,30,With parents,6,4,10
1949,Baby Boomer,Poland,Medium,Finance,Employed,828.0,25,11,Own,5,1,7
1995,Millennial,Spain,Medium,Education,Employed,2209.0,18,31,Own,9,1,10
1965,Gen X,Sweden,Medium,Retail,Inactive,3600.0,26,5,With parents,4,5,9
1956,Baby Boomer,Germany,Medium,Construction,Employed,867.0,21,10,Own,3,4,8
1994,Millennial,Poland,Medium,Healthcare,Employed,3530.0,29,22,With parents,3,8,5
1948,Baby Boomer,Germany,High,Education,Inactive,1426.0,27,6,Rent,1,2,2
1998,Gen Z,Czechia,High,Finance,Employed,1654.0,20,19,With parents,4,8,6
1993,Millennial,Spain,Medium,Healthcare,Unemployed,2756.0,27,3,Rent,7,6,7
1986,Millennial,Italy,Low,Healthcare,Employed,2657.0,27,20,With parents,8,10,10
1964,Baby Boomer,Italy,High,Finance,Employed,2105.0,28,29,With parents,6,9,7
1982,Millennial,Sweden,High,Finance,Employed,1513.0,28,24,With parents,7,6,5
1969,Gen X,Poland,Medium,Construction,Employed,1080.0,25,30,With parents,5,7,10
1958,Baby Boomer,France,Low,IT,Inactive,2131.0,28,1,With parents,8,8,9
1955,Baby Boomer,Spain,Low,Retail,Inactive,2009.0,28,19,Rent,10,1,6
1976,Gen X,Poland,Low,Construction,Employed,1487.0,29,13,Own,3,7,10
1955,Baby Boomer,Poland,Low,Finance,Employed,1970.0,19,22,With parents,8,7,9
1962,Baby Boomer,Italy,High,Healthcare,Inactive,2426.0,18,4,Rent,10,3,8
1971,Gen X,Sweden,Medium,Healthcare,Employed,3163.0,16,18,Rent,7,7,10
1999,Gen Z,Germany,Medium,Education,Employed,2376.0,23,6,With parents,9,4,9
1998,Gen Z,Spain,High,Retail,Employed,2042.0,26,20,With parents,6,6,1
1962,Baby Boomer,Czechia,High,Retail,Employed,1459.0,20,32,With parents,10,2,2
2000,Gen Z,Germany,High,Unemployed,Employed,1530.0,23,19,Rent,10,4,8
1967,Gen X,Netherlands,High,Unemployed,Employed,2395.0,24,8,With parents,2,10,6
1955,Baby Boomer,Netherlands,Medium,Healthcare,Employed,2444.0,28,30,With parents,5,10,1
1965,Gen X,Spain,High,Retail,Inactive,2000.0,23,7,Own,9,4,10
1988,Millennial,Sweden,High,Education,Employed,3015.0,21,10,Rent,7,5,1
1949,Baby Boomer,France,Low,IT,Employed,2253.0,25,6,With parents,3,6,1
1967,Gen X,Netherlands,Medium,Healthcare,Employed,1762.0,23,20,Rent,2,4,3
1985,Millennial,Italy,Medium,Manufacturing,Unemployed,1610.0,20,27,With parents,8,6,9
2003,Gen Z,France,High,Healthcare,Employed,1550.0,24,14,With parents,8,9,6
1969,Gen X,Poland,Medium,Healthcare,Employed,2632.0,21,7,Rent,1,4,2
1985,Millennial,Netherlands,Medium,IT,Unemployed,1641.0,17,11,Rent,2,7,8
1998,Gen Z,Italy,Low,Finance,Employed,2297.0,22,4,Rent,5,7,10
1954,Baby Boomer,Poland,Medium,Unemployed,Employed,1436.0,29,7,Rent,5,8,3
1966,Gen X,France,Low,Finance,Inactive,2050.0,16,13,Own,7,2,1
1963,Baby Boomer,Spain,Medium,Manufacturing,Employed,2151.0,25,3,Rent,5,1,10
1945,Baby Boomer,Poland,High,Unemployed,Employed,4328.0,27,26,With parents,9,9,6
1951,Baby Boomer,Germany,Low,Manufacturing,Employed,1024.0,16,14,With parents,1,9,4
1948,Baby Boomer,Spain,Medium,Manufacturing,Unemployed,2928.0,27,19,Rent,5,4,6
1945,Baby Boomer,Spain,Low,Unemployed,Employed,1508.0,29,21,Rent,3,4,8
1959,Baby Boomer,France,Low,Finance,Unemployed,3415.0,23,35,Rent,10,10,4
1984,Millennial,France,Medium,Construction,Unemployed,1572.0,27,29,Rent,6,3,4
1956,Baby Boomer,Italy,Low,IT,Employed,3133.0,20,32,Rent,1,3,6
1966,Gen X,Italy,Medium,Retail,Unemployed,2400.0,26,27,With parents,2,5,2
1966,Gen X,Germany,Low,Manufacturing,Employed,1002.0,25,3,Own,9,5,3
1994,Millennial,Spain,Low,Unemployed,Employed,2379.0,24,13,Rent,9,4,2
1991,Millennial,Czechia,Medium,Retail,Employed,2664.0,29,1,Rent,2,5,9
1961,Baby Boomer,Sweden,Medium,Education,Employed,2729.0,27,18,Rent,4,3,4
1973,Gen X,Germany,Low,Unemployed,Employed,1987.0,21,13,Rent,10,6,3
1990,Millennial,Germany,Medium,IT,Employed,4535.0,28,6,Own,3,8,2
1958,Baby Boomer,Sweden,High,Retail,Employed,3951.0,16,8,Own,8,6,1
1994,Millennial,Sweden,High,Finance,Employed,2504.0,21,32,With parents,1,7,2
1964,Baby Boomer,Sweden,Low,Construction,Unemployed,1015.0,28,23,Rent,9,8,4
1994,Millennial,France,Medium,Finance,Employed,1300.0,16,20,Rent,4,7,4
1992,Millennial,Germany,Medium,Manufacturing,Inactive,1958.0,28,0,With parents,8,10,7
1977,Gen X,Germany,Low,Construction,Unemployed,2114.0,20,20,With parents,8,5,3
1999,Gen Z,Poland,High,Manufacturing,Employed,1456.0,18,23,Rent,6,6,7
2003,Gen Z,Sweden,High,Construction,Employed,1711.0,27,3,Own,10,6,4
1987,Millennial,Sweden,High,Retail,Employed,410.0,25,5,With parents,9,9,9
1959,Baby Boomer,Italy,High,Finance,Inactive,255.0,25,2,Rent,8,5,7
1956,Baby Boomer,Italy,High,Retail,Employed,2212.0,24,33,Rent,3,4,2
1984,Millennial,Spain,Medium,Education,Employed,3633.0,16,24,Rent,6,2,9
1998,Gen Z,Italy,Medium,Unemployed,Employed,804.0,21,26,With parents,2,4,9
1964,Baby Boomer,Netherlands,High,IT,Employed,2008.0,29,17,With parents,1,2,2
1974,Gen X,Spain,Medium,Finance,Employed,2183.0,18,4,With parents,5,7,8
1982,Millennial,Czechia,Medium,Healthcare,Employed,2535.0,24,23,Rent,7,10,7
1947,Baby Boomer,Sweden,Medium,Finance,Employed,1741.0,17,31,With parents,6,6,1
1972,Gen X,Poland,High,Education,Inactive,1210.0,27,20,Rent,4,6,1
2000,Gen Z,Italy,Low,Finance,Inactive,2781.0,26,33,Own,4,1,8
1970,Gen X,Poland,Medium,Education,Employed,441.0,22,28,Own,9,3,10
1974,Gen X,Italy,High,Finance,Unemployed,2544.0,24,4,Own,3,2,5
1957,Baby Boomer,Italy,High,Education,Inactive,1476.0,18,27,With parents,2,4,9
1957,Baby Boomer,Poland,High,Construction,Employed,2419.0,18,5,Rent,6,9,3
1946,Baby Boomer,Germany,Medium,Manufacturing,Employed,3244.0,18,10,With parents,1,8,3
1981,Millennial,Germany,Low,Retail,Inactive,1582.0,16,7,Own,2,1,8
1993,Millennial,Germany,High,Unemployed,Employed,1869.0,28,34,Rent,4,7,5
1982,Millennial,Netherlands,Medium,Finance,Inactive,1821.0,24,10,Own,9,10,1
1946,Baby Boomer,Germany,Medium,IT,Employed,4251.0,24,19,Rent,4,1,9
1980,Gen X,Italy,Medium,Manufacturing,Employed,2085.0,21,21,With parents,10,9,2
1998,Gen Z,Sweden,Medium,Education,Employed,2044.0,24,11,Rent,3,9,7
1970,Gen X,France,Medium,IT,Employed,2122.0,24,4,Own,1,3,8
1955,Baby Boomer,Poland,Medium,Manufacturing,Employed,3418.0,16,33,Rent,8,2,4
1952,Baby Boomer,Sweden,Medium,Unemployed,Employed,1626.0,18,33,Rent,4,8,3
1988,Millennial,France,High,Healthcare,Employed,2914.0,18,29,Own,2,6,1
1984,Millennial,Sweden,Medium,Finance,Employed,1517.0,16,22,Own,7,3,10
1987,Millennial,Netherlands,Low,Finance,Employed,1454.0,21,35,Own,1,5,7
1966,Gen X,France,Medium,Education,Unemployed,2534.0,19,24,Own,3,10,7
1964,Baby Boomer,Czechia,Medium,Manufacturing,Employed,3293.0,23,5,Rent,10,9,9
1952,Baby Boomer,Spain,High,Unemployed,Unemployed,1855.0,21,28,Rent,5,8,6
1973,Gen X,Germany,Low,Manufacturing,Unemployed,1849.0,19,20,Own,7,10,4
1984,Millennial,Czechia,High,Education,Employed,2772.0,20,6,Rent,3,2,1
1970,Gen X,Netherlands,Medium,Healthcare,Employed,2190.0,27,8,Own,4,4,6
1974,Gen X,Sweden,Medium,Finance,Inactive,2812.0,17,35,Rent,5,10,2
1961,Baby Boomer,Italy,Low,Retail,Unemployed,737.0,25,0,With parents,10,9,10
1964,Baby Boomer,Germany,Medium,Healthcare,Employed,1265.0,27,30,Rent,2,8,9
1996,Millennial,Czechia,Low,Education,Unemployed,2145.0,16,19,Own,9,3,7
1999,Gen Z,Germany,Medium,Retail,Employed,2607.0,27,27,With parents,7,2,1
1960,Baby Boomer,France,Medium,Manufacturing,Employed,2083.0,22,18,With parents,2,4,4
1990,Millennial,Spain,High,Construction,Employed,2272.0,25,0,Own,6,2,5
1987,Millennial,Germany,High,Unemployed,Employed,2746.0,27,28,Own,7,10,3
1951,Baby Boomer,Sweden,Medium,Construction,Inactive,1078.0,18,9,Rent,10,7,9
1960,Baby Boomer,Sweden,Medium,Unemployed,Inactive,2746.0,28,35,Rent,4,10,9
1989,Millennial,Poland,Medium,Healthcare,Employed,3146.0,18,22,With parents,4,6,9
2003,Gen Z,Poland,High,Construction,Employed,1891.0,21,17,Rent,8,1,2
1991,Millennial,Germany,Medium,Healthcare,Employed,1425.0,18,28,Rent,2,2,3
2000,Gen Z,France,Medium,Construction,Employed,3000.0,22,27,Rent,2,10,10
1992,Millennial,France,Low,Unemployed,Employed,3748.0,22,6,With parents,2,8,7
1971,Gen X,Italy,Medium,Finance,Employed,2333.0,20,30,Rent,2,10,6
1997,Gen Z,Netherlands,Medium,Construction,Employed,1405.0,16,1,Rent,7,8,8
1967,Gen X,Netherlands,Low,Unemployed,Employed,2195.0,28,14,Own,4,6,1
1968,Gen X,Czechia,High,Finance,Inactive,1450.0,24,21,With parents,5,10,8
1953,Baby Boomer,Netherlands,High,Retail,Inactive,2844.0,17,10,Own,8,10,1
1979,Gen X,Spain,Medium,Manufacturing,Employed,2154.0,19,18,With parents,7,7,6
1995,Millennial,France,Low,Healthcare,Employed,1365.0,25,5,Own,8,2,8
1964,Baby Boomer,Italy,Medium,Retail,Employed,2379.0,25,8,Own,5,1,10
1981,Millennial,Poland,High,Healthcare,Employed,1610.0,17,28,Own,8,6,7
1986,Millennial,Sweden,High,Construction,Inactive,1016.0,27,2,Own,1,10,3
1961,Baby Boomer,Netherlands,Medium,Finance,Employed,2883.0,16,12,Rent,5,3,7
1991,Millennial,Poland,Low,Manufacturing,Employed,2469.0,28,14,Rent,10,1,3
1975,Gen X,Poland,Medium,Construction,Employed,1778.0,16,4,Rent,2,1,3
1999,Gen Z,Germany,Medium,Manufacturing,Inactive,3345.0,16,4,Own,5,3,5
2001,Gen Z,Spain,Medium,IT,Employed,1528.0,22,1,With parents,2,10,2
1952,Baby Boomer,Italy,High,Retail,Employed,1809.0,26,29,With parents,6,7,1
1959,Baby Boomer,Spain,Medium,Finance,Inactive,2538.0,27,27,Own,9,2,4
1975,Gen X,Germany,Low,Finance,Employed,2989.0,24,31,Own,2,4,4
1997,Gen Z,Italy,High,Finance,Employed,2552.0,16,19,Rent,10,4,4
1974,Gen X,Italy,Low,Construction,Employed,1692.0,25,19,Own,2,6,10
1990,Millennial,France,High,Education,Inactive,1986.0,21,28,Rent,10,7,10
1964,Baby Boomer,Spain,Medium,Healthcare,Unemployed,1619.0,26,34,Rent,3,2,9
2004,Gen Z,Spain,High,Manufacturing,Employed,1901.0,20,31,Own,10,1,3
1983,Millennial,France,Low,Healthcare,Employed,1969.0,29,16,With parents,5,6,6
1997,Gen Z,Czechia,Low,Healthcare,Employed,2575.0,18,7,With parents,10,3,7
1999,Gen Z,Poland,Medium,Education,Employed,1579.0,17,20,Own,9,6,7
1956,Baby Boomer,Germany,Medium,Manufacturing,Employed,3059.0,17,22,Rent,3,2,5
1993,Millennial,Spain,Medium,IT,Employed,2178.0,17,26,Rent,9,10,2
1961,Baby Boomer,France,High,Finance,Employed,1431.0,22,5,With parents,9,7,2
1986,Millennial,Sweden,High,Retail,Inactive,2550.0,19,7,Rent,9,10,9
1974,Gen X,Czechia,Medium,Healthcare,Employed,2092.0,22,34,With parents,4,8,1
1973,Gen X,Italy,Low,Education,Employed,1786.0,29,4,Own,10,5,1
1963,Baby Boomer,Netherlands,High,Education,Employed,3475.0,25,32,Own,6,9,8
1990,Millennial,Sweden,High,Retail,Employed,1919.0,16,0,Rent,2,6,7
1955,Baby Boomer,France,Medium,Retail,Employed,1791.0,27,23,Own,1,3,9
1978,Gen X,Netherlands,High,Construction,Employed,3065.0,25,31,Own,2,2,6
1994,Millennial,Poland,Low,Unemployed,Unemployed,2653.0,19,32,Rent,4,7,3
1951,Baby Boomer,Germany,Medium,Manufacturing,Inactive,2879.0,24,1,Rent,7,1,2
1988,Millennial,Netherlands,Low,Healthcare,Employed,1693.0,22,16,With parents,2,1,7
2002,Gen Z,Czechia,High,Healthcare,Employed,2398.0,25,9,Own,10,8,1
1978,Gen X,Poland,Medium,Retail,Employed,952.0,21,1,Own,1,6,8
2003,Gen Z,Netherlands,Medium,Unemployed,Unemployed,472.0,22,11,Rent,3,3,8
1964,Baby Boomer,Italy,Low,Finance,Employed,1668.0,17,29,Own,7,9,9
1994,Millennial,Italy,Low,Construction,Employed,2242.0,16,14,With parents,3,1,9
1982,Millennial,Czechia,Low,IT,Inactive,4360.0,25,22,With parents,2,5,9
1968,Gen X,Italy,Medium,Healthcare,Unemployed,3325.0,24,17,Rent,1,1,7
1954,Baby Boomer,Italy,Low,Education,Unemployed,1216.0,17,30,Own,3,7,3
1976,Gen X,France,Medium,Finance,Inactive,2988.0,17,28,With parents,7,1,10
1996,Millennial,Italy,High,Retail,Employed,989.0,18,13,Own,3,4,6
1959,Baby Boomer,Sweden,Medium,Healthcare,Unemployed,3580.0,27,22,Rent,5,2,6
1981,Millennial,Italy,High,Manufacturing,Employed,1745.0,28,24,Rent,6,10,2
1964,Baby Boomer,Sweden,Low,Retail,Inactive,1683.0,18,27,Own,5,9,4
1947,Baby Boomer,France,Medium,Education,Employed,3118.0,18,34,With parents,1,3,2
1981,Millennial,Italy,Medium,Manufacturing,Employed,1697.0,19,29,Rent,5,6,3
2001,Gen Z,Czechia,Low,Construction,Employed,3773.0,26,26,Own,3,7,7
1984,Millennial,Poland,Low,Retail,Employed,1687.0,16,7,Own,8,2,8
1952,Baby Boomer,Czechia,High,Retail,Employed,2999.0,26,18,With parents,5,1,1
1984,Millennial,Poland,High,Healthcare,Employed,2304.0,28,0,Rent,8,2,8
1988,Millennial,Spain,Low,Manufacturing,Employed,2811.0,16,19,Own,9,8,8
2000,Gen Z,Poland,Medium,Unemployed,Employed,1293.0,29,29,Rent,2,9,7
1967,Gen X,Germany,High,Construction,Employed,550.0,27,28,Rent,4,8,7
1984,Millennial,Germany,Low,Unemployed,Employed,1355.0,27,7,Rent,10,1,3
1955,Baby Boomer,Germany,Medium,Retail,Employed,1837.0,19,13,Own,1,2,9
1990,Millennial,France,High,Finance,Unemployed,2020.0,16,2,Own,10,4,3
1952,Baby Boomer,Czechia,High,Unemployed,Employed,1764.0,27,2,With parents,9,8,7
1973,Gen X,Poland,Medium,Education,Employed,277.0,19,13,With parents,10,9,8
1974,Gen X,Czechia,Low,Manufacturing,Employed,1625.0,28,20,Rent,8,7,2
2000,Gen Z,Sweden,Low,Finance,Inactive,2236.0,17,34,Own,2,8,4
2004,Gen Z,Germany,High,Healthcare,Employed,1981.0,22,26,Rent,6,9,4
1954,Baby Boomer,Spain,High,IT,Employed,1863.0,21,27,Own,5,4,7
1983,Millennial,France,Medium,Construction,Inactive,1786.0,17,27,Own,5,4,6
1972,Gen X,Spain,High,Retail,Unemployed,2251.0,17,4,Rent,3,3,10
1993,Millennial,Poland,High,IT,Unemployed,1258.0,27,9,With parents,1,7,6
1980,Gen X,Italy,Medium,Retail,Employed,1979.0,16,8,Own,6,4,6
1957,Baby Boomer,Spain,High,Unemployed,Unemployed,1833.0,19,19,Rent,6,1,9
1976,Gen X,Italy,Medium,Finance,Employed,1076.0,17,28,With parents,5,8,4
1980,Gen X,France,Medium,Healthcare,Unemployed,2037.0,20,28,With parents,9,1,10
1981,Millennial,Spain,Low,Unemployed,Inactive,412.0,27,27,Own,10,3,2
1970,Gen X,Spain,High,Healthcare,Inactive,1589.0,27,10,Rent,9,9,2
1966,Gen X,Netherlands,Medium,Unemployed,Employed,2503.0,19,20,With parents,10,10,9
1948,Baby Boomer,France,Medium,Healthcare,Inactive,2571.0,16,34,Own,1,1,4
1975,Gen X,France,High,Healthcare,Employed,2212.0,20,22,Rent,7,1,10
1962,Baby Boomer,Germany,Medium,Manufacturing,Employed,2402.0,20,28,Own,6,3,9
1982,Millennial,Poland,High,Unemployed,Employed,2758.0,28,14,Rent,3,7,1
1968,Gen X,Spain,Low,Manufacturing,Employed,2294.0,20,16,Own,4,6,2
2000,Gen Z,Czechia,Medium,Retail,Employed,3259.0,17,23,Own,4,5,7
1967,Gen X,Spain,Low,Manufacturing,Employed,291.0,19,34,Rent,4,4,7
1966,Gen X,Sweden,High,Retail,Employed,2942.0,29,19,Own,7,5,1
1946,Baby Boomer,France,Low,Construction,Employed,243.0,20,35,Rent,4,5,8
1975,Gen X,Czechia,Medium,Manufacturing,Inactive,1636.0,26,10,With parents,10,7,7
1999,Gen Z,France,High,Manufacturing,Unemployed,2857.0,26,29,With parents,6,10,10
1955,Baby Boomer,Poland,Medium,Manufacturing,Employed,2758.0,21,19,Own,1,6,2
1972,Gen X,France,High,Construction,Inactive,1327.0,22,21,Rent,8,9,1
1990,Millennial,Italy,High,Education,Employed,2157.0,25,23,With parents,4,3,2
1976,Gen X,Italy,Medium,Construction,Unemployed,1664.0,26,13,Rent,3,7,7
1949,Baby Boomer,Netherlands,Low,Healthcare,Employed,2963.0,18,35,With parents,9,6,10
1982,Millennial,Italy,Medium,Construction,Inactive,2130.0,18,12,Rent,2,3,4
1954,Baby Boomer,Italy,Medium,Education,Unemployed,1617.0,25,0,Rent,8,7,6
1984,Millennial,Poland,High,Manufacturing,Employed,2544.0,27,26,With parents,6,7,5
1990,Millennial,Spain,High,Manufacturing,Employed,2721.0,17,12,With parents,6,10,8
1968,Gen X,Italy,Low,Education,Employed,2024.0,24,34,Own,10,1,7
1979,Gen X,Czechia,Medium,Unemployed,Employed,2788.0,16,7,Rent,6,6,7
1988,Millennial,Netherlands,Medium,Finance,Employed,3605.0,18,17,Own,2,7,9
1992,Millennial,France,Low,Retail,Employed,328.0,18,33,With parents,7,2,4
2004,Gen Z,Italy,Medium,Healthcare,Employed,3285.0,23,5,With parents,8,10,9
1967,Gen X,Netherlands,Medium,Construction,Employed,3489.0,27,26,Rent,8,3,3
1961,Baby Boomer,Poland,Medium,Retail,Unemployed,2604.0,21,17,Rent,10,9,3
1945,Baby Boomer,Sweden,Medium,Unemployed,Unemployed,1919.0,18,8,With parents,7,8,5
1999,Gen Z,Sweden,High,Finance,Employed,797.0,16,14,Own,7,1,10
1975,Gen X,Sweden,Low,Healthcare,Employed,2238.0,18,22,Rent,5,3,3
1975,Gen X,France,High,IT,Employed,1838.0,19,2,Rent,4,3,9
1986,Millennial,Netherlands,Medium,Healthcare,Employed,948.0,16,8,Own,4,3,1
2001,Gen Z,Italy,High,Construction,Employed,1609.0,18,21,With parents,2,2,6
1999,Gen Z,Spain,Medium,Retail,Unemployed,2164.0,19,22,With parents,4,5,7
1986,Millennial,France,High,Healthcare,Inactive,2442.0,22,19,With parents,7,3,1
1997,Gen Z,France,High,IT,Employed,1278.0,19,6,With parents,2,3,5
2000,Gen Z,Sweden,Medium,IT,Employed,58.0,16,16,Own,7,1,9
1978,Gen X,Spain,Medium,Manufacturing,Unemployed,1970.0,24,2,With parents,9,6,6
1953,Baby Boomer,Sweden,High,Construction,Inactive,1374.0,21,6,Rent,10,10,4
1966,Gen X,France,High,IT,Inactive,1807.0,24,12,Rent,3,9,4
1957,Baby Boomer,Italy,High,Education,Employed,358.0,22,22,Rent,8,6,5
1969,Gen X,Sweden,High,Retail,Employed,1911.0,19,3,Own,5,6,5
1992,Millennial,Sweden,Medium,Education,Employed,2535.0,16,8,Own,10,4,6
1962,Baby Boomer,Czechia,Low,Finance,Employed,1801.0,22,5,Rent,10,1,3
1995,Millennial,Sweden,Medium,Education,Unemployed,2293.0,24,17,With parents,10,2,4
1956,Baby Boomer,France,High,Retail,Employed,1935.0,27,34,With parents,4,2,5
1984,Millennial,Italy,Medium,Unemployed,Inactive,426.0,21,22,With parents,8,10,2
1961,Baby Boomer,Spain,Low,Finance,Employed,2273.0,27,30,With parents,10,1,10
1959,Baby Boomer,Germany,High,Education,Inactive,1494.0,16,19,Rent,1,2,4
1986,Millennial,Spain,High,Unemployed,Employed,1008.0,24,6,With parents,7,5,7
1959,Baby Boomer,Italy,Medium,Education,Employed,2810.0,22,11,Own,9,4,4
1959,Baby Boomer,Poland,Medium,Construction,Employed,2442.0,16,3,With parents,7,8,8
1999,Gen Z,Sweden,Medium,Finance,Employed,1649.0,29,11,With parents,9,3,1
1983,Millennial,Spain,Low,Education,Unemployed,2060.0,19,14,Rent,7,4,9
1957,Baby Boomer,Poland,High,IT,Employed,2344.0,20,1,With parents,2,8,5
1961,Baby Boomer,Poland,Medium,Unemployed,Unemployed,671.0,17,10,Rent,5,1,2
1976,Gen X,Italy,High,Retail,Employed,1174.0,18,32,Rent,4,7,6
1953,Baby Boomer,Italy,High,Retail,Employed,1217.0,17,13,With parents,10,6,4
1984,Millennial,Czechia,Medium,Retail,Unemployed,2648.0,29,26,Rent,8,5,8
1964,Baby Boomer,Sweden,Medium,Education,Inactive,3609.0,19,3,Own,10,1,8
1970,Gen X,Germany,Medium,IT,Employed,2732.0,22,19,Rent,9,2,10
1971,Gen X,Netherlands,Medium,Retail,Inactive,2306.0,20,1,Rent,9,5,7
1965,Gen X,France,Medium,Healthcare,Employed,1275.0,29,3,With parents,3,9,3
1962,Baby Boomer,Spain,High,Retail,Employed,2867.0,22,23,With parents,3,7,10
1957,Baby Boomer,Italy,Medium,Manufacturing,Unemployed,1874.0,27,8,Rent,5,7,4
1960,Baby Boomer,Spain,High,Healthcare,Employed,1290.0,16,18,Own,2,1,3
1953,Baby Boomer,Netherlands,Low,Retail,Employed,2850.0,29,7,Own,4,8,1
1956,Baby Boomer,Netherlands,Low,Education,Employed,3397.0,18,27,Rent,3,4,7
1988,Millennial,Sweden,High,Unemployed,Employed,2865.0,17,12,Rent,6,2,10
1982,Millennial,Poland,Medium,Retail,Employed,4341.0,27,7,Rent,1,7,8
1963,Baby Boomer,Sweden,Medium,IT,Employed,1517.0,28,13,Rent,5,6,8
2004,Gen Z,France,Medium,IT,Unemployed,1778.0,16,9,With parents,4,9,8
1951,Baby Boomer,Germany,Low,Retail,Employed,1407.0,20,19,Rent,1,9,1
2001,Gen Z,Spain,High,Construction,Employed,1402.0,18,0,Rent,4,4,1
1979,Gen X,France,Low,Education,Inactive,3457.0,23,11,Own,7,5,10
1992,Millennial,Czechia,Medium,Education,Employed,1203.0,20,34,Rent,3,5,5
1962,Baby Boomer,Germany,Medium,Education,Unemployed,1707.0,20,19,Rent,5,8,10
1960,Baby Boomer,Spain,High,Retail,Inactive,3335.0,22,11,Rent,8,1,3
1999,Gen Z,France,Medium,Unemployed,Unemployed,2548.0,23,11,Rent,3,6,1
1983,Millennial,Italy,Low,Retail,Employed,1286.0,16,28,Rent,3,5,2
1948,Baby Boomer,Spain,Medium,Manufacturing,Employed,2127.0,20,2,Own,8,2,8
2003,Gen Z,France,Low,IT,Employed,671.0,24,6,With parents,3,4,5
1969,Gen X,Netherlands,Low,Construction,Employed,2019.0,26,22,With parents,2,7,4
1976,Gen X,Germany,Low,Healthcare,Employed,2269.0,27,12,Own,2,2,2
1984,Millennial,France,Medium,Healthcare,Employed,2327.0,24,10,Rent,8,6,8
1957,Baby Boomer,Italy,Low,Unemployed,Employed,3890.0,29,24,Own,6,5,6
1989,Millennial,Sweden,Medium,IT,Employed,2869.0,22,19,Rent,10,1,8
1961,Baby Boomer,Spain,High,Finance,Employed,1146.0,29,26,With parents,3,1,1
1993,Millennial,Czechia,High,Manufacturing,Inactive,2298.0,19,5,With parents,10,8,3
1981,Millennial,Spain,Low,IT,Employed,2141.0,17,5,With parents,10,9,1
1950,Baby Boomer,Spain,Low,Manufacturing,Employed,3879.0,20,8,Rent,1,7,4
1963,Baby Boomer,Italy,Medium,Finance,Employed,1803.0,19,20,Rent,6,9,5
1957,Baby Boomer,Germany,High,Manufacturing,Employed,2317.0,28,17,Own,9,2,6
2001,Gen Z,Spain,Low,Education,Employed,2440.0,16,0,Rent,6,10,6
2004,Gen Z,Germany,High,IT,Employed,1237.0,28,11,Rent,1,10,7
1970,Gen X,France,Medium,Healthcare,Employed,828.0,22,0,With parents,6,8,6
1958,Baby Boomer,Netherlands,Medium,Retail,Unemployed,1996.0,18,27,Rent,9,6,3
1975,Gen X,Czechia,High,Finance,Employed,2800.0,21,23,Own,6,7,2
1998,Gen Z,Netherlands,High,Finance,Employed,1018.0,27,18,Own,3,7,8
1948,Baby Boomer,Germany,High,Retail,Employed,2110.0,20,13,With parents,2,6,6
2004,Gen Z,Germany,Medium,IT,Employed,1598.0,27,13,Rent,8,4,1
1983,Millennial,Netherlands,Medium,Construction,Employed,458.0,19,25,With parents,2,3,10
1952,Baby Boomer,Spain,Medium,Retail,Employed,2410.0,18,15,With parents,7,9,10
1969,Gen X,Poland,Medium,Manufacturing,Inactive,2568.0,24,23,Own,3,5,9
1957,Baby Boomer,Poland,Medium,Retail,Employed,2803.0,20,31,With parents,5,1,2
1976,Gen X,Italy,Low,Manufacturing,Employed,2905.0,25,5,With parents,3,1,10
2003,Gen Z,Czechia,Low,Manufacturing,Employed,2111.0,22,29,Own,3,8,5
1982,Millennial,Sweden,Medium,Healthcare,Inactive,2560.0,19,22,With parents,7,5,2
1982,Millennial,Netherlands,High,Retail,Employed,2369.0,16,18,With parents,7,5,9
2000,Gen Z,Netherlands,High,Construction,Employed,0.0,17,24,Rent,7,2,9
1972,Gen X,Italy,Medium,Healthcare,Unemployed,850.0,27,24,Rent,4,8,3
1997,Gen Z,Czechia,Medium,Construction,Inactive,1534.0,25,1,Rent,8,6,2
1974,Gen X,Poland,Low,Retail,Employed,2247.0,28,9,Rent,9,1,8
1947,Baby Boomer,France,High,Construction,Employed,2441.0,20,26,Own,1,9,9
1972,Gen X,Spain,Medium,Manufacturing,Employed,2787.0,29,7,Own,7,6,2
1947,Baby Boomer,Spain,High,Construction,Employed,2807.0,27,32,Rent,8,3,9
1989,Millennial,France,High,Retail,Employed,2367.0,23,18,With parents,2,6,3
1998,Gen Z,France,Medium,Finance,Unemployed,2643.0,23,29,With parents,6,4,1
1978,Gen X,Czechia,Medium,Finance,Unemployed,3580.0,27,33,With parents,5,9,6
1960,Baby Boomer,Poland,High,Healthcare,Employed,2570.0,29,13,Rent,4,8,2
1966,Gen X,Italy,Low,Unemployed,Unemployed,2170.0,23,35,With parents,4,2,1
1976,Gen X,France,Medium,Education,Inactive,2612.0,28,19,Own,10,3,4
1982,Millennial,Italy,High,Finance,Inactive,2934.0,24,22,Rent,6,8,9
1952,Baby Boomer,Czechia,Medium,Construction,Unemployed,3595.0,17,14,Rent,1,2,8
1999,Gen Z,Sweden,High,Healthcare,Employed,1215.0,19,1,With parents,1,10,3
1952,Baby Boomer,Germany,High,Construction,Employed,724.0,27,23,Rent,4,8,8
2001,Gen Z,Spain,High,Education,Employed,2387.0,26,23,With parents,3,8,6
1950,Baby Boomer,Poland,Low,IT,Employed,899.0,25,30,Rent,5,5,5
1958,Baby Boomer,Spain,Medium,Healthcare,Employed,1976.0,21,15,With parents,10,5,1
1976,Gen X,Poland,Low,Finance,Employed,3830.0,28,3,With parents,10,8,9
1979,Gen X,Czechia,High,Finance,Employed,2203.0,21,33,With parents,5,7,2
1954,Baby Boomer,Germany,High,Retail,Employed,2213.0,27,14,With parents,1,8,9
1947,Baby Boomer,Spain,Medium,Education,Employed,1840.0,27,18,With parents,5,1,5
2003,Gen Z,Germany,Medium,Finance,Employed,3555.0,20,18,Own,6,7,3
1956,Baby Boomer,Czechia,Low,Retail,Employed,2581.0,17,34,Own,4,7,10
1993,Millennial,Poland,High,Education,Employed,1779.0,23,19,With parents,10,2,7
2003,Gen Z,France,High,Healthcare,Employed,3532.0,16,28,Own,2,9,1
1975,Gen X,Sweden,High,Healthcare,Inactive,2367.0,28,14,With parents,10,6,5
1973,Gen X,Spain,High,Retail,Employed,1827.0,16,19,With parents,9,8,5
1949,Baby Boomer,Germany,High,Healthcare,Employed,321.0,27,31,Own,9,6,7
1996,Millennial,Netherlands,High,Retail,Employed,2324.0,16,12,Own,9,7,8
1969,Gen X,Spain,Medium,Manufacturing,Employed,1794.0,24,6,With parents,9,3,8
1985,Millennial,Spain,Medium,Construction,Employed,1917.0,20,15,Own,10,2,1
1975,Gen X,Spain,High,Education,Employed,1866.0,29,9,Rent,7,4,4
1965,Gen X,Italy,Medium,Retail,Inactive,552.0,27,1,Own,2,4,6
2002,Gen Z,Germany,Medium,Education,Unemployed,4507.0,17,17,With parents,7,5,10
1964,Baby Boomer,Germany,Low,Unemployed,Employed,1576.0,26,33,Rent,1,7,2
1983,Millennial,Spain,Medium,Manufacturing,Employed,2801.0,16,20,Own,6,3,7
1966,Gen X,Czechia,Medium,Education,Employed,2003.0,19,20,Own,6,6,9
1948,Baby Boomer,Czechia,Medium,Retail,Employed,0.0,26,0,Own,5,8,10
1957,Baby Boomer,France,Low,Construction,Unemployed,2067.0,17,14,Own,7,8,5
1989,Millennial,Spain,Medium,Construction,Employed,2308.0,18,9,Own,3,9,5
1986,Millennial,Italy,Low,Healthcare,Employed,1709.0,17,34,With parents,7,2,5
1994,Millennial,Poland,High,Construction,Employed,3506.0,23,24,Own,6,4,9
1993,Millennial,Italy,Medium,Construction,Employed,3813.0,29,31,Rent,3,1,5
1964,Baby Boomer,Czechia,Medium,Unemployed,Inactive,2458.0,18,30,Own,6,7,4
1996,Millennial,France,Low,Education,Employed,2581.0,17,9,Own,1,6,8
1957,Baby Boomer,Czechia,Medium,Education,Employed,1163.0,21,2,With parents,2,3,4
1961,Baby Boomer,Czechia,Medium,Finance,Employed,1159.0,22,21,With parents,10,5,8
1998,Gen Z,Czechia,High,Finance,Employed,1611.0,24,1,Rent,4,3,7
1980,Gen X,Spain,High,Manufacturing,Employed,4000.0,26,22,With parents,5,10,8
1977,Gen X,Czechia,Low,IT,Employed,1706.0,25,23,Rent,3,7,2
1945,Baby Boomer,Germany,Medium,Construction,Employed,3385.0,19,31,Own,4,8,4
1959,Baby Boomer,Sweden,Low,Healthcare,Employed,1550.0,20,32,With parents,2,8,3
1957,Baby Boomer,Netherlands,High,Construction,Employed,1334.0,29,26,Own,8,9,7
1961,Baby Boomer,Spain,High,Retail,Employed,1750.0,26,12,Own,5,9,9
1968,Gen X,France,Medium,Manufacturing,Employed,1727.0,21,28,With parents,1,4,6
2002,Gen Z,Germany,Medium,Retail,Employed,1547.0,18,24,With parents,4,10,4
1952,Baby Boomer,Italy,High,Retail,Inactive,3605.0,18,18,With parents,10,5,10
1994,Millennial,Czechia,High,Education,Employed,2151.0,18,0,Own,2,9,4
1971,Gen X,Poland,Medium,Manufacturing,Employed,2021.0,20,34,With parents,9,5,3
1989,Millennial,Poland,High,Manufacturing,Unemployed,2223.0,26,15,Rent,5,3,6
1967,Gen X,Sweden,Medium,Finance,Employed,3023.0,21,7,Rent,6,9,3
1990,Millennial,Spain,Medium,Unemployed,Unemployed,2223.0,24,6,With parents,9,8,5
1952,Baby Boomer,Italy,High,Healthcare,Unemployed,2475.0,24,20,Rent,9,8,5
1952,Baby Boomer,Sweden,Medium,IT,Employed,3116.0,27,10,With parents,3,6,5
2003,Gen Z,Netherlands,High,Retail,Inactive,1238.0,20,25,Own,9,2,7
1970,Gen X,Netherlands,Low,Construction,Employed,1446.0,29,14,Rent,4,6,5
1991,Millennial,Sweden,Medium,Healthcare,Employed,2298.0,23,5,Rent,1,3,1
2003,Gen Z,France,Low,Construction,Unemployed,1563.0,22,3,Rent,8,2,7
1957,Baby Boomer,Poland,Medium,Finance,Employed,1991.0,19,18,Rent,2,6,7
1983,Millennial,Italy,Medium,Unemployed,Employed,1207.0,16,20,Rent,10,8,10
1981,Millennial,Spain,High,Unemployed,Inactive,1423.0,18,17,Own,4,7,3
1993,Millennial,Czechia,Medium,Healthcare,Inactive,3199.0,26,35,Rent,3,4,6
1972,Gen X,Germany,High,Retail,Employed,1870.0,25,14,With parents,9,8,5
1969,Gen X,Spain,Medium,Education,Inactive,1787.0,20,1,Rent,5,8,1
1960,Baby Boomer,Spain,High,Education,Employed,1456.0,25,30,With parents,2,7,7
1999,Gen Z,Italy,Medium,Retail,Employed,1403.0,28,5,With parents,4,2,4
1946,Baby Boomer,Poland,Medium,Finance,Employed,1266.0,28,18,Own,5,4,2
1998,Gen Z,Italy,Medium,Finance,Employed,1038.0,18,14,Rent,6,3,2
1962,Baby Boomer,Germany,Medium,Manufacturing,Employed,1567.0,26,32,Own,8,7,8
1961,Baby Boomer,Sweden,Medium,IT,Employed,2096.0,19,25,Rent,9,3,3
1974,Gen X,Italy,Medium,Construction,Employed,2777.0,24,29,Rent,9,7,6
1983,Millennial,France,High,Education,Employed,2124.0,24,10,Own,1,8,8
1957,Baby Boomer,Spain,High,IT,Inactive,1293.0,26,0,Own,1,4,7
1976,Gen X,Poland,High,Healthcare,Employed,1713.0,24,13,With parents,3,7,3
1994,Millennial,Czechia,Medium,Construction,Employed,1658.0,28,9,With parents,8,9,9
1973,Gen X,Netherlands,High,Construction,Unemployed,1605.0,24,16,With parents,5,7,2
1990,Millennial,Germany,High,Construction,Employed,1859.0,29,10,Own,10,2,8
1974,Gen X,Netherlands,Medium,Healthcare,Unemployed,3001.0,27,14,Rent,6,9,7
1962,Baby Boomer,Spain,Medium,Retail,Employed,2806.0,16,11,With parents,8,5,10
1957,Baby Boomer,Italy,Low,Unemployed,Employed,3637.0,24,2,Own,4,10,2
1987,Millennial,Netherlands,Low,Unemployed,Employed,1396.0,27,21,With parents,9,6,5
1965,Gen X,France,Low,Retail,Employed,1195.0,27,25,Rent,10,2,5
1974,Gen X,Italy,Low,Retail,Employed,1868.0,26,22,Own,4,10,10
1965,Gen X,Spain,High,Construction,Employed,3250.0,27,15,Own,10,7,2
1992,Millennial,Netherlands,Medium,Finance,Inactive,306.0,29,2,Rent,10,9,8
1999,Gen Z,Czechia,Medium,Education,Employed,2303.0,26,29,Own,5,2,2
1961,Baby Boomer,Sweden,High,IT,Employed,1895.0,28,12,Own,6,9,7
1984,Millennial,Germany,High,Unemployed,Unemployed,2761.0,17,7,Own,6,5,6
1963,Baby Boomer,Netherlands,High,Healthcare,Employed,2578.0,23,23,With parents,8,1,7
1996,Millennial,Czechia,Medium,IT,Unemployed,2757.0,24,4,Rent,9,5,9
1959,Baby Boomer,Sweden,Medium,Unemployed,Employed,2641.0,27,6,With parents,1,2,5
1953,Baby Boomer,Sweden,Medium,Education,Employed,4722.0,23,26,Rent,3,8,7
1996,Millennial,Netherlands,Low,Construction,Employed,3806.0,24,11,Own,7,3,4
1954,Baby Boomer,Poland,Low,IT,Employed,2943.0,20,24,Rent,3,9,4
1988,Millennial,Netherlands,Medium,Construction,Employed,1763.0,25,32,Own,5,5,10
1975,Gen X,Spain,High,IT,Inactive,1862.0,27,14,Own,4,3,9
1997,Gen Z,Sweden,Low,Finance,Employed,3234.0,22,30,Rent,5,10,7
1967,Gen X,Germany,Low,Unemployed,Employed,3269.0,26,10,Own,3,1,8
1996,Millennial,Spain,Low,Retail,Employed,1434.0,18,35,With parents,3,4,9
1974,Gen X,France,High,Finance,Employed,401.0,19,5,Rent,10,7,7
1977,Gen X,Italy,Medium,Finance,Employed,551.0,19,25,Rent,8,3,5
2001,Gen Z,Netherlands,Medium,Construction,Employed,3255.0,28,7,Rent,3,9,4
1996,Millennial,Poland,Low,IT,Employed,3424.0,25,29,Own,8,5,4
1953,Baby Boomer,Germany,Medium,IT,Employed,2216.0,19,15,With parents,5,6,7
1998,Gen Z,Poland,Low,Finance,Unemployed,2491.0,26,14,Rent,1,7,1
1991,Millennial,Poland,Medium,IT,Employed,3804.0,23,7,Own,2,10,1
1945,Baby Boomer,Poland,Low,Finance,Employed,4013.0,17,34,With parents,7,5,8
1988,Millennial,Netherlands,High,Manufacturing,Unemployed,2812.0,27,8,Own,1,2,6
1979,Gen X,Germany,Medium,Unemployed,Inactive,2180.0,17,20,Own,2,3,1
1955,Baby Boomer,Germany,High,Finance,Employed,1811.0,20,4,With parents,1,9,5
1978,Gen X,Sweden,Medium,Healthcare,Inactive,1947.0,21,18,Own,10,3,8
1960,Baby Boomer,Poland,Medium,Healthcare,Employed,1503.0,19,15,With parents,7,2,1
1953,Baby Boomer,Sweden,Low,IT,Employed,2787.0,27,17,Rent,2,8,10
1976,Gen X,Sweden,Medium,Finance,Unemployed,2082.0,22,11,Rent,10,8,8
1959,Baby Boomer,Italy,Medium,Finance,Inactive,1462.0,25,15,With parents,3,7,3
1956,Baby Boomer,Netherlands,Medium,Retail,Employed,3216.0,19,4,Own,7,2,10
1977,Gen X,Netherlands,High,Unemployed,Employed,2698.0,23,2,Rent,1,2,10
1989,Millennial,Spain,High,Construction,Employed,2432.0,17,6,With parents,4,3,3
1958,Baby Boomer,Czechia,High,Retail,Employed,2055.0,29,31,With parents,7,10,4
2001,Gen Z,Sweden,Low,Retail,Unemployed,2611.0,25,30,Own,2,1,8
2001,Gen Z,Netherlands,Medium,Finance,Employed,1886.0,19,13,Own,4,5,10
1952,Baby Boomer,Poland,Low,Unemployed,Employed,4692.0,26,23,Rent,9,3,8
1952,Baby Boomer,Czechia,Medium,Finance,Employed,4254.0,22,32,Rent,7,4,2
1971,Gen X,France,Medium,Healthcare,Inactive,1464.0,20,4,Rent,3,9,2
1956,Baby Boomer,Poland,Low,Education,Employed,1966.0,25,7,Own,3,7,5
1945,Baby Boomer,Germany,High,IT,Employed,1391.0,26,1,Rent,4,7,1
1987,Millennial,Netherlands,Medium,Healthcare,Inactive,512.0,17,34,With parents,4,3,8
1984,Millennial,Czechia,Medium,Retail,Employed,3736.0,18,33,With parents,8,7,9
1986,Millennial,Netherlands,Low,Healthcare,Unemployed,2065.0,19,29,Rent,6,9,4
1995,Millennial,Spain,Medium,Healthcare,Employed,1215.0,20,22,Own,6,10,8
1955,Baby Boomer,Sweden,High,Healthcare,Employed,640.0,22,3,Rent,8,9,2
1983,Millennial,France,Medium,Unemployed,Employed,2401.0,18,34,With parents,8,10,7
1987,Millennial,Netherlands,High,Retail,Employed,2522.0,24,13,Rent,8,1,5
1975,Gen X,Spain,Low,Education,Employed,2570.0,25,21,With parents,1,9,10
1961,Baby Boomer,Spain,Medium,Manufacturing,Employed,3163.0,18,29,Own,8,3,3
1977,Gen X,France,High,IT,Employed,3007.0,20,2,With parents,5,6,3
1976,Gen X,Poland,Medium,IT,Employed,1041.0,28,10,Rent,3,2,1
2002,Gen Z,Poland,Low,Construction,Employed,1220.0,20,9,Own,7,4,1
1973,Gen X,Poland,Medium,Healthcare,Employed,3077.0,22,2,Own,2,3,8
1965,Gen X,Italy,Medium,Education,Employed,1644.0,21,4,Own,10,6,10
1965,Gen X,Sweden,High,Retail,Employed,880.0,26,14,Rent,10,1,5
1984,Millennial,Czechia,High,Manufacturing,Employed,964.0,18,5,With parents,6,4,8
1967,Gen X,Sweden,High,Manufacturing,Employed,3043.0,27,3,Rent,4,1,4
2000,Gen Z,Poland,Medium,Healthcare,Employed,3027.0,16,22,With parents,1,1,7
1950,Baby Boomer,France,Low,Healthcare,Employed,2315.0,21,0,Own,6,4,10
1966,Gen X,Italy,Medium,Retail,Employed,1352.0,26,33,With parents,3,5,5
1994,Millennial,Sweden,High,Construction,Employed,2143.0,21,14,Own,4,7,4
1982,Millennial,Poland,High,Retail,Unemployed,2056.0,19,3,Own,4,8,5
1981,Millennial,Italy,Low,Unemployed,Employed,1804.0,17,26,Own,8,3,4
1989,Millennial,Czechia,Medium,Finance,Employed,2816.0,24,12,Own,7,3,3
1995,Millennial,France,Medium,Retail,Employed,1768.0,21,31,Rent,9,10,8
1998,Gen Z,Poland,Low,Healthcare,Inactive,2686.0,28,8,With parents,7,4,6
1952,Baby Boomer,Czechia,Medium,Education,Employed,2500.0,16,24,Rent,9,6,1
1985,Millennial,Germany,Medium,Healthcare,Employed,903.0,23,2,Own,1,2,10
1993,Millennial,Czechia,Low,Construction,Inactive,3994.0,25,15,With parents,4,6,6
1979,Gen X,Netherlands,High,Healthcare,Employed,2719.0,22,16,With parents,1,6,8
1995,Millennial,France,High,Manufacturing,Employed,767.0,26,26,With parents,6,2,4
1955,Baby Boomer,Czechia,High,Unemployed,Employed,907.0,26,9,Rent,2,5,2
1968,Gen X,Czechia,Low,Retail,Employed,3626.0,21,0,With parents,10,7,4
1993,Millennial,Spain,Medium,IT,Employed,2362.0,27,28,With parents,9,9,9
1965,Gen X,Spain,Medium,Retail,Employed,2705.0,26,17,With parents,4,3,7
1995,Millennial,Czechia,Medium,Finance,Unemployed,2549.0,26,31,With parents,4,7,10
1946,Baby Boomer,Czechia,Medium,Education,Employed,3179.0,16,32,Own,6,3,7
1984,Millennial,France,High,Education,Unemployed,3219.0,25,21,With parents,5,2,2
1963,Baby Boomer,Spain,Low,Retail,Unemployed,1410.0,28,10,Own,6,4,3
1983,Millennial,Sweden,High,Retail,Employed,2653.0,20,28,With parents,9,8,7
1972,Gen X,France,High,Healthcare,Employed,936.0,19,19,With parents,6,5,5
2003,Gen Z,Germany,High,IT,Employed,1221.0,22,21,Rent,6,8,8
1961,Baby Boomer,France,High,Construction,Employed,1927.0,17,31,Rent,4,6,7
1950,Baby Boomer,Poland,Medium,Healthcare,Employed,670.0,16,7,Rent,7,1,4
1963,Baby Boomer,Poland,High,Unemployed,Employed,1500.0,22,21,With parents,4,3,4
2000,Gen Z,Italy,Medium,Manufacturing,Unemployed,245.0,23,14,Own,5,8,8
1982,Millennial,Spain,High,Unemployed,Employed,2182.0,20,34,Rent,4,4,9
1972,Gen X,Czechia,Low,Manufacturing,Employed,3678.0,23,15,Rent,9,2,8
1946,Baby Boomer,Netherlands,Medium,Unemployed,Unemployed,2229.0,19,28,With parents,6,8,5
1982,Millennial,Spain,Medium,Education,Employed,2231.0,23,33,Rent,10,5,1
1999,Gen Z,Sweden,Medium,Education,Employed,1877.0,26,19,With parents,6,1,6
1981,Millennial,France,Medium,IT,Employed,3079.0,18,12,Own,5,8,3
1995,Millennial,Netherlands,Medium,Education,Employed,2153.0,22,12,With parents,9,9,4
1996,Millennial,Netherlands,High,Finance,Employed,1211.0,21,30,Own,5,8,10
1948,Baby Boomer,Czechia,Medium,Unemployed,Inactive,2353.0,16,20,Own,8,1,1
1966,Gen X,Czechia,Medium,Manufacturing,Employed,3597.0,20,29,With parents,6,6,5
1970,Gen X,Spain,Low,IT,Employed,915.0,29,24,With parents,6,6,8
1993,Millennial,Netherlands,Medium,Manufacturing,Employed,1353.0,29,29,Own,3,7,2
1987,Millennial,Netherlands,Medium,Retail,Employed,2106.0,29,9,Rent,9,1,6
1980,Gen X,Poland,High,Retail,Employed,1885.0,26,6,With parents,10,8,10
2002,Gen Z,Germany,Low,IT,Employed,2578.0,27,33,With parents,3,4,8
1957,Baby Boomer,Czechia,Low,Healthcare,Employed,1315.0,19,3,With parents,9,4,8
1996,Millennial,France,Medium,Finance,Employed,1723.0,28,21,Own,2,10,7
2002,Gen Z,Spain,Medium,Construction,Employed,2247.0,21,28,Rent,8,4,9
1976,Gen X,Czechia,Medium,Finance,Inactive,2278.0,24,3,With parents,7,6,7
1961,Baby Boomer,Poland,High,Unemployed,Employed,4543.0,19,0,With parents,3,6,10
1985,Millennial,Sweden,Medium,Construction,Employed,2905.0,17,22,Rent,7,6,6
1980,Gen X,Czechia,Medium,Education,Employed,813.0,27,22,Own,8,2,6
1999,Gen Z,Sweden,Medium,Construction,Employed,1286.0,23,5,With parents,4,5,4
2004,Gen Z,Italy,Low,IT,Unemployed,975.0,16,4,With parents,9,2,8
1990,Millennial,Netherlands,High,Finance,Employed,3653.0,21,22,Own,8,6,2
1963,Baby Boomer,Netherlands,Medium,Construction,Inactive,1238.0,19,6,With parents,10,7,10
2002,Gen Z,Spain,Medium,Education,Unemployed,2729.0,21,4,Own,2,6,2
2004,Gen Z,Germany,High,Manufacturing,Employed,2638.0,18,32,Rent,6,3,9
1979,Gen X,Germany,Low,Construction,Unemployed,881.0,24,25,Rent,1,10,8
1990,Millennial,Spain,High,Healthcare,Unemployed,1823.0,18,20,Own,1,10,5
1984,Millennial,Spain,Medium,Education,Employed,1962.0,18,33,Own,10,5,3
2000,Gen Z,Poland,Medium,Retail,Employed,777.0,20,25,Own,1,9,4
2003,Gen Z,Sweden,High,Construction,Employed,3806.0,22,9,Rent,7,6,3
1972,Gen X,Spain,High,Retail,Employed,2353.0,29,1,Rent,7,3,5
1945,Baby Boomer,Sweden,Medium,Manufacturing,Employed,3634.0,29,19,With parents,1,9,8
1986,Millennial,Czechia,High,IT,Employed,4187.0,21,13,Own,5,5,3
1962,Baby Boomer,Czechia,Medium,Education,Employed,2344.0,29,6,Own,5,1,4
1992,Millennial,Italy,Medium,Construction,Employed,2536.0,22,9,With parents,6,10,9
1984,Millennial,Sweden,Low,Construction,Inactive,1491.0,24,30,With parents,4,3,4
1977,Gen X,Poland,Low,Manufacturing,Employed,3400.0,18,7,Rent,2,3,5
1956,Baby Boomer,Czechia,High,Construction,Employed,2157.0,20,0,With parents,4,2,4
1952,Baby Boomer,Netherlands,Low,Retail,Employed,1819.0,20,28,With parents,5,2,6
1968,Gen X,Netherlands,Low,Construction,Employed,1509.0,18,30,Own,3,9,6
1960,Baby Boomer,Czechia,High,Unemployed,Inactive,2266.0,26,7,With parents,2,3,6
1994,Millennial,Czechia,Low,Construction,Employed,2759.0,25,15,Own,6,10,5
1948,Baby Boomer,Czechia,Medium,Retail,Unemployed,2383.0,24,18,Own,10,4,7
1982,Millennial,Sweden,Medium,Retail,Employed,2616.0,28,25,Own,4,6,3
1988,Millennial,Netherlands,Medium,Healthcare,Inactive,2006.0,24,9,With parents,7,10,8
1971,Gen X,Netherlands,High,Healthcare,Inactive,2654.0,21,17,With parents,6,9,3
1953,Baby Boomer,France,Medium,Retail,Inactive,2627.0,20,1,Own,8,1,3
1991,Millennial,Czechia,Medium,Finance,Employed,3293.0,19,28,Rent,5,3,4
1960,Baby Boomer,Italy,High,IT,Employed,2926.0,19,1,Rent,6,3,2
2000,Gen Z,Czechia,Medium,Healthcare,Employed,2339.0,20,2,Own,9,6,6
1956,Baby Boomer,Poland,Medium,Education,Employed,2573.0,17,23,Rent,5,9,8
1975,Gen X,Poland,High,Healthcare,Employed,1164.0,23,8,With parents,9,9,10
1968,Gen X,Netherlands,Medium,Education,Employed,3350.0,27,13,Own,3,5,9
1999,Gen Z,Czechia,Medium,Healthcare,Unemployed,1975.0,22,10,With parents,9,9,4
1958,Baby Boomer,Germany,Low,Retail,Employed,2088.0,29,23,Rent,2,6,4
1989,Millennial,Poland,Medium,Construction,Inactive,1769.0,29,13,Rent,8,5,1
1969,Gen X,Czechia,Low,Education,Employed,1402.0,22,17,With parents,1,8,9
1978,Gen X,Italy,Medium,Unemployed,Employed,1464.0,16,35,Rent,9,7,2
1947,Baby Boomer,Spain,High,Construction,Employed,1230.0,23,12,Rent,7,7,4
2002,Gen Z,Czechia,Medium,Construction,Employed,1985.0,26,33,With parents,10,4,7
1968,Gen X,Italy,Medium,IT,Employed,2950.0,16,18,With parents,1,10,8
1998,Gen Z,Netherlands,High,Healthcare,Unemployed,2180.0,29,10,With parents,1,1,10
1986,Millennial,Netherlands,Medium,Healthcare,Employed,2797.0,24,25,With parents,8,5,2
1953,Baby Boomer,France,High,Retail,Inactive,2633.0,21,4,Rent,9,9,6
1970,Gen X,Sweden,Medium,Education,Inactive,1796.0,23,20,With parents,2,8,1
1964,Baby Boomer,Poland,Low,Finance,Employed,3314.0,16,8,Own,3,4,10
1984,Millennial,Sweden,High,Retail,Inactive,3099.0,21,11,Rent,2,10,7
1954,Baby Boomer,Czechia,Low,Construction,Unemployed,2939.0,28,0,Rent,1,9,2
1963,Baby Boomer,Sweden,High,Education,Inactive,2574.0,28,13,With parents,2,6,6
1947,Baby Boomer,Poland,Low,Healthcare,Inactive,1894.0,16,25,Rent,8,7,10
1968,Gen X,Poland,Medium,Healthcare,Unemployed,1892.0,18,6,With parents,2,10,3
1949,Baby Boomer,Czechia,Low,Healthcare,Employed,2173.0,17,15,Rent,9,10,9
1947,Baby Boomer,Netherlands,Low,Healthcare,Employed,3440.0,29,14,With parents,1,10,4
2002,Gen Z,Poland,High,Unemployed,Inactive,3206.0,17,3,Rent,6,8,2
1971,Gen X,Germany,Medium,Manufacturing,Unemployed,902.0,19,29,Own,6,1,2
1960,Baby Boomer,Germany,High,Healthcare,Employed,2434.0,22,22,With parents,6,4,8
1993,Millennial,Spain,Medium,Healthcare,Employed,0.0,27,21,With parents,7,6,2
1959,Baby Boomer,Poland,Medium,Finance,Employed,1803.0,18,14,Own,1,4,10
1979,Gen X,France,Medium,Finance,Employed,1591.0,22,16,With parents,9,3,2
1956,Baby Boomer,Spain,Medium,Education,Employed,2700.0,24,1,Rent,5,5,7
1985,Millennial,Netherlands,Medium,Construction,Employed,1221.0,29,7,Rent,8,4,1
1997,Gen Z,Poland,Medium,Healthcare,Unemployed,824.0,28,5,Rent,2,5,1
1988,Millennial,Germany,Low,Healthcare,Employed,1751.0,19,27,Own,5,2,6
1970,Gen X,France,High,Unemployed,Employed,2193.0,22,4,Own,7,3,10
1991,Millennial,Czechia,High,Education,Unemployed,635.0,16,20,Rent,3,8,8
1978,Gen X,Spain,Medium,Construction,Unemployed,3224.0,17,19,Own,7,8,10
1967,Gen X,France,Low,Healthcare,Employed,2019.0,23,33,With parents,7,10,8
1975,Gen X,Poland,Medium,Unemployed,Employed,2223.0,18,6,Own,10,8,7
1994,Millennial,Italy,Medium,Healthcare,Employed,3192.0,20,29,With parents,2,3,4
1964,Baby Boomer,France,Medium,Retail,Unemployed,1540.0,23,29,Rent,8,1,6
1956,Baby Boomer,France,Low,Manufacturing,Employed,3533.0,20,14,Rent,9,2,9
1967,Gen X,Netherlands,High,Education,Employed,2205.0,27,26,Rent,6,3,4
1948,Baby Boomer,Germany,Medium,Retail,Inactive,2913.0,16,8,Own,6,2,8
1967,Gen X,Czechia,Medium,Finance,Inactive,2600.0,28,26,Rent,8,3,8
1992,Millennial,Poland,Low,Construction,Employed,2818.0,17,1,Own,5,7,6
1999,Gen Z,France,High,IT,Employed,2268.0,25,35,Rent,1,5,7
1992,Millennial,Poland,Low,IT,Employed,1779.0,26,26,With parents,10,5,1
1945,Baby Boomer,Germany,High,Finance,Employed,3945.0,18,24,Own,9,2,2
1998,Gen Z,Netherlands,High,Manufacturing,Employed,2182.0,25,35,With parents,3,9,10
1969,Gen X,Poland,High,Construction,Employed,1212.0,17,6,With parents,7,9,10
1946,Baby Boomer,Sweden,High,Construction,Employed,3522.0,24,12,With parents,6,1,5
1974,Gen X,Germany,Medium,Unemployed,Employed,1920.0,20,19,Rent,4,8,4
1947,Baby Boomer,Germany,Low,IT,Inactive,649.0,16,21,With parents,7,8,5
2002,Gen Z,Czechia,Low,Manufacturing,Employed,1458.0,26,17,With parents,9,9,5
1965,Gen X,Spain,Medium,IT,Employed,438.0,26,10,With parents,4,2,10
1969,Gen X,Netherlands,Low,IT,Inactive,1500.0,26,5,Own,6,6,3
1964,Baby Boomer,Netherlands,Medium,Construction,Employed,3782.0,28,3,Own,3,2,6
1993,Millennial,Czechia,Medium,Unemployed,Inactive,2613.0,27,2,Own,3,1,1
1996,Millennial,Sweden,High,Retail,Employed,2196.0,23,5,Own,7,7,4
1966,Gen X,Poland,Medium,Construction,Employed,1680.0,18,14,Own,9,3,10
1965,Gen X,Italy,Medium,IT,Employed,2076.0,26,2,Own,5,8,10
1977,Gen X,Sweden,High,Construction,Employed,3203.0,24,16,Own,3,3,4
1996,Millennial,Spain,Low,Finance,Employed,555.0,24,29,Rent,6,2,9
1982,Millennial,Netherlands,High,Manufacturing,Employed,4845.0,27,21,Own,8,8,1
1959,Baby Boomer,Germany,High,Healthcare,Employed,1406.0,21,1,With parents,4,8,9
2002,Gen Z,Netherlands,Low,Construction,Employed,1975.0,19,15,Rent,7,10,8
2002,Gen Z,Sweden,Medium,Construction,Employed,2056.0,27,21,Own,7,1,10
1990,Millennial,Italy,Medium,Healthcare,Employed,2033.0,27,10,Own,5,1,2
1996,Millennial,France,High,Healthcare,Employed,1595.0,24,35,With parents,10,10,2
1959,Baby Boomer,France,Medium,Manufacturing,Inactive,2987.0,26,11,With parents,2,3,4
1990,Millennial,Czechia,Medium,Unemployed,Employed,3227.0,24,34,With parents,4,10,6
1969,Gen X,Netherlands,High,Manufacturing,Inactive,3060.0,17,14,Rent,5,4,3
1965,Gen X,Netherlands,Low,Healthcare,Employed,2280.0,25,20,Rent,3,8,9
1968,Gen X,Spain,High,Finance,Employed,1670.0,21,3,Rent,4,8,7
2001,Gen Z,Netherlands,High,IT,Employed,2033.0,26,6,Rent,5,8,1
2002,Gen Z,Italy,High,Healthcare,Unemployed,2122.0,19,28,With parents,1,7,10
1949,Baby Boomer,Netherlands,High,Education,Unemployed,1318.0,18,5,With parents,3,1,4
1950,Baby Boomer,Poland,Medium,Construction,Unemployed,2360.0,25,16,With parents,9,1,3
1993,Millennial,Sweden,High,Manufacturing,Employed,3820.0,21,35,With parents,9,5,4
1987,Millennial,Czechia,Medium,Education,Unemployed,2047.0,26,1,With parents,9,5,6
1992,Millennial,Italy,Medium,Education,Employed,2650.0,27,16,Own,9,5,3
1988,Millennial,Spain,Low,Manufacturing,Employed,1609.0,29,28,With parents,9,1,9
1991,Millennial,Poland,High,Unemployed,Employed,2997.0,29,26,With parents,4,3,10
1967,Gen X,Poland,High,Construction,Employed,1608.0,23,6,Own,7,1,9
1948,Baby Boomer,Sweden,High,Healthcare,Unemployed,1828.0,24,10,Rent,1,2,4
1971,Gen X,France,Low,Finance,Employed,2666.0,27,25,With parents,5,8,9
1962,Baby Boomer,Italy,High,Retail,Employed,1308.0,24,31,Own,2,4,2
1965,Gen X,Sweden,High,Unemployed,Employed,2589.0,17,22,Own,10,4,9
1972,Gen X,Poland,Medium,Unemployed,Inactive,3146.0,28,6,Own,4,5,4
1979,Gen X,Spain,Medium,Education,Employed,2347.0,23,0,Own,9,2,10
1966,Gen X,Sweden,Medium,Healthcare,Employed,2982.0,26,24,Rent,5,9,4
1984,Millennial,France,Low,Retail,Employed,1038.0,23,30,Rent,2,10,10
1967,Gen X,Poland,Medium,Construction,Unemployed,2603.0,20,5,Rent,1,9,3
1947,Baby Boomer,Sweden,Low,Education,Inactive,1789.0,19,27,With parents,2,3,2
1984,Millennial,Italy,Medium,Healthcare,Employed,2547.0,24,30,Own,10,1,8
1994,Millennial,France,Low,Education,Employed,3624.0,19,35,With parents,1,2,5
1954,Baby Boomer,Italy,Low,Unemployed,Inactive,0.0,27,15,Own,3,8,10
1969,Gen X,Italy,Low,Healthcare,Inactive,1641.0,25,14,Own,8,8,6
1996,Millennial,Italy,High,Unemployed,Employed,138.0,19,21,Rent,7,2,3
1993,Millennial,Sweden,Medium,Construction,Employed,1092.0,18,17,Rent,1,10,4
1952,Baby Boomer,France,Medium,Finance,Unemployed,1772.0,25,7,With parents,10,5,2
1999,Gen Z,Sweden,Medium,Construction,Employed,2974.0,28,9,Own,3,9,3
1955,Baby Boomer,Sweden,Medium,IT,Employed,2927.0,27,5,Own,7,4,10
1949,Baby Boomer,Sweden,High,IT,Employed,2901.0,28,9,With parents,5,1,5
2002,Gen Z,Poland,Low,Construction,Employed,2704.0,18,6,Rent,6,1,4
1989,Millennial,Netherlands,Medium,Manufacturing,Employed,993.0,18,34,Own,5,6,10
1997,Gen Z,Germany,High,Retail,Inactive,2922.0,26,27,Own,8,7,10
1999,Gen Z,Poland,Medium,Construction,Employed,1590.0,22,24,Own,1,9,2
1981,Millennial,France,Low,Construction,Inactive,2603.0,28,27,Rent,7,6,2
2000,Gen Z,Germany,Low,Education,Unemployed,1374.0,20,8,Rent,9,10,6
2003,Gen Z,Germany,Low,Education,Employed,2038.0,24,4,With parents,9,5,9
1989,Millennial,Germany,High,Healthcare,Unemployed,2139.0,17,15,Rent,3,5,7
1982,Millennial,Netherlands,Medium,Retail,Employed,2511.0,29,28,Rent,4,3,8
1973,Gen X,Sweden,High,Unemployed,Employed,1445.0,19,22,With parents,4,4,4
1949,Baby Boomer,Czechia,High,Education,Employed,2795.0,17,17,With parents,8,3,2
1953,Baby Boomer,Spain,Medium,Retail,Employed,1018.0,26,25,Own,7,10,7
2003,Gen Z,France,Low,Construction,Employed,3730.0,23,4,Rent,8,10,1
1992,Millennial,Czechia,Low,Retail,Employed,1524.0,19,7,With parents,5,9,1
1946,Baby Boomer,Netherlands,Medium,IT,Employed,438.0,16,18,With parents,3,7,5
1945,Baby Boomer,Netherlands,Medium,Unemployed,Employed,2135.0,25,27,Own,9,1,3
1984,Millennial,Spain,Medium,Education,Inactive,1829.0,18,3,Rent,9,5,6
2004,Gen Z,Germany,Medium,Education,Inactive,1374.0,27,19,Own,10,1,4
1995,Millennial,Sweden,High,Manufacturing,Employed,3411.0,22,21,Rent,10,4,7
1974,Gen X,Spain,Medium,Retail,Employed,2879.0,27,11,With parents,2,10,1
1955,Baby Boomer,Czechia,Medium,Healthcare,Employed,2616.0,18,0,Own,8,1,6
1972,Gen X,Czechia,High,Unemployed,Employed,1340.0,20,7,Rent,3,9,2
1988,Millennial,Spain,Low,IT,Unemployed,1723.0,17,26,With parents,9,9,3
1956,Baby Boomer,Netherlands,Low,Construction,Inactive,1650.0,23,20,Own,2,4,10
1983,Millennial,France,Low,Manufacturing,Employed,556.0,19,32,Own,9,1,5
1970,Gen X,Italy,Low,IT,Employed,2444.0,28,32,With parents,2,6,6
1957,Baby Boomer,Sweden,Medium,Healthcare,Employed,2510.0,16,4,Rent,7,5,1
2003,Gen Z,Czechia,Medium,Manufacturing,Employed,2310.0,27,14,Rent,7,4,5
1952,Baby Boomer,Czechia,Medium,IT,Unemployed,2405.0,19,29,Own,8,2,3
1998,Gen Z,Spain,High,Healthcare,Employed,1180.0,23,2,With parents,4,6,9
1972,Gen X,Sweden,Low,Finance,Unemployed,1395.0,24,27,Rent,4,7,8
2002,Gen Z,Spain,Medium,Manufacturing,Employed,1915.0,16,29,Rent,8,1,10
1974,Gen X,Germany,Low,Healthcare,Employed,3446.0,29,35,Rent,6,3,3
1953,Baby Boomer,Sweden,Medium,Manufacturing,Employed,3246.0,21,2,Own,6,7,4
1983,Millennial,Germany,Medium,Education,Employed,2665.0,19,30,Own,10,10,10
1975,Gen X,Czechia,High,Education,Unemployed,4013.0,26,13,Own,5,6,4
2002,Gen Z,Netherlands,Medium,IT,Unemployed,2659.0,23,5,Rent,10,2,9
1965,Gen X,Germany,Low,Unemployed,Unemployed,2772.0,16,18,With parents,3,8,4
2000,Gen Z,Sweden,Medium,Retail,Employed,3532.0,20,4,With parents,2,6,9
1991,Millennial,Poland,Low,Finance,Unemployed,2826.0,16,25,With parents,8,1,4
1978,Gen X,Sweden,Low,Construction,Employed,3684.0,19,17,Own,1,7,6
1999,Gen Z,Spain,Medium,Retail,Employed,2226.0,27,35,Rent,1,9,5
1975,Gen X,Germany,Low,Construction,Employed,1624.0,17,30,Rent,5,8,6
1996,Millennial,France,Medium,Construction,Employed,2114.0,28,17,With parents,5,7,8
1969,Gen X,Poland,Medium,Construction,Unemployed,2414.0,25,8,Rent,2,8,9
1956,Baby Boomer,Netherlands,Medium,Healthcare,Employed,1386.0,24,25,With parents,10,8,2
1945,Baby Boomer,Italy,Low,Manufacturing,Employed,1559.0,17,1,Own,7,4,1
1999,Gen Z,Spain,High,Education,Employed,1819.0,19,31,With parents,1,5,2
1966,Gen X,Spain,Medium,Retail,Employed,1211.0,18,5,Own,4,5,4
1984,Millennial,France,High,Unemployed,Employed,1671.0,16,19,Rent,4,8,6
1981,Millennial,Italy,Medium,Construction,Employed,2861.0,27,7,Rent,2,10,5
1991,Millennial,Czechia,Medium,Education,Unemployed,2915.0,16,3,Own,3,9,4
1945,Baby Boomer,Italy,Medium,Construction,Employed,938.0,17,24,Rent,2,8,8
1945,Baby Boomer,Netherlands,Medium,Finance,Unemployed,2478.0,23,30,Own,6,2,3
2001,Gen Z,Netherlands,Low,Healthcare,Employed,2138.0,17,18,With parents,2,7,1
1986,Millennial,Poland,Medium,Unemployed,Employed,3146.0,29,6,Own,7,3,9
1998,Gen Z,Czechia,High,Finance,Employed,1958.0,16,29,With parents,6,2,7
1986,Millennial,Spain,Medium,Finance,Unemployed,1084.0,21,26,Rent,10,2,4
1965,Gen X,Germany,Low,Healthcare,Employed,1762.0,16,16,With parents,2,10,10
1959,Baby Boomer,Netherlands,Medium,Manufacturing,Employed,1122.0,25,31,With parents,3,2,10
1961,Baby Boomer,France,High,Unemployed,Inactive,170.0,24,18,Rent,8,3,1
1966,Gen X,France,High,Finance,Employed,2152.0,21,24,Rent,1,4,9
1982,Millennial,France,Low,Retail,Inactive,2667.0,25,28,With parents,9,6,3
1979,Gen X,Sweden,High,Construction,Employed,2368.0,21,24,Own,2,1,4
1989,Millennial,Czechia,Medium,Healthcare,Unemployed,1044.0,16,31,With parents,8,10,4
1960,Baby Boomer,Czechia,Medium,Healthcare,Employed,983.0,22,10,Rent,8,8,1
1952,Baby Boomer,Netherlands,Medium,Construction,Employed,2396.0,18,3,Own,8,8,4
1991,Millennial,Netherlands,High,Education,Employed,3728.0,16,30,With parents,4,4,10
1961,Baby Boomer,France,High,IT,Employed,3365.0,24,35,Rent,2,1,2
1961,Baby Boomer,Czechia,High,Unemployed,Unemployed,1936.0,23,3,Own,2,6,4
1998,Gen Z,Czechia,Low,Finance,Inactive,2390.0,19,1,Rent,7,7,7
1970,Gen X,Netherlands,High,Retail,Employed,3022.0,18,32,Own,1,1,8
1957,Baby Boomer,Sweden,Low,Manufacturing,Employed,2071.0,17,26,With parents,2,8,7
1961,Baby Boomer,Germany,Medium,Finance,Employed,991.0,17,25,Own,3,4,1
1982,Millennial,Germany,Medium,Construction,Employed,0.0,28,18,Own,7,1,4
1961,Baby Boomer,Poland,Medium,Manufacturing,Employed,2364.0,26,32,With parents,8,9,7
1992,Millennial,Czechia,Medium,Education,Employed,2021.0,18,9,Own,4,8,6
1958,Baby Boomer,Spain,Medium,Finance,Employed,665.0,16,0,With parents,4,9,6
1989,Millennial,Germany,High,Manufacturing,Employed,916.0,27,34,Rent,10,4,6
1950,Baby Boomer,Poland,Low,Finance,Employed,1964.0,25,10,Rent,1,8,6
1979,Gen X,Italy,Medium,Healthcare,Employed,1708.0,22,13,Rent,1,8,6
1990,Millennial,Spain,High,Finance,Employed,3489.0,17,5,With parents,7,10,6
1958,Baby Boomer,Czechia,Low,Retail,Employed,3477.0,27,24,With parents,9,2,8
1991,Millennial,Germany,Medium,Finance,Inactive,1435.0,21,22,With parents,2,10,2
1952,Baby Boomer,Sweden,Medium,Manufacturing,Employed,3554.0,27,4,With parents,9,8,1
1959,Baby Boomer,Italy,Medium,Retail,Employed,3655.0,29,25,Rent,7,6,6
1998,Gen Z,Poland,Medium,Manufacturing,Unemployed,2464.0,21,17,With parents,8,3,7
1971,Gen X,Germany,Low,Unemployed,Employed,1362.0,26,31,Rent,5,8,10
1957,Baby Boomer,Czechia,High,Construction,Employed,2307.0,29,20,Own,1,1,9
1993,Millennial,Germany,Low,Construction,Employed,287.0,19,25,Own,8,2,3
1975,Gen X,Netherlands,Medium,IT,Employed,1671.0,19,34,Rent,10,7,1
1997,Gen Z,Italy,Low,IT,Employed,2440.0,16,9,Own,3,8,6
2000,Gen Z,Germany,Medium,Retail,Employed,2547.0,26,27,Rent,5,9,10
1979,Gen X,France,Medium,Construction,Unemployed,1800.0,21,30,With parents,7,1,5
2004,Gen Z,Sweden,High,IT,Employed,2263.0,23,14,Rent,7,9,4
1950,Baby Boomer,Netherlands,High,IT,Employed,1283.0,28,7,With parents,7,2,10
1949,Baby Boomer,Netherlands,Medium,Healthcare,Unemployed,3467.0,28,9,Own,2,8,10
1966,Gen X,Germany,High,Manufacturing,Employed,3503.0,25,9,Rent,2,7,7
2002,Gen Z,Sweden,Medium,IT,Employed,2839.0,19,17,With parents,3,6,5
1993,Millennial,Netherlands,Medium,Retail,Employed,1959.0,16,27,Rent,6,6,4
1967,Gen X,Spain,Medium,Healthcare,Employed,1459.0,19,27,Rent,10,3,10
1969,Gen X,Italy,Medium,Construction,Unemployed,2961.0,17,19,Rent,2,5,10
1978,Gen X,Spain,High,IT,Unemployed,2366.0,19,23,Own,7,2,10
1970,Gen X,Poland,Low,Finance,Employed,1298.0,23,5,With parents,9,5,9
1991,Millennial,Spain,Medium,Construction,Inactive,3153.0,28,31,Own,9,3,8
1949,Baby Boomer,Sweden,High,Retail,Employed,1797.0,18,5,With parents,2,9,4
1970,Gen X,France,High,Manufacturing,Employed,1423.0,27,10,Rent,8,1,4
1964,Baby Boomer,Netherlands,High,Unemployed,Employed,3052.0,29,29,Own,8,3,10
1950,Baby Boomer,Sweden,Medium,Construction,Employed,1490.0,28,2,With parents,8,1,9
1950,Baby Boomer,Netherlands,Medium,Finance,Employed,2313.0,20,7,With parents,2,9,8
2003,Gen Z,Czechia,Medium,Construction,Employed,3355.0,25,32,Own,3,5,7
1994,Millennial,France,Medium,IT,Employed,3265.0,26,18,With parents,4,7,1
1962,Baby Boomer,Netherlands,High,Retail,Inactive,2507.0,17,9,With parents,6,3,4
1948,Baby Boomer,Spain,High,Finance,Unemployed,1145.0,24,18,Rent,2,9,1
1961,Baby Boomer,Czechia,High,Unemployed,Employed,1752.0,29,8,With parents,5,1,5
2001,Gen Z,Czechia,Low,Retail,Employed,4375.0,18,6,With parents,9,10,4
1958,Baby Boomer,Poland,High,Education,Employed,3053.0,16,13,Own,6,1,7
1958,Baby Boomer,Czechia,High,Construction,Inactive,1992.0,22,1,With parents,8,4,8
1957,Baby Boomer,Czechia,Medium,Finance,Inactive,1066.0,26,21,Rent,2,6,1
1951,Baby Boomer,Germany,Medium,Retail,Employed,490.0,20,19,Own,4,9,5
1988,Millennial,France,High,Finance,Employed,3294.0,24,25,Own,6,9,10
1999,Gen Z,Spain,Medium,Education,Employed,3312.0,18,3,With parents,4,2,7
1959,Baby Boomer,Sweden,High,Manufacturing,Employed,2166.0,26,22,Own,9,5,3
1963,Baby Boomer,Spain,Medium,Unemployed,Employed,1830.0,16,15,Own,2,5,9
1987,Millennial,Spain,High,Manufacturing,Employed,3221.0,22,24,Own,7,2,8
1991,Millennial,Germany,High,Construction,Employed,869.0,23,8,Rent,9,9,5
1988,Millennial,Italy,Medium,Healthcare,Employed,3998.0,26,10,Rent,2,9,3
1979,Gen X,Netherlands,High,Finance,Employed,2864.0,17,24,With parents,6,4,3
1961,Baby Boomer,Netherlands,Medium,Education,Unemployed,1072.0,17,30,Rent,2,3,3
1979,Gen X,Sweden,Medium,Unemployed,Employed,2907.0,24,26,With parents,5,5,2
1963,Baby Boomer,Czechia,Low,Retail,Unemployed,1585.0,28,35,Own,8,5,1
1964,Baby Boomer,Poland,Medium,Healthcare,Employed,998.0,19,13,Rent,3,7,1
1980,Gen X,Sweden,High,Finance,Employed,2904.0,16,22,Rent,5,8,9
1979,Gen X,Italy,High,Healthcare,Employed,1206.0,29,15,Rent,3,5,7
1976,Gen X,Netherlands,Medium,Unemployed,Inactive,997.0,24,19,Rent,3,8,7
2002,Gen Z,Poland,Medium,Finance,Employed,2636.0,24,2,Own,1,1,10
1992,Millennial,Sweden,Low,Construction,Employed,2107.0,21,5,Own,2,9,2
1988,Millennial,Poland,Medium,Construction,Employed,3110.0,21,28,Rent,7,3,4
1984,Millennial,Spain,High,Manufacturing,Employed,1930.0,29,3,Own,4,7,8
1968,Gen X,France,Medium,Retail,Employed,1849.0,24,0,Own,1,2,6
1961,Baby Boomer,Spain,Medium,Education,Inactive,367.0,17,7,Own,4,2,4
1951,Baby Boomer,Germany,Medium,Construction,Inactive,2652.0,24,19,With parents,9,5,10
1987,Millennial,Czechia,Low,Manufacturing,Unemployed,2184.0,28,15,Rent,8,7,3
1994,Millennial,Netherlands,High,Healthcare,Inactive,3269.0,19,30,With parents,6,9,2
1945,Baby Boomer,Poland,Medium,IT,Employed,2884.0,19,31,With parents,6,3,4
1979,Gen X,Sweden,Medium,Construction,Employed,2499.0,28,33,Own,2,3,4
1976,Gen X,Czechia,High,Healthcare,Employed,1542.0,24,28,With parents,5,4,1
1980,Gen X,France,High,Unemployed,Employed,1826.0,22,11,Own,9,8,8
1957,Baby Boomer,Sweden,High,IT,Inactive,2694.0,27,3,Own,8,2,8
1950,Baby Boomer,Netherlands,High,Finance,Employed,2154.0,25,33,With parents,4,6,6
2002,Gen Z,Poland,High,Manufacturing,Inactive,3476.0,27,5,Rent,7,8,5
1958,Baby Boomer,Poland,Medium,Finance,Unemployed,3383.0,29,8,Rent,9,9,1
1981,Millennial,Spain,Low,Education,Employed,1975.0,20,4,Own,5,2,8
1992,Millennial,France,Medium,Retail,Employed,2284.0,23,15,With parents,2,7,7
1959,Baby Boomer,France,High,Construction,Employed,1485.0,27,0,Rent,2,3,3
1991,Millennial,Netherlands,Low,IT,Employed,2108.0,28,19,With parents,8,3,7
1948,Baby Boomer,Poland,Low,Construction,Employed,3055.0,16,34,With parents,8,5,7
1984,Millennial,Czechia,Low,Retail,Employed,1711.0,22,9,With parents,8,10,2
2003,Gen Z,France,High,Finance,Employed,1870.0,19,24,Own,5,8,10
1960,Baby Boomer,France,Medium,Manufacturing,Unemployed,1148.0,28,27,Own,2,5,3
1972,Gen X,Sweden,Medium,Manufacturing,Employed,1693.0,17,34,Own,10,8,7
1960,Baby Boomer,Netherlands,Low,Finance,Employed,2752.0,17,32,Rent,8,4,9
1948,Baby Boomer,Spain,High,Finance,Unemployed,1983.0,26,14,With parents,4,7,6
1989,Millennial,Sweden,Medium,Manufacturing,Employed,1164.0,27,20,Own,9,5,10
1970,Gen X,Sweden,Medium,Education,Employed,2391.0,24,34,With parents,10,10,4
1972,Gen X,Italy,Medium,IT,Unemployed,2154.0,21,9,With parents,6,3,10
1976,Gen X,Germany,Medium,Retail,Inactive,3209.0,26,15,Own,10,5,4
1989,Millennial,Italy,Medium,Healthcare,Inactive,2078.0,19,19,Rent,7,9,8
1946,Baby Boomer,France,Medium,Construction,Employed,1304.0,17,7,Own,3,7,8
1975,Gen X,Poland,Medium,Finance,Employed,3067.0,22,30,With parents,2,8,10
1947,Baby Boomer,Germany,High,Finance,Employed,1327.0,24,7,With parents,2,9,9
1998,Gen Z,Germany,Low,Construction,Inactive,1029.0,17,12,Rent,3,1,4
1952,Baby Boomer,Poland,Low,Manufacturing,Employed,1264.0,19,23,Own,7,7,5
1968,Gen X,Germany,High,Retail,Employed,1650.0,29,11,With parents,8,10,8
1959,Baby Boomer,Poland,High,Retail,Inactive,499.0,16,16,With parents,4,8,8
1987,Millennial,Germany,Low,Education,Inactive,646.0,16,35,With parents,3,8,3
1975,Gen X,Sweden,Low,IT,Employed,2903.0,18,11,With parents,7,9,5
1953,Baby Boomer,Czechia,High,Education,Employed,2046.0,16,35,Own,3,6,10
1983,Millennial,Netherlands,High,Unemployed,Employed,2051.0,19,12,Own,8,7,10
1989,Millennial,Netherlands,Medium,Education,Unemployed,2149.0,29,34,Own,4,8,2
1946,Baby Boomer,Italy,Medium,Unemployed,Employed,2708.0,21,4,Own,8,9,6
1952,Baby Boomer,Sweden,Low,Retail,Employed,1463.0,28,12,Own,2,2,5
1951,Baby Boomer,Germany,Medium,IT,Employed,2704.0,20,7,Rent,8,4,10
2000,Gen Z,Spain,Low,IT,Inactive,2301.0,24,10,Own,8,4,8
1988,Millennial,Poland,Medium,Unemployed,Employed,1338.0,28,7,With parents,10,4,2
1995,Millennial,Sweden,Low,IT,Unemployed,2748.0,29,30,Own,3,1,7
1983,Millennial,Germany,Medium,Construction,Employed,2252.0,27,11,Rent,2,2,5
1986,Millennial,Netherlands,Medium,Manufacturing,Employed,1258.0,26,10,With parents,7,9,5
2001,Gen Z,Netherlands,Medium,IT,Inactive,1326.0,17,16,Rent,9,8,5
1960,Baby Boomer,Poland,Low,Retail,Employed,2632.0,17,26,With parents,10,10,5
1979,Gen X,Spain,Medium,Construction,Employed,3113.0,27,12,With parents,1,1,1
1974,Gen X,Germany,High,Manufacturing,Employed,2454.0,18,35,Own,5,8,8
1954,Baby Boomer,Germany,Medium,Healthcare,Employed,3000.0,19,12,Rent,3,10,2
1982,Millennial,Spain,High,Unemployed,Unemployed,3309.0,24,21,Rent,9,3,7
1962,Baby Boomer,Spain,Medium,Finance,Unemployed,1997.0,26,23,With parents,8,4,5
1994,Millennial,Spain,Medium,Education,Employed,2348.0,21,29,Own,9,8,4
1949,Baby Boomer,Netherlands,Medium,IT,Employed,2802.0,28,12,With parents,9,8,2
1997,Gen Z,Poland,High,Unemployed,Employed,1167.0,24,7,Rent,10,3,4
1973,Gen X,Sweden,Low,Healthcare,Inactive,3131.0,20,4,With parents,3,4,6
1983,Millennial,Czechia,Low,IT,Employed,3427.0,24,5,Own,7,3,9
2004,Gen Z,Spain,Medium,Education,Unemployed,1536.0,24,6,Rent,5,8,5
1978,Gen X,Poland,High,Retail,Employed,4783.0,16,21,With parents,6,8,3
1987,Millennial,Italy,High,Retail,Inactive,2915.0,24,29,Own,8,8,3
1989,Millennial,Germany,Medium,Education,Inactive,2063.0,22,14,Rent,10,1,5
1967,Gen X,Germany,Medium,Healthcare,Employed,330.0,26,19,Own,8,5,4
1949,Baby Boomer,Czechia,Medium,Unemployed,Unemployed,2117.0,23,30,With parents,7,1,8
1974,Gen X,Czechia,Medium,Manufacturing,Employed,2580.0,18,4,Rent,1,9,1
1950,Baby Boomer,France,Medium,Finance,Employed,2477.0,16,11,Own,1,7,10
2000,Gen Z,Italy,High,Finance,Employed,1020.0,19,29,Rent,6,1,3
2002,Gen Z,Sweden,High,Unemployed,Employed,1605.0,16,2,With parents,9,9,5
1990,Millennial,Czechia,Medium,Finance,Employed,2812.0,16,12,With parents,8,6,4
1988,Millennial,Spain,Medium,Manufacturing,Employed,2733.0,19,10,Own,1,9,1
1948,Baby Boomer,Spain,Medium,IT,Employed,3048.0,23,9,Rent,8,7,5
1973,Gen X,Sweden,Medium,Unemployed,Employed,2307.0,27,29,With parents,5,7,1
1967,Gen X,Netherlands,Medium,Education,Employed,2171.0,16,8,Own,2,7,8
1950,Baby Boomer,Italy,Low,Education,Employed,2660.0,25,29,Own,7,8,10
1976,Gen X,Spain,Low,Manufacturing,Employed,2285.0,25,28,Own,2,1,6
1986,Millennial,Czechia,Medium,Healthcare,Employed,823.0,27,33,Rent,4,10,7
1962,Baby Boomer,France,High,Finance,Inactive,3568.0,24,25,With parents,4,4,9
1959,Baby Boomer,Poland,Medium,Unemployed,Employed,3030.0,21,1,With parents,5,7,8
1984,Millennial,Germany,Medium,Construction,Employed,2581.0,28,35,Rent,6,9,1
2002,Gen Z,Italy,Medium,Education,Employed,969.0,20,6,With parents,2,2,2
1976,Gen X,Germany,Low,Unemployed,Employed,2954.0,24,35,Own,8,6,2
1953,Baby Boomer,Poland,High,Retail,Employed,1805.0,24,13,Own,9,2,3
1981,Millennial,Italy,High,Retail,Employed,2947.0,24,26,Rent,3,4,5
1954,Baby Boomer,Czechia,Low,Construction,Employed,2692.0,28,25,Own,7,7,6
1964,Baby Boomer,Poland,High,Education,Employed,1894.0,28,19,With parents,4,2,3
1950,Baby Boomer,Spain,Medium,Finance,Employed,3147.0,27,34,With parents,10,9,6
1992,Millennial,Sweden,High,Finance,Employed,1127.0,18,10,Rent,4,6,6
2000,Gen Z,Spain,Medium,Finance,Employed,2251.0,27,25,Own,1,8,10
2003,Gen Z,Czechia,Low,Healthcare,Employed,3693.0,27,34,With parents,5,9,3
1947,Baby Boomer,Sweden,Medium,Retail,Employed,2638.0,23,4,With parents,6,9,4
1986,Millennial,Spain,High,Healthcare,Employed,3022.0,25,15,With parents,5,3,4
1955,Baby Boomer,Poland,Low,Manufacturing,Employed,2271.0,29,10,Own,6,9,1
1987,Millennial,Poland,High,IT,Inactive,2181.0,19,32,With parents,3,4,10
1961,Baby Boomer,Poland,Low,Finance,Unemployed,1101.0,19,8,Own,2,8,1
1976,Gen X,Germany,High,Manufacturing,Employed,2060.0,27,21,With parents,5,6,4
1948,Baby Boomer,Czechia,Low,IT,Employed,2806.0,22,4,Own,6,1,8
1948,Baby Boomer,Poland,High,Construction,Employed,1215.0,23,19,With parents,10,8,9
1961,Baby Boomer,Spain,Medium,Retail,Employed,1333.0,19,33,Own,6,4,6
1985,Millennial,France,Medium,IT,Employed,2577.0,26,29,Rent,5,10,3
1963,Baby Boomer,Czechia,High,Unemployed,Employed,2944.0,25,9,Rent,2,1,1
1949,Baby Boomer,Poland,High,IT,Employed,4014.0,28,31,Rent,1,4,4
1976,Gen X,France,Medium,Education,Employed,1953.0,21,23,With parents,10,3,2
1966,Gen X,Sweden,Low,IT,Employed,1978.0,16,16,Own,6,2,7
2000,Gen Z,Spain,Medium,Education,Employed,2948.0,28,2,With parents,1,10,3
1950,Baby Boomer,Poland,Medium,IT,Inactive,2714.0,17,25,Own,1,8,8
1979,Gen X,Germany,Medium,Education,Employed,1968.0,27,11,Own,6,10,9
1966,Gen X,Germany,Medium,Retail,Employed,2175.0,20,11,With parents,1,6,4
1945,Baby Boomer,Sweden,Low,Retail,Employed,1635.0,19,32,Own,2,8,5
1964,Baby Boomer,France,High,Unemployed,Employed,1160.0,29,26,Rent,1,8,5
1966,Gen X,Netherlands,High,IT,Employed,2078.0,18,13,With parents,7,5,8
1992,Millennial,Germany,Low,Construction,Employed,3570.0,26,6,Rent,4,2,1
1999,Gen Z,Czechia,Medium,Construction,Employed,1553.0,29,26,Rent,4,5,6
1955,Baby Boomer,Germany,Medium,Healthcare,Unemployed,908.0,21,9,Rent,4,6,2
1957,Baby Boomer,Germany,Medium,Construction,Employed,1297.0,25,8,With parents,5,8,9
2003,Gen Z,Spain,Low,Unemployed,Employed,2678.0,21,33,Rent,9,10,7
1986,Millennial,Germany,Medium,Retail,Inactive,2586.0,28,28,With parents,5,2,10
1947,Baby Boomer,Italy,Medium,Manufacturing,Employed,3344.0,26,17,With parents,10,7,9
1953,Baby Boomer,Poland,Medium,Construction,Unemployed,3155.0,29,28,Rent,2,9,10
2004,Gen Z,Sweden,High,Manufacturing,Unemployed,2468.0,25,29,Own,8,10,4
1956,Baby Boomer,Germany,High,Education,Employed,2785.0,23,12,Own,8,9,5
1967,Gen X,Netherlands,Low,Healthcare,Employed,1526.0,17,21,With parents,9,10,10
1958,Baby Boomer,Czechia,Medium,Unemployed,Unemployed,2820.0,22,15,Rent,4,4,7
1977,Gen X,Netherlands,High,Unemployed,Unemployed,2102.0,22,31,With parents,3,10,3
1962,Baby Boomer,Germany,Low,Finance,Employed,2966.0,17,25,Own,10,6,8
1993,Millennial,Germany,High,Education,Employed,2577.0,28,30,With parents,6,6,7
2003,Gen Z,Italy,High,IT,Employed,1774.0,21,18,With parents,1,7,6
1985,Millennial,Germany,High,Construction,Unemployed,1210.0,20,33,Own,6,10,8
1953,Baby Boomer,Germany,Medium,Unemployed,Employed,1750.0,17,5,Rent,5,7,2
1967,Gen X,Poland,Medium,Retail,Inactive,2366.0,24,34,Own,1,10,5
1954,Baby Boomer,Netherlands,High,Healthcare,Inactive,1466.0,23,10,Rent,6,2,9
1963,Baby Boomer,Italy,Medium,Education,Unemployed,2062.0,22,21,Rent,3,5,8
1991,Millennial,Netherlands,Low,Education,Employed,3179.0,29,12,Own,8,1,1
1949,Baby Boomer,Italy,Medium,Manufacturing,Employed,3257.0,21,15,With parents,3,2,10
1991,Millennial,Netherlands,Low,IT,Employed,2630.0,20,25,With parents,3,6,8
1996,Millennial,Germany,High,Education,Employed,3427.0,28,21,Own,7,5,2
1967,Gen X,Netherlands,Medium,Unemployed,Employed,1061.0,24,12,Rent,1,8,7
1974,Gen X,Netherlands,High,Manufacturing,Employed,3368.0,20,22,Own,10,1,1
1969,Gen X,Italy,High,Healthcare,Employed,976.0,28,31,With parents,10,9,3
1972,Gen X,Sweden,Low,Education,Employed,2209.0,21,22,With parents,8,4,7
1978,Gen X,France,Medium,Finance,Unemployed,1468.0,18,31,Rent,4,1,10
1989,Millennial,Italy,High,Finance,Employed,2865.0,24,27,Own,5,5,1
2000,Gen Z,Italy,Medium,Manufacturing,Employed,791.0,26,32,With parents,5,10,9
1992,Millennial,Italy,High,Finance,Employed,612.0,29,25,Own,4,9,4
1991,Millennial,Spain,High,Unemployed,Inactive,1611.0,23,29,Own,1,7,5
1969,Gen X,Sweden,Low,IT,Unemployed,1547.0,24,16,Own,3,3,3
1954,Baby Boomer,Spain,High,Unemployed,Employed,1686.0,16,28,Rent,8,8,9
1958,Baby Boomer,Spain,Low,Retail,Employed,1593.0,16,1,With parents,2,2,6
1986,Millennial,Italy,Low,Finance,Inactive,2819.0,28,33,Rent,8,4,7
2001,Gen Z,France,High,Unemployed,Employed,2124.0,17,11,With parents,4,7,8
1990,Millennial,Italy,High,Healthcare,Employed,3594.0,19,20,With parents,9,4,1
2002,Gen Z,Germany,Medium,Education,Employed,2408.0,25,26,Own,8,9,1
1974,Gen X,France,Medium,Unemployed,Employed,2994.0,20,2,Own,8,3,6
1999,Gen Z,Spain,Medium,Manufacturing,Employed,2722.0,28,25,With parents,4,1,6
1985,Millennial,Czechia,Medium,Education,Employed,1392.0,22,4,Own,2,10,1
1969,Gen X,Netherlands,Medium,Retail,Employed,1731.0,19,19,Own,8,2,8
1958,Baby Boomer,Netherlands,Low,Unemployed,Employed,3095.0,28,7,Own,7,9,10
1979,Gen X,Sweden,Medium,Education,Employed,601.0,16,27,Rent,2,5,7
1996,Millennial,Czechia,High,Education,Employed,2638.0,23,28,Rent,7,5,7
1992,Millennial,Poland,Medium,Manufacturing,Employed,2040.0,26,1,With parents,1,5,4
1978,Gen X,Sweden,Low,Unemployed,Employed,1530.0,18,1,Own,6,10,5
1954,Baby Boomer,France,High,Retail,Employed,1960.0,24,22,Own,7,1,8
1979,Gen X,Spain,High,Healthcare,Employed,3658.0,17,9,Own,2,3,10
1955,Baby Boomer,France,High,Manufacturing,Employed,649.0,26,27,Rent,2,3,9
1955,Baby Boomer,France,Low,Construction,Employed,1103.0,16,18,With parents,8,2,4
1965,Gen X,Netherlands,Low,Retail,Employed,456.0,25,27,Own,2,7,9
1965,Gen X,Italy,Medium,Retail,Employed,1806.0,23,30,Rent,10,5,10
1966,Gen X,Germany,Medium,Education,Employed,1638.0,29,1,Rent,2,1,10
1989,Millennial,Poland,Medium,IT,Employed,2344.0,18,28,Own,5,1,9
1951,Baby Boomer,Spain,Medium,IT,Employed,1768.0,16,13,Own,4,4,9
1999,Gen Z,France,Low,Unemployed,Employed,2606.0,26,27,Rent,1,8,3
1961,Baby Boomer,Poland,Medium,Healthcare,Unemployed,1491.0,18,0,Rent,8,9,4
1946,Baby Boomer,France,Medium,Education,Unemployed,4088.0,23,15,With parents,4,3,5
1956,Baby Boomer,Czechia,Medium,IT,Inactive,2753.0,26,20,Rent,9,8,6
2001,Gen Z,Netherlands,Medium,Manufacturing,Employed,2664.0,19,13,Rent,2,8,10
1986,Millennial,Germany,Medium,Unemployed,Employed,2764.0,25,16,With parents,2,7,6
1962,Baby Boomer,Netherlands,Medium,Healthcare,Unemployed,1259.0,26,14,Rent,6,1,10
1998,Gen Z,Poland,Medium,Education,Employed,1978.0,22,30,Rent,2,7,1
2003,Gen Z,Spain,Medium,Finance,Employed,2017.0,23,35,With parents,2,4,4
1955,Baby Boomer,France,Low,Manufacturing,Employed,1775.0,22,13,With parents,6,1,10
1960,Baby Boomer,Germany,Medium,IT,Inactive,1888.0,16,35,Own,6,8,7
1993,Millennial,Czechia,High,IT,Employed,2946.0,19,26,Rent,8,3,8
1995,Millennial,Netherlands,Medium,IT,Employed,2147.0,28,2,Own,10,10,8
1962,Baby Boomer,Czechia,Low,IT,Employed,2470.0,28,35,With parents,1,4,6
1979,Gen X,Poland,High,Retail,Employed,680.0,25,5,Rent,1,1,3
1997,Gen Z,Netherlands,Medium,Finance,Inactive,627.0,24,26,With parents,7,8,4
2003,Gen Z,France,Low,Healthcare,Employed,1350.0,22,21,Rent,9,8,4
1970,Gen X,France,Medium,Healthcare,Employed,3676.0,27,21,Own,7,7,6
1960,Baby Boomer,Czechia,High,IT,Employed,4008.0,16,35,Rent,4,3,4
1950,Baby Boomer,Spain,Medium,Healthcare,Unemployed,3085.0,23,31,With parents,9,2,5
2001,Gen Z,Germany,Medium,Finance,Inactive,1845.0,19,26,Rent,6,4,6
1988,Millennial,Italy,Medium,Manufacturing,Unemployed,2584.0,29,6,Own,10,2,3
1987,Millennial,Netherlands,Low,Manufacturing,Unemployed,3336.0,29,11,Own,1,1,3
1991,Millennial,France,Medium,Construction,Employed,3869.0,29,15,Own,6,9,7
1991,Millennial,Poland,High,Healthcare,Inactive,1165.0,27,4,With parents,10,5,1
1992,Millennial,Netherlands,Medium,IT,Employed,2384.0,22,34,Rent,6,3,4
1986,Millennial,Spain,Low,Education,Inactive,1910.0,28,8,Rent,1,3,3
1956,Baby Boomer,Spain,Low,Finance,Employed,2727.0,21,28,With parents,8,9,5
2004,Gen Z,France,Medium,IT,Employed,2247.0,22,26,Own,5,1,2
1957,Baby Boomer,France,High,Retail,Employed,1300.0,25,31,With parents,4,1,10
1948,Baby Boomer,Czechia,Medium,Unemployed,Employed,2555.0,25,9,Rent,10,3,9
1983,Millennial,France,Medium,Education,Employed,1573.0,16,24,Rent,1,5,5
1998,Gen Z,Czechia,Low,Finance,Employed,2168.0,27,24,Rent,5,1,10
1946,Baby Boomer,Sweden,Medium,Retail,Employed,2211.0,21,3,Rent,1,5,4
1970,Gen X,Italy,Low,Healthcare,Inactive,3718.0,27,22,Rent,3,5,4
2003,Gen Z,France,High,Retail,Inactive,2489.0,18,9,Own,10,6,7
1971,Gen X,Netherlands,Medium,Healthcare,Inactive,2120.0,25,5,With parents,1,8,4
1971,Gen X,Netherlands,High,Retail,Unemployed,2852.0,19,12,Own,10,1,10
1959,Baby Boomer,Czechia,High,Education,Employed,1404.0,16,30,Rent,3,9,8
1952,Baby Boomer,Sweden,High,Retail,Employed,2291.0,29,4,Own,2,9,1
1951,Baby Boomer,Sweden,Medium,IT,Employed,2771.0,28,3,With parents,4,1,10
1991,Millennial,Germany,Low,Healthcare,Inactive,2730.0,29,2,Rent,7,6,6
1999,Gen Z,Poland,High,Manufacturing,Inactive,1723.0,28,29,Own,1,10,9
1990,Millennial,France,High,Retail,Unemployed,2528.0,25,22,With parents,7,6,5
1984,Millennial,Czechia,High,Healthcare,Inactive,2812.0,23,17,Own,6,8,5
2004,Gen Z,Netherlands,Low,Manufacturing,Employed,1385.0,29,34,Own,4,8,4
1956,Baby Boomer,Sweden,Medium,Healthcare,Employed,1656.0,17,4,With parents,9,2,9
1957,Baby Boomer,Netherlands,High,Unemployed,Inactive,1910.0,18,27,Rent,7,9,2
1987,Millennial,Netherlands,Low,Construction,Employed,4297.0,22,17,Own,10,10,9
1961,Baby Boomer,Sweden,Medium,Healthcare,Employed,1527.0,17,7,Rent,10,1,6
1961,Baby Boomer,Italy,Medium,Unemployed,Employed,2493.0,27,11,With parents,5,5,10
2000,Gen Z,Sweden,Low,Manufacturing,Employed,1882.0,19,29,Rent,2,10,8
1980,Gen X,Sweden,Low,Manufacturing,Unemployed,1356.0,27,21,Own,1,2,4
1965,Gen X,Poland,Medium,Education,Employed,2828.0,22,5,Own,2,10,4
1952,Baby Boomer,Czechia,Low,Finance,Employed,930.0,27,29,With parents,9,1,10
1949,Baby Boomer,Czechia,Medium,Construction,Employed,3499.0,18,7,Own,2,7,1
1970,Gen X,Sweden,Low,Retail,Employed,1265.0,17,28,Own,5,9,6
1960,Baby Boomer,Spain,Medium,Retail,Inactive,1601.0,23,30,With parents,8,2,2
1980,Gen X,Czechia,High,Construction,Employed,2715.0,17,4,Rent,8,8,5
1972,Gen X,Czechia,Medium,Healthcare,Employed,2877.0,25,10,Rent,9,5,3
1998,Gen Z,Czechia,Medium,Construction,Employed,2410.0,22,16,Rent,4,6,2
1973,Gen X,Sweden,High,IT,Inactive,1720.0,26,12,Rent,10,10,10
1991,Millennial,Netherlands,High,Unemployed,Employed,766.0,18,19,Own,7,7,1
1956,Baby Boomer,France,Low,IT,Inactive,2119.0,19,30,Rent,9,4,9
1981,Millennial,Netherlands,Medium,Finance,Employed,1435.0,21,25,With parents,7,3,1
1974,Gen X,Poland,Medium,Healthcare,Employed,4371.0,26,27,With parents,1,2,8
1967,Gen X,Spain,Medium,Education,Unemployed,2320.0,18,24,Rent,6,1,6
1960,Baby Boomer,Sweden,High,Manufacturing,Employed,1040.0,16,17,Own,2,4,4
1958,Baby Boomer,Italy,High,Healthcare,Employed,1901.0,27,31,With parents,7,6,9
1954,Baby Boomer,Germany,High,Unemployed,Employed,2882.0,23,28,With parents,9,3,1
1951,Baby Boomer,Sweden,Medium,Retail,Employed,3246.0,19,2,Own,7,3,4
1989,Millennial,France,Low,IT,Employed,1922.0,16,34,With parents,8,10,10
1996,Millennial,Germany,High,Unemployed,Employed,2093.0,17,14,Rent,2,8,7
2004,Gen Z,Italy,Medium,IT,Employed,2708.0,21,2,Rent,10,5,4
1981,Millennial,Poland,Low,IT,Employed,1358.0,16,20,Rent,5,2,1
1973,Gen X,Poland,High,Education,Unemployed,2513.0,24,2,Own,10,10,4
1947,Baby Boomer,Italy,Medium,Retail,Employed,2457.0,29,34,With parents,1,9,6
1959,Baby Boomer,Netherlands,Medium,Education,Employed,2680.0,22,7,With parents,3,1,8
1980,Gen X,Italy,High,Manufacturing,Employed,2165.0,23,2,Own,1,6,2
1991,Millennial,Czechia,Low,Healthcare,Employed,792.0,23,10,Rent,2,5,9
1990,Millennial,Czechia,Low,Healthcare,Employed,2405.0,21,1,Rent,4,3,7
1996,Millennial,Sweden,Medium,Construction,Inactive,1412.0,23,32,Own,6,1,6
1963,Baby Boomer,France,Medium,IT,Unemployed,3753.0,22,7,With parents,1,1,3
1957,Baby Boomer,Czechia,Low,Construction,Employed,3779.0,16,11,Rent,9,5,4
1986,Millennial,Spain,Medium,IT,Employed,1170.0,18,18,Rent,1,7,8
1965,Gen X,Sweden,Medium,Manufacturing,Employed,1430.0,24,17,With parents,8,8,7
1981,Millennial,Sweden,High,Unemployed,Inactive,123.0,23,20,Rent,1,3,6
1971,Gen X,Sweden,Low,Education,Employed,2862.0,20,21,With parents,1,7,7
1999,Gen Z,Germany,High,Finance,Employed,1684.0,16,29,With parents,8,8,9
1996,Millennial,Germany,Low,Finance,Employed,2444.0,17,17,Rent,2,3,5
1973,Gen X,Poland,Medium,Finance,Employed,1715.0,25,5,Rent,1,10,5
1964,Baby Boomer,Sweden,Medium,Retail,Employed,758.0,29,0,With parents,7,8,10
1969,Gen X,Netherlands,Low,Manufacturing,Unemployed,2390.0,25,8,Own,1,5,7
1950,Baby Boomer,Czechia,High,Healthcare,Employed,3360.0,24,15,Own,4,5,7
1980,Gen X,Poland,Low,Healthcare,Employed,2175.0,27,28,Rent,10,8,5
1946,Baby Boomer,France,Low,Education,Employed,1276.0,25,28,With parents,10,6,8
1966,Gen X,Italy,Medium,Construction,Employed,2067.0,23,4,With parents,9,6,6
1976,Gen X,Germany,Medium,Manufacturing,Employed,2662.0,24,18,With parents,10,6,4
1960,Baby Boomer,Sweden,Low,Retail,Unemployed,2018.0,17,21,Own,3,10,9
1962,Baby Boomer,France,Low,Manufacturing,Employed,1211.0,18,7,Rent,6,1,2
1949,Baby Boomer,Poland,Low,Manufacturing,Employed,4018.0,18,17,Rent,10,1,2
1998,Gen Z,Poland,Medium,Education,Unemployed,839.0,16,13,Own,9,3,5
1980,Gen X,Germany,Medium,Unemployed,Employed,4247.0,17,3,With parents,4,2,3
1974,Gen X,Poland,Low,Retail,Employed,2116.0,25,26,Own,3,9,3
1989,Millennial,Netherlands,Low,Finance,Employed,3007.0,20,23,Own,5,2,7
1963,Baby Boomer,Poland,Medium,Healthcare,Unemployed,2394.0,22,29,Rent,7,4,5
1967,Gen X,Spain,High,Unemployed,Employed,1410.0,21,11,Own,5,7,6
1978,Gen X,Czechia,High,IT,Employed,3396.0,29,12,With parents,4,10,3
1957,Baby Boomer,Italy,High,Construction,Employed,2754.0,17,3,Own,1,7,8
1987,Millennial,Poland,Low,Finance,Employed,2114.0,23,25,With parents,6,6,5
1998,Gen Z,Czechia,High,Retail,Unemployed,2855.0,19,0,Own,4,5,8
1973,Gen X,Czechia,Medium,Healthcare,Employed,2076.0,26,26,With parents,6,6,4
1980,Gen X,Spain,High,Finance,Inactive,219.0,17,22,Rent,6,3,4
1966,Gen X,France,Medium,Unemployed,Employed,660.0,19,10,Rent,4,7,5
1996,Millennial,Poland,Medium,Unemployed,Employed,2180.0,23,20,Own,8,6,8
1996,Millennial,Netherlands,Medium,Education,Unemployed,1914.0,29,21,Rent,4,4,4
1991,Millennial,France,Medium,Construction,Employed,2119.0,16,27,Own,5,2,6
1980,Gen X,Czechia,High,Retail,Employed,1894.0,26,5,With parents,5,1,8
1953,Baby Boomer,Czechia,High,Retail,Employed,1191.0,24,24,With parents,2,9,3
1983,Millennial,Sweden,High,Healthcare,Employed,956.0,29,3,Rent,8,8,6
1995,Millennial,Poland,Medium,Healthcare,Employed,1439.0,23,33,Own,8,4,7
1963,Baby Boomer,Germany,Medium,Manufacturing,Inactive,2879.0,29,25,With parents,10,10,8
1982,Millennial,Spain,Low,Unemployed,Unemployed,1465.0,23,26,Own,8,1,5
1950,Baby Boomer,Spain,High,Manufacturing,Inactive,3138.0,25,20,Rent,1,4,4
1996,Millennial,Germany,Medium,Retail,Inactive,1267.0,24,20,Own,7,5,10
1991,Millennial,Italy,High,IT,Employed,3267.0,29,28,Rent,3,1,10
1959,Baby Boomer,Czechia,Medium,Education,Employed,1736.0,22,33,Own,1,9,10
2001,Gen Z,Sweden,Medium,Healthcare,Employed,1923.0,26,26,Rent,5,7,4
1964,Baby Boomer,Netherlands,High,Manufacturing,Inactive,1931.0,24,25,Own,4,7,3
1953,Baby Boomer,Spain,Low,Education,Employed,2724.0,16,4,Own,7,1,2
1976,Gen X,France,Medium,Construction,Employed,2427.0,16,19,Own,1,9,10
1948,Baby Boomer,Czechia,Low,Finance,Employed,2325.0,27,7,Rent,1,10,6
1994,Millennial,Netherlands,High,Finance,Employed,2127.0,19,17,Own,8,8,1
1962,Baby Boomer,Spain,Low,Unemployed,Employed,1688.0,17,4,Rent,4,6,6
1949,Baby Boomer,Sweden,Low,Retail,Employed,3187.0,23,3,With parents,9,4,5
1964,Baby Boomer,Italy,Medium,Healthcare,Inactive,2277.0,16,4,Own,10,6,2
1967,Gen X,Sweden,Medium,Unemployed,Employed,2717.0,19,15,Own,10,4,10
1955,Baby Boomer,France,Medium,Finance,Inactive,2380.0,26,8,Rent,5,2,5
1981,Millennial,Sweden,Low,Construction,Employed,1821.0,26,24,Own,6,9,7
1966,Gen X,Netherlands,High,Healthcare,Inactive,4356.0,29,7,Own,2,10,1
2002,Gen Z,Czechia,High,Manufacturing,Employed,3307.0,24,0,With parents,3,2,5
1948,Baby Boomer,France,Medium,Finance,Unemployed,1714.0,17,30,Own,7,7,8
1973,Gen X,Czechia,High,IT,Employed,4047.0,21,32,Own,7,3,8
1988,Millennial,Germany,Medium,Finance,Employed,3035.0,19,4,With parents,6,4,8
1978,Gen X,Poland,Low,Healthcare,Inactive,1216.0,29,17,Rent,4,3,1
1957,Baby Boomer,Germany,Medium,IT,Employed,2994.0,27,35,With parents,10,3,8
1986,Millennial,Netherlands,Medium,Education,Employed,2575.0,19,19,With parents,4,6,8
1953,Baby Boomer,Poland,Medium,Finance,Employed,2349.0,21,23,Own,8,6,5
1986,Millennial,Germany,Medium,Healthcare,Employed,3113.0,25,18,Own,9,2,6
1975,Gen X,Poland,High,Finance,Employed,2507.0,28,27,Rent,8,1,2
1951,Baby Boomer,Spain,Medium,Finance,Employed,391.0,19,29,Rent,8,6,2
1948,Baby Boomer,Sweden,Medium,Healthcare,Employed,982.0,24,14,Rent,5,1,1
1963,Baby Boomer,France,Low,IT,Employed,1430.0,27,8,With parents,2,6,10
1986,Millennial,Poland,Medium,Manufacturing,Inactive,3996.0,27,30,With parents,10,10,3
1974,Gen X,Spain,Medium,Construction,Employed,2787.0,23,0,With parents,2,6,2
1975,Gen X,Sweden,Medium,Finance,Employed,2687.0,23,12,Rent,2,1,8
1979,Gen X,Sweden,High,Retail,Employed,2297.0,20,35,Rent,6,5,5
2001,Gen Z,Italy,High,Education,Employed,1371.0,21,1,Own,10,4,7
1965,Gen X,Czechia,Medium,Healthcare,Employed,892.0,16,34,With parents,5,6,2
1975,Gen X,Germany,Medium,Finance,Employed,3096.0,16,10,Own,4,8,8
1963,Baby Boomer,Italy,High,Construction,Inactive,3697.0,24,17,Rent,4,1,1
1975,Gen X,Czechia,Medium,Manufacturing,Unemployed,2810.0,27,19,Own,8,2,4
1997,Gen Z,Czechia,Low,Healthcare,Employed,1758.0,19,1,With parents,10,2,7
1976,Gen X,Netherlands,Medium,Unemployed,Employed,1832.0,18,23,Rent,2,9,1
1946,Baby Boomer,Spain,Low,Finance,Employed,2824.0,20,15,With parents,5,6,3
2003,Gen Z,Italy,High,Education,Inactive,2095.0,29,22,Rent,7,10,3
1996,Millennial,Italy,Medium,Retail,Inactive,2058.0,24,28,With parents,7,9,5
1954,Baby Boomer,Czechia,Medium,Healthcare,Employed,1715.0,24,29,Own,8,4,3
1946,Baby Boomer,Sweden,Low,Finance,Employed,1603.0,18,3,Rent,3,9,4
1946,Baby Boomer,Spain,Medium,IT,Employed,2092.0,27,28,With parents,2,9,6
2004,Gen Z,Sweden,High,Manufacturing,Employed,775.0,22,26,Rent,8,1,4
1968,Gen X,France,Low,Retail,Employed,2757.0,18,32,Rent,9,9,1
1961,Baby Boomer,Poland,Medium,Healthcare,Employed,520.0,18,17,With parents,1,5,7
1976,Gen X,Netherlands,High,Finance,Employed,3159.0,19,5,Own,9,10,8
1960,Baby Boomer,Netherlands,Medium,Retail,Employed,1725.0,17,31,Rent,8,10,7
1960,Baby Boomer,Germany,Medium,IT,Employed,2093.0,21,30,With parents,7,7,5
1990,Millennial,Sweden,Medium,Healthcare,Unemployed,2702.0,20,11,Rent,8,5,7
1983,Millennial,Poland,Medium,Unemployed,Employed,1941.0,25,22,Own,3,2,7
1997,Gen Z,Czechia,Low,Retail,Employed,1535.0,25,28,Own,2,5,1
1975,Gen X,Germany,Low,Healthcare,Unemployed,2458.0,28,2,With parents,4,1,8
1987,Millennial,Netherlands,Medium,Unemployed,Employed,4178.0,17,32,Own,7,1,9
1968,Gen X,Poland,High,Healthcare,Employed,2909.0,27,27,Rent,2,2,1
1945,Baby Boomer,Italy,Low,Retail,Employed,1518.0,25,17,Own,7,4,10
1955,Baby Boomer,France,Low,Healthcare,Employed,1883.0,17,21,Own,7,10,1
1999,Gen Z,Czechia,Medium,IT,Employed,1770.0,29,19,Own,10,9,3
1965,Gen X,Italy,High,Retail,Unemployed,1272.0,17,15,Rent,9,6,8
1948,Baby Boomer,France,Medium,Finance,Employed,2740.0,19,6,Own,3,9,9
1951,Baby Boomer,Czechia,High,Construction,Employed,1907.0,18,3,Rent,9,5,2
1970,Gen X,Sweden,Low,Retail,Unemployed,2486.0,24,33,With parents,7,9,1
1991,Millennial,Spain,High,IT,Employed,0.0,28,35,Rent,8,1,10
1994,Millennial,Germany,Medium,IT,Employed,2821.0,20,17,Rent,3,1,4
1956,Baby Boomer,Germany,Medium,IT,Employed,1667.0,27,32,With parents,5,6,2
1975,Gen X,Spain,Medium,Unemployed,Employed,1295.0,16,0,Own,7,2,9
1961,Baby Boomer,Poland,High,Finance,Employed,996.0,17,24,Own,8,7,9
1977,Gen X,Spain,Low,Finance,Inactive,1372.0,22,13,With parents,6,9,5
1955,Baby Boomer,Sweden,Low,Construction,Employed,1815.0,23,10,Own,6,7,5
1972,Gen X,Netherlands,Medium,Construction,Employed,3000.0,21,7,Own,5,9,9
1976,Gen X,Spain,High,Healthcare,Inactive,1801.0,28,15,With parents,4,4,7
1945,Baby Boomer,France,High,Healthcare,Employed,3084.0,22,30,Own,7,7,2
1991,Millennial,Netherlands,Medium,Education,Employed,2463.0,17,17,With parents,10,10,6
1972,Gen X,Spain,Medium,Construction,Unemployed,3837.0,29,6,Own,5,1,6
1997,Gen Z,Germany,Low,Construction,Unemployed,1749.0,27,3,Own,8,10,10
1986,Millennial,Italy,High,Healthcare,Employed,2572.0,21,31,Own,1,6,1
1951,Baby Boomer,France,High,IT,Inactive,3324.0,27,30,Own,8,9,2
1946,Baby Boomer,Sweden,Medium,Education,Employed,2767.0,21,9,With parents,5,6,2
1986,Millennial,France,Medium,Construction,Unemployed,2047.0,19,29,Rent,4,7,1
1968,Gen X,Czechia,High,IT,Inactive,1761.0,26,34,Rent,6,10,6
1948,Baby Boomer,Poland,High,Manufacturing,Employed,451.0,19,30,With parents,7,1,3
1988,Millennial,Italy,Medium,Unemployed,Employed,1984.0,17,30,With parents,3,4,9
1963,Baby Boomer,France,Medium,Construction,Employed,1370.0,18,32,Own,4,7,8
1970,Gen X,Czechia,Medium,Finance,Unemployed,1712.0,25,4,Own,7,6,7
1955,Baby Boomer,Spain,Medium,Retail,Unemployed,2247.0,21,9,Rent,7,9,5
1984,Millennial,France,Medium,Manufacturing,Employed,795.0,19,22,Rent,3,4,3
1994,Millennial,France,Medium,Finance,Unemployed,1306.0,18,6,With parents,9,3,7
1987,Millennial,France,Medium,Finance,Unemployed,2549.0,29,27,With parents,3,1,6
1955,Baby Boomer,Poland,Medium,Unemployed,Unemployed,1061.0,16,20,Own,8,8,2
1989,Millennial,France,Medium,IT,Unemployed,2159.0,27,30,Own,8,1,5
1947,Baby Boomer,France,Medium,Healthcare,Employed,938.0,26,26,Own,3,5,5
1956,Baby Boomer,Poland,High,Retail,Employed,2674.0,29,28,Rent,7,2,3
1947,Baby Boomer,Czechia,Medium,Healthcare,Unemployed,2791.0,26,9,Rent,3,6,2
1986,Millennial,Netherlands,Low,Healthcare,Inactive,3311.0,26,7,With parents,2,8,2
1971,Gen X,Italy,Medium,Construction,Employed,3321.0,28,8,Rent,7,4,5
1993,Millennial,Czechia,High,Retail,Employed,2447.0,18,10,Own,8,1,1
1998,Gen Z,Sweden,High,Retail,Unemployed,614.0,16,21,With parents,9,7,6
1946,Baby Boomer,Netherlands,Medium,Manufacturing,Unemployed,2202.0,19,25,Rent,1,5,9
1993,Millennial,Germany,High,IT,Employed,2612.0,27,1,Own,9,2,1
1960,Baby Boomer,Poland,Low,Healthcare,Employed,2309.0,19,18,With parents,2,6,3
1946,Baby Boomer,Poland,High,Unemployed,Unemployed,3696.0,26,15,Rent,3,6,10
2004,Gen Z,France,Low,IT,Unemployed,3368.0,27,3,With parents,8,5,5
1998,Gen Z,France,Low,IT,Unemployed,2224.0,16,6,With parents,2,6,3
1974,Gen X,Sweden,Medium,Unemployed,Unemployed,2871.0,22,13,Rent,7,9,2
1964,Baby Boomer,Germany,Medium,Construction,Employed,880.0,20,11,Own,8,9,3
1982,Millennial,France,Medium,Education,Inactive,2370.0,16,20,Rent,10,7,7
1972,Gen X,Spain,High,Manufacturing,Unemployed,1063.0,20,33,Own,5,3,7
1969,Gen X,France,High,Healthcare,Employed,2039.0,27,20,With parents,3,9,5
1976,Gen X,France,Medium,Finance,Inactive,1589.0,22,35,Own,9,10,2
1954,Baby Boomer,Spain,Medium,Retail,Inactive,1614.0,21,6,Own,8,7,1
2004,Gen Z,Germany,Low,Retail,Unemployed,1469.0,25,20,With parents,3,4,3
1986,Millennial,Spain,Low,IT,Employed,1840.0,20,9,Rent,8,1,7
1984,Millennial,Poland,Medium,Unemployed,Employed,1685.0,23,20,With parents,3,10,1
1977,Gen X,Spain,Low,Manufacturing,Employed,2770.0,24,15,Own,6,6,7
1957,Baby Boomer,Italy,High,Manufacturing,Employed,1962.0,16,24,Rent,1,6,6
2000,Gen Z,Poland,Medium,Healthcare,Employed,2159.0,21,12,Rent,4,6,4
1985,Millennial,France,Low,Healthcare,Employed,2462.0,17,26,With parents,8,4,10
1998,Gen Z,Sweden,Medium,IT,Employed,2459.0,28,7,With parents,6,9,6
1986,Millennial,Poland,Low,IT,Inactive,1238.0,23,29,Own,5,5,4
1991,Millennial,Germany,Medium,IT,Employed,1962.0,20,30,Rent,6,1,5
1981,Millennial,Germany,High,Education,Employed,2414.0,16,6,Rent,7,4,3
1998,Gen Z,Spain,Medium,Manufacturing,Employed,1407.0,20,29,With parents,1,10,10
1960,Baby Boomer,Poland,Low,IT,Employed,1306.0,25,17,With parents,3,3,9
1989,Millennial,France,High,Construction,Inactive,1144.0,28,22,Own,1,8,1
1966,Gen X,Germany,Low,Manufacturing,Employed,2382.0,20,29,Own,9,6,7
2001,Gen Z,Netherlands,High,Finance,Employed,1936.0,17,29,Rent,4,10,5
1964,Baby Boomer,France,Medium,Retail,Employed,2064.0,19,7,With parents,2,10,9
1994,Millennial,Netherlands,Medium,Retail,Employed,598.0,28,11,Own,5,7,2
1987,Millennial,Italy,High,Manufacturing,Employed,2264.0,21,9,Rent,2,10,6
1971,Gen X,Netherlands,High,Finance,Employed,2309.0,16,6,Own,7,2,3
1985,Millennial,Czechia,Low,Retail,Employed,2437.0,26,16,Rent,4,1,4
1960,Baby Boomer,Germany,Medium,Retail,Employed,3498.0,24,31,Own,5,2,4
1978,Gen X,Spain,High,Retail,Unemployed,1516.0,22,4,With parents,9,6,2
1976,Gen X,Italy,Low,Healthcare,Employed,2639.0,21,20,Rent,2,5,1
1970,Gen X,Poland,Medium,Finance,Employed,2501.0,16,30,With parents,5,8,3
1969,Gen X,France,High,Unemployed,Employed,2610.0,23,14,With parents,4,4,10
1946,Baby Boomer,Germany,Medium,Healthcare,Employed,1921.0,23,12,Rent,3,3,8
1956,Baby Boomer,Italy,High,Manufacturing,Employed,2887.0,19,6,Own,1,4,3
1984,Millennial,Italy,High,Manufacturing,Employed,1544.0,19,23,Own,6,9,1
1953,Baby Boomer,Czechia,Medium,Education,Employed,1777.0,16,3,Rent,7,8,4
1956,Baby Boomer,Germany,High,Unemployed,Employed,2033.0,28,18,Rent,1,8,9
1970,Gen X,Poland,Medium,Healthcare,Employed,1994.0,24,34,With parents,6,6,6
1953,Baby Boomer,Poland,Medium,Manufacturing,Employed,2536.0,29,28,Rent,1,5,9
1954,Baby Boomer,Spain,Medium,Unemployed,Inactive,2434.0,23,35,Rent,6,8,1
1976,Gen X,Sweden,High,Healthcare,Employed,2442.0,28,33,Rent,4,4,1
2001,Gen Z,Netherlands,High,Education,Employed,3390.0,25,7,With parents,6,10,6
1978,Gen X,Poland,Medium,Manufacturing,Inactive,2013.0,22,1,With parents,1,6,3
1992,Millennial,Czechia,Medium,Manufacturing,Employed,3151.0,17,3,With parents,1,9,8
1964,Baby Boomer,Spain,High,Manufacturing,Employed,1242.0,22,1,With parents,3,3,4
1983,Millennial,Netherlands,Medium,Manufacturing,Employed,2085.0,19,29,Rent,6,9,9
2004,Gen Z,Italy,Low,IT,Employed,2140.0,18,28,With parents,3,8,6
1946,Baby Boomer,Germany,Medium,Finance,Employed,1023.0,26,3,Rent,7,3,2
1945,Baby Boomer,Poland,High,Finance,Inactive,2241.0,29,20,With parents,4,7,1
1995,Millennial,Spain,High,Healthcare,Employed,2304.0,27,8,Rent,9,5,10
2004,Gen Z,Italy,High,Healthcare,Employed,2738.0,25,1,Own,7,7,2
1980,Gen X,Poland,Low,Unemployed,Employed,2634.0,19,19,With parents,4,4,1
1968,Gen X,France,High,Unemployed,Employed,1050.0,25,32,Rent,9,3,8
1998,Gen Z,Sweden,Medium,Healthcare,Employed,3276.0,28,5,Rent,5,7,2
1971,Gen X,Italy,High,Education,Employed,1784.0,21,28,With parents,4,6,9
1946,Baby Boomer,Czechia,Medium,Construction,Employed,1656.0,22,15,With parents,2,5,9
1975,Gen X,Czechia,Low,IT,Employed,2641.0,17,35,Rent,9,4,9
2001,Gen Z,Poland,Medium,Construction,Inactive,2966.0,22,4,Own,10,6,10
1958,Baby Boomer,Czechia,Medium,Healthcare,Employed,1775.0,25,8,With parents,8,1,6
1946,Baby Boomer,Italy,High,Unemployed,Employed,2160.0,17,31,Own,6,8,8
1973,Gen X,Germany,High,Unemployed,Employed,3020.0,26,33,Rent,1,6,10
1959,Baby Boomer,Germany,Medium,Healthcare,Employed,1362.0,17,28,Rent,8,5,3
1956,Baby Boomer,Sweden,High,Manufacturing,Employed,0.0,16,30,Own,4,8,9
1981,Millennial,Germany,Medium,Unemployed,Unemployed,2684.0,28,2,With parents,1,4,9
1972,Gen X,Netherlands,High,Construction,Employed,3024.0,26,24,Rent,3,2,10
1964,Baby Boomer,France,High,Unemployed,Employed,765.0,22,35,With parents,6,5,5
1983,Millennial,Germany,High,Manufacturing,Inactive,2182.0,16,12,With parents,2,7,9
1968,Gen X,Czechia,Medium,Unemployed,Employed,1752.0,18,18,Own,8,5,10
1965,Gen X,France,Medium,Construction,Unemployed,2316.0,26,15,Rent,5,7,8
1954,Baby Boomer,Germany,High,Construction,Employed,338.0,23,29,With parents,5,2,7
1990,Millennial,Netherlands,Medium,Manufacturing,Employed,1059.0,16,34,With parents,1,1,10
1958,Baby Boomer,Czechia,High,Healthcare,Inactive,2604.0,27,1,With parents,9,3,4
1981,Millennial,Italy,High,Manufacturing,Unemployed,2080.0,29,0,Rent,2,1,5
1962,Baby Boomer,Poland,Medium,Healthcare,Employed,3554.0,29,2,Own,9,3,1
1968,Gen X,Poland,High,Construction,Employed,2730.0,21,25,Own,10,3,5
1958,Baby Boomer,Germany,High,Education,Employed,1333.0,27,27,Rent,10,8,2
1978,Gen X,Poland,Medium,Education,Employed,2847.0,17,26,Own,1,5,1
2002,Gen Z,Germany,Medium,Retail,Inactive,3738.0,24,13,Own,10,3,2
1956,Baby Boomer,Germany,High,Unemployed,Employed,2135.0,17,23,Own,8,5,8
1966,Gen X,Czechia,Medium,IT,Employed,2563.0,21,34,Own,3,8,6
2000,Gen Z,Sweden,Low,Manufacturing,Unemployed,2943.0,19,33,Own,3,10,6
1950,Baby Boomer,Spain,High,Finance,Unemployed,2050.0,24,23,With parents,7,10,9
1980,Gen X,Spain,Medium,Manufacturing,Employed,296.0,16,5,Rent,7,1,2
1989,Millennial,Sweden,High,IT,Unemployed,2700.0,16,30,With parents,7,7,1
1980,Gen X,Spain,Low,Unemployed,Employed,2920.0,25,28,With parents,7,5,5
1966,Gen X,France,Low,Unemployed,Unemployed,3517.0,18,35,Rent,3,4,4
1958,Baby Boomer,Spain,High,Construction,Employed,1210.0,26,28,With parents,8,3,4
1960,Baby Boomer,Germany,Low,IT,Inactive,1251.0,21,12,Own,1,7,8
1980,Gen X,Netherlands,High,Construction,Employed,1580.0,18,7,With parents,3,10,2
2000,Gen Z,Netherlands,High,Retail,Employed,2049.0,22,14,Rent,8,2,1
1969,Gen X,Italy,High,IT,Employed,2685.0,24,32,With parents,2,8,2
1976,Gen X,Czechia,Low,Healthcare,Unemployed,1191.0,27,24,Own,7,4,9
1977,Gen X,Spain,Medium,Manufacturing,Unemployed,3054.0,25,15,Rent,4,10,7
1989,Millennial,Netherlands,High,IT,Employed,3009.0,17,20,With parents,6,2,4
1980,Gen X,Spain,Medium,Healthcare,Employed,3035.0,19,16,Own,9,2,10
1964,Baby Boomer,Czechia,Medium,IT,Employed,1921.0,18,33,Rent,8,10,9
1962,Baby Boomer,Italy,Medium,Finance,Employed,188.0,21,12,Rent,4,1,10
1982,Millennial,Netherlands,Low,Healthcare,Employed,3641.0,20,33,Own,7,10,10
1947,Baby Boomer,Germany,High,Education,Employed,1666.0,27,14,Rent,3,8,6
1967,Gen X,France,High,Unemployed,Employed,2846.0,18,21,Rent,9,8,8
1976,Gen X,Sweden,High,Healthcare,Employed,2310.0,24,3,With parents,2,6,5
1989,Millennial,Sweden,Medium,Retail,Inactive,3216.0,27,22,Own,6,2,10
2003,Gen Z,Sweden,High,Construction,Employed,2154.0,23,12,With parents,5,3,2
1960,Baby Boomer,Spain,Low,Healthcare,Employed,2262.0,18,7,With parents,4,9,10
2003,Gen Z,Netherlands,Medium,IT,Employed,2362.0,25,0,With parents,2,7,9
1949,Baby Boomer,Czechia,Medium,Education,Employed,2576.0,20,16,Own,9,5,5
1948,Baby Boomer,Czechia,High,Unemployed,Employed,1088.0,20,16,Rent,5,5,4
1965,Gen X,Netherlands,High,Unemployed,Employed,3888.0,20,7,Own,1,7,8
1984,Millennial,Italy,High,Education,Employed,2136.0,23,2,Rent,5,1,2
1995,Millennial,Germany,High,Healthcare,Employed,2718.0,18,28,Own,7,1,7
1958,Baby Boomer,Poland,High,IT,Employed,3564.0,18,21,Rent,3,3,3
1983,Millennial,Netherlands,Low,Unemployed,Employed,2193.0,23,1,With parents,7,9,6
1975,Gen X,France,High,Education,Employed,1304.0,24,1,With parents,6,8,2
1958,Baby Boomer,Italy,Medium,Finance,Employed,1275.0,20,16,Rent,7,3,3
1950,Baby Boomer,Netherlands,Medium,Healthcare,Employed,1795.0,25,8,With parents,9,8,10
1956,Baby Boomer,Netherlands,Low,Healthcare,Employed,2500.0,23,32,Own,2,4,7
1960,Baby Boomer,Italy,Medium,Construction,Employed,2594.0,29,28,Own,2,7,1
1961,Baby Boomer,Italy,Medium,Unemployed,Unemployed,3217.0,20,28,Own,1,2,7
1989,Millennial,Spain,Medium,Unemployed,Inactive,817.0,27,5,Rent,2,5,7
1967,Gen X,Netherlands,Medium,Unemployed,Employed,2400.0,19,5,Rent,3,5,9
1958,Baby Boomer,Poland,High,Healthcare,Employed,2754.0,17,0,Own,7,5,5
1951,Baby Boomer,France,High,Education,Employed,2720.0,26,15,Rent,3,9,8
1990,Millennial,Germany,Medium,Manufacturing,Employed,25.0,29,10,Own,8,9,3
1976,Gen X,Germany,Medium,IT,Employed,1865.0,28,21,With parents,3,2,1
1959,Baby Boomer,Poland,Low,Retail,Employed,2932.0,29,33,With parents,2,10,2
1988,Millennial,Czechia,Medium,Retail,Unemployed,1469.0,19,0,With parents,10,9,5
1961,Baby Boomer,Italy,Low,Unemployed,Employed,1132.0,17,12,Own,10,1,10
1985,Millennial,Italy,High,IT,Inactive,2708.0,22,27,Rent,4,5,9
1998,Gen Z,Czechia,Medium,Manufacturing,Employed,2469.0,22,12,Own,4,10,4
1991,Millennial,Italy,Low,Construction,Employed,2407.0,24,29,Own,5,1,7
1988,Millennial,Czechia,Medium,Construction,Employed,1618.0,27,35,Own,5,3,10
1978,Gen X,Netherlands,Medium,Construction,Employed,1017.0,19,3,With parents,3,10,7
1949,Baby Boomer,Czechia,Medium,Construction,Inactive,3054.0,20,13,With parents,1,6,1
1989,Millennial,Italy,Low,IT,Employed,5204.0,26,35,With parents,8,10,2
1971,Gen X,Italy,High,Healthcare,Employed,742.0,19,22,Own,10,9,8
1996,Millennial,Netherlands,Medium,Finance,Employed,3118.0,19,4,Rent,2,4,4
1967,Gen X,Czechia,Low,IT,Employed,2046.0,20,14,Rent,5,2,8
1984,Millennial,Netherlands,Low,IT,Employed,2485.0,18,22,Rent,2,5,8
2003,Gen Z,Poland,Medium,Finance,Employed,2146.0,29,7,Rent,6,1,7
1958,Baby Boomer,Spain,Low,Education,Employed,4176.0,24,10,Rent,7,10,2
1959,Baby Boomer,Netherlands,Low,Retail,Inactive,1478.0,29,6,Rent,7,7,6
1987,Millennial,France,Medium,Unemployed,Employed,1659.0,22,22,Own,1,2,1
1977,Gen X,Italy,Medium,Retail,Employed,2269.0,16,26,With parents,9,8,5
1997,Gen Z,Spain,Low,Unemployed,Employed,2711.0,16,30,Rent,1,9,4
1975,Gen X,Germany,Medium,Healthcare,Unemployed,3401.0,16,1,With parents,8,2,10
1979,Gen X,Poland,Medium,Finance,Employed,2642.0,18,30,Own,1,2,2
1961,Baby Boomer,Czechia,Low,Construction,Inactive,2403.0,24,7,Rent,3,10,5
1972,Gen X,Spain,Medium,Construction,Employed,1802.0,28,0,With parents,10,9,1
1963,Baby Boomer,Netherlands,Low,Healthcare,Employed,2661.0,28,24,Own,4,8,3
1990,Millennial,Italy,Low,Education,Employed,1558.0,23,16,Own,9,7,7
1998,Gen Z,Italy,Medium,Healthcare,Inactive,2382.0,28,29,Rent,8,1,4
1967,Gen X,Italy,Low,Finance,Employed,2004.0,24,23,With parents,5,9,7
1976,Gen X,Spain,Low,Finance,Employed,1316.0,20,30,Rent,4,4,7
1984,Millennial,Italy,Medium,Manufacturing,Employed,3603.0,22,12,Rent,10,6,6
1957,Baby Boomer,Netherlands,High,Education,Employed,1318.0,28,14,Rent,9,2,3
2003,Gen Z,Czechia,High,Finance,Employed,1845.0,25,25,Rent,1,5,10
1964,Baby Boomer,Spain,High,Finance,Unemployed,774.0,24,31,Own,6,1,8
1979,Gen X,Italy,High,Education,Inactive,2049.0,20,34,Own,8,5,10
1949,Baby Boomer,Germany,High,Construction,Inactive,2590.0,23,15,Own,7,8,4
1953,Baby Boomer,Germany,High,IT,Employed,1384.0,23,8,With parents,8,5,2
1973,Gen X,France,Medium,Construction,Employed,563.0,29,18,Rent,3,7,2
1950,Baby Boomer,Italy,Medium,IT,Employed,1862.0,18,2,Own,5,8,1
1969,Gen X,Italy,Low,Manufacturing,Employed,2059.0,20,25,Own,1,1,1
1975,Gen X,Spain,Medium,Construction,Unemployed,1988.0,23,7,Own,8,8,1
1966,Gen X,Spain,High,Finance,Employed,3627.0,25,5,Own,2,1,9
1946,Baby Boomer,Sweden,Medium,Education,Inactive,2501.0,18,4,Own,10,8,3
1989,Millennial,Czechia,High,Education,Unemployed,2431.0,18,20,With parents,3,10,7
1949,Baby Boomer,Italy,Medium,Unemployed,Employed,2497.0,21,26,With parents,10,2,5
2004,Gen Z,France,Medium,IT,Employed,2491.0,22,7,With parents,2,4,7
1971,Gen X,Czechia,Medium,Construction,Employed,1801.0,22,21,Rent,1,1,7
1969,Gen X,Italy,Medium,Retail,Employed,1358.0,21,22,With parents,2,1,6
1952,Baby Boomer,Czechia,Medium,Retail,Employed,4424.0,22,24,With parents,10,4,5
1999,Gen Z,Netherlands,High,Finance,Inactive,2068.0,29,6,Rent,2,4,9
1945,Baby Boomer,Spain,High,IT,Employed,2219.0,22,13,With parents,6,4,7
1964,Baby Boomer,Italy,High,Finance,Employed,2241.0,19,28,With parents,4,8,1
1988,Millennial,Czechia,Low,Healthcare,Unemployed,1519.0,23,16,With parents,10,4,8
1967,Gen X,Spain,High,Education,Unemployed,2361.0,23,5,Own,4,5,2
1976,Gen X,Italy,Medium,Construction,Unemployed,1049.0,17,31,Own,1,10,5
1955,Baby Boomer,Poland,Medium,Construction,Employed,2844.0,25,18,Rent,10,2,3
1983,Millennial,Spain,High,Finance,Employed,1969.0,20,26,Rent,2,10,5
1991,Millennial,Czechia,Medium,Manufacturing,Employed,3215.0,17,29,Rent,3,10,10
1998,Gen Z,France,Low,Construction,Employed,2666.0,18,32,Rent,9,9,10
1968,Gen X,Poland,Medium,Retail,Employed,2554.0,18,10,Rent,5,7,8
1955,Baby Boomer,Netherlands,High,Finance,Employed,1486.0,20,9,Own,4,1,10
1973,Gen X,Italy,Medium,Healthcare,Inactive,2263.0,23,28,Own,10,4,1
1998,Gen Z,Sweden,Medium,Education,Employed,2880.0,18,21,With parents,3,7,8
1970,Gen X,Netherlands,Medium,Unemployed,Employed,2305.0,22,19,With parents,10,9,2
1960,Baby Boomer,Spain,High,Construction,Employed,978.0,20,18,Own,1,4,4
1979,Gen X,Poland,High,Unemployed,Employed,3087.0,29,23,Own,1,7,6
1964,Baby Boomer,Netherlands,Medium,Healthcare,Employed,2880.0,27,27,With parents,10,8,8
1990,Millennial,France,Low,Unemployed,Employed,849.0,25,1,With parents,8,8,6
1947,Baby Boomer,Sweden,Medium,Finance,Inactive,2313.0,25,17,Rent,10,3,3
1945,Baby Boomer,Spain,Medium,Education,Employed,2934.0,25,17,With parents,9,5,4
2002,Gen Z,Poland,High,Education,Employed,1660.0,19,1,Own,3,7,2
1997,Gen Z,Netherlands,Low,IT,Employed,1007.0,17,22,Rent,9,6,9
1991,Millennial,Poland,Medium,IT,Employed,1233.0,21,14,Rent,8,8,9
1945,Baby Boomer,Poland,High,Unemployed,Inactive,2102.0,19,24,Rent,1,2,7
1961,Baby Boomer,Netherlands,Medium,Manufacturing,Employed,3038.0,19,17,Rent,6,8,10
1946,Baby Boomer,Germany,High,Manufacturing,Employed,1221.0,20,20,Own,9,10,5
1973,Gen X,Italy,High,Construction,Employed,1228.0,29,31,Own,4,9,3
1964,Baby Boomer,Czechia,High,Unemployed,Unemployed,1927.0,24,18,With parents,9,3,1
1950,Baby Boomer,Spain,Medium,Healthcare,Employed,2819.0,16,17,With parents,2,5,6
1952,Baby Boomer,Spain,Medium,IT,Employed,3778.0,20,23,Own,10,8,4
1973,Gen X,Sweden,High,Education,Employed,2279.0,20,29,Own,9,5,2
1992,Millennial,Sweden,Medium,IT,Inactive,1593.0,28,28,With parents,1,2,10
1995,Millennial,Sweden,Low,Unemployed,Unemployed,1483.0,17,20,Own,4,10,7
1977,Gen X,Spain,Medium,Education,Employed,3435.0,18,20,Own,5,4,2
1947,Baby Boomer,Poland,Medium,IT,Unemployed,1063.0,28,1,Rent,2,10,2
2004,Gen Z,Sweden,High,Education,Employed,2374.0,19,0,Own,6,9,8
1979,Gen X,Netherlands,Low,Unemployed,Employed,3386.0,16,21,Rent,8,9,8
1949,Baby Boomer,Italy,Low,Healthcare,Employed,2058.0,25,18,Own,2,10,8
1971,Gen X,France,High,IT,Unemployed,1227.0,29,18,With parents,9,8,4
1988,Millennial,Spain,High,Retail,Employed,2676.0,18,1,Own,2,6,7
1956,Baby Boomer,Netherlands,Medium,Retail,Unemployed,2294.0,16,28,Own,1,5,8
1964,Baby Boomer,Italy,Medium,Education,Employed,2623.0,16,22,With parents,6,5,9
1989,Millennial,Italy,Medium,Healthcare,Unemployed,2721.0,24,26,With parents,5,1,2
1964,Baby Boomer,Germany,Medium,Education,Employed,2666.0,19,22,With parents,10,7,10
1953,Baby Boomer,Czechia,High,Healthcare,Employed,2466.0,19,27,Own,3,5,7
1983,Millennial,Netherlands,Low,Unemployed,Employed,2809.0,19,27,With parents,3,3,4
1948,Baby Boomer,Spain,Low,Manufacturing,Employed,3414.0,26,4,Own,8,5,10
1995,Millennial,Sweden,Low,IT,Employed,1495.0,24,17,With parents,4,1,3
1998,Gen Z,Poland,Medium,Healthcare,Employed,1961.0,28,29,Own,1,4,6
1963,Baby Boomer,Sweden,Low,Unemployed,Inactive,2914.0,26,23,With parents,4,10,6
1982,Millennial,Italy,Low,Education,Employed,2134.0,27,15,With parents,6,2,8
1971,Gen X,Italy,High,Construction,Employed,1063.0,23,28,Rent,2,4,6
1989,Millennial,France,Low,Construction,Employed,2500.0,19,29,Own,7,4,10
1987,Millennial,Sweden,High,Manufacturing,Employed,1758.0,27,24,With parents,1,8,1
1957,Baby Boomer,Czechia,Medium,Construction,Employed,4108.0,21,0,Own,10,7,5
1957,Baby Boomer,Czechia,Medium,Education,Unemployed,3094.0,17,30,With parents,9,1,7
2004,Gen Z,Germany,Low,Retail,Employed,3244.0,21,30,Own,2,3,3
2001,Gen Z,Czechia,Low,Retail,Unemployed,2238.0,16,32,Own,9,8,10
1966,Gen X,Italy,Medium,IT,Employed,2479.0,20,11,Own,1,3,9
1972,Gen X,Italy,Medium,Finance,Inactive,1892.0,23,24,Rent,4,6,3
1996,Millennial,Czechia,High,IT,Employed,1446.0,16,22,Own,5,10,10
1991,Millennial,Poland,High,Construction,Employed,1379.0,26,27,With parents,8,10,6
1997,Gen Z,Poland,Medium,Manufacturing,Employed,4123.0,17,32,Rent,5,2,2
1989,Millennial,Czechia,Medium,Construction,Inactive,2557.0,18,25,Own,1,2,4
1966,Gen X,France,High,Retail,Employed,1010.0,22,23,With parents,1,3,2
1987,Millennial,Netherlands,Medium,Unemployed,Employed,3065.0,27,4,Own,2,3,9
1963,Baby Boomer,France,High,Healthcare,Employed,4561.0,23,16,Rent,9,8,2
1952,Baby Boomer,France,High,Retail,Inactive,818.0,19,14,With parents,1,2,8
1996,Millennial,Czechia,Low,Finance,Employed,2740.0,28,1,With parents,3,2,4
1952,Baby Boomer,Poland,Medium,IT,Employed,1190.0,23,33,With parents,8,8,2
1986,Millennial,Sweden,Medium,Education,Unemployed,3240.0,16,19,Rent,1,5,7
1970,Gen X,Sweden,High,Construction,Inactive,275.0,18,29,With parents,4,9,4
1992,Millennial,Czechia,Medium,Manufacturing,Unemployed,2271.0,29,15,Own,8,7,9
1995,Millennial,Sweden,High,Finance,Inactive,2599.0,19,3,Own,6,7,2
1970,Gen X,Netherlands,Medium,Retail,Employed,954.0,20,30,With parents,6,7,8
1967,Gen X,Poland,Low,Healthcare,Employed,2600.0,28,25,Rent,1,5,1
1987,Millennial,Czechia,Low,Finance,Employed,1782.0,26,11,With parents,7,8,10
1957,Baby Boomer,Germany,Medium,Unemployed,Unemployed,3751.0,24,1,With parents,1,8,4
1972,Gen X,Spain,Medium,Unemployed,Unemployed,919.0,17,7,With parents,3,3,3
1953,Baby Boomer,Spain,Medium,Healthcare,Inactive,3018.0,28,13,Own,1,10,9
1964,Baby Boomer,Czechia,Medium,Healthcare,Employed,2110.0,22,23,Own,8,8,4
2000,Gen Z,Czechia,Low,Manufacturing,Employed,3364.0,18,24,Rent,4,5,5
1963,Baby Boomer,Germany,Low,Unemployed,Employed,3385.0,27,6,Rent,5,3,10
1992,Millennial,Sweden,High,Healthcare,Employed,1974.0,25,31,Rent,1,9,3
1983,Millennial,Spain,Medium,Healthcare,Employed,2160.0,17,22,Own,1,4,2
1995,Millennial,Netherlands,Medium,Unemployed,Unemployed,3018.0,24,25,Own,10,6,8
1956,Baby Boomer,Czechia,High,Retail,Employed,2670.0,18,6,Own,1,10,9
1959,Baby Boomer,Poland,High,Manufacturing,Employed,2094.0,23,3,Own,3,3,8
1975,Gen X,Spain,Low,Unemployed,Employed,1450.0,16,24,Rent,6,3,3
1999,Gen Z,Netherlands,Medium,Unemployed,Unemployed,2529.0,20,17,Own,5,5,1
1958,Baby Boomer,Poland,High,Education,Employed,1200.0,20,6,Rent,10,3,2
1955,Baby Boomer,Czechia,High,Unemployed,Unemployed,2783.0,21,21,Own,7,1,7
1970,Gen X,Netherlands,High,Education,Employed,3200.0,22,3,With parents,1,2,9
1986,Millennial,Germany,Low,Healthcare,Employed,1456.0,18,28,Rent,8,6,2
1971,Gen X,Czechia,Low,Finance,Employed,1824.0,27,23,Rent,5,2,6
1955,Baby Boomer,France,Medium,Unemployed,Unemployed,1632.0,29,11,Own,6,10,9
1982,Millennial,Germany,High,IT,Employed,3148.0,29,8,Rent,2,8,10
1978,Gen X,Spain,Medium,Manufacturing,Inactive,2249.0,28,14,With parents,9,6,4
1987,Millennial,Poland,Low,Construction,Employed,1871.0,20,12,Rent,3,6,5
1963,Baby Boomer,Netherlands,High,IT,Employed,2783.0,27,29,Rent,5,6,8
1950,Baby Boomer,Spain,Medium,Manufacturing,Employed,1767.0,23,34,With parents,10,5,5
1990,Millennial,Spain,Low,Manufacturing,Employed,2017.0,21,34,Own,8,2,5
1996,Millennial,Czechia,Low,Retail,Employed,1197.0,17,25,Own,1,6,4
1982,Millennial,France,Medium,Unemployed,Employed,2955.0,22,18,With parents,4,8,7
1993,Millennial,Sweden,Medium,Healthcare,Unemployed,1217.0,18,20,Rent,5,10,3
1986,Millennial,Spain,Medium,Retail,Employed,3490.0,25,20,Own,6,7,5
1972,Gen X,France,Low,Unemployed,Employed,2415.0,24,12,Own,3,3,8
1945,Baby Boomer,Poland,Low,Finance,Employed,2059.0,19,20,Own,4,6,9
1979,Gen X,Poland,Medium,Construction,Employed,2188.0,26,23,With parents,3,8,7
1984,Millennial,Netherlands,Medium,IT,Employed,3739.0,19,25,With parents,4,7,7
1952,Baby Boomer,Sweden,Low,IT,Inactive,988.0,19,30,Rent,7,1,7
2003,Gen Z,France,Medium,Education,Employed,1055.0,25,29,With parents,9,7,1
1996,Millennial,Germany,Low,Finance,Unemployed,3063.0,25,23,With parents,9,4,9
1998,Gen Z,Poland,Low,Construction,Employed,1371.0,23,31,With parents,5,10,3
1991,Millennial,Czechia,Low,Finance,Employed,1535.0,16,29,Own,6,3,10
2000,Gen Z,Sweden,Low,Unemployed,Employed,1801.0,18,25,With parents,9,8,4
1951,Baby Boomer,Netherlands,Medium,Retail,Employed,3213.0,23,17,With parents,4,2,5
1955,Baby Boomer,Germany,Medium,Unemployed,Employed,2929.0,27,11,Own,7,7,10
1983,Millennial,Poland,High,Retail,Employed,2073.0,22,20,With parents,3,6,5
1948,Baby Boomer,Poland,Low,Finance,Inactive,2560.0,21,22,With parents,9,8,10
1969,Gen X,Netherlands,Low,Retail,Inactive,2539.0,22,27,Own,9,4,8
1956,Baby Boomer,Netherlands,Medium,Education,Employed,1298.0,16,16,Rent,10,2,3
1970,Gen X,Italy,High,Unemployed,Unemployed,1359.0,23,14,With parents,5,9,4
1982,Millennial,Czechia,Medium,Construction,Employed,367.0,19,22,Rent,4,3,6
1990,Millennial,Spain,Medium,Construction,Employed,3542.0,16,33,Rent,10,3,7
1956,Baby Boomer,Spain,Medium,Retail,Inactive,1597.0,19,27,Rent,10,5,4
1987,Millennial,Germany,Low,Retail,Employed,2212.0,17,3,Own,9,9,2
1995,Millennial,Spain,High,Construction,Unemployed,2685.0,20,11,Rent,5,1,1
1997,Gen Z,Germany,Medium,Finance,Employed,1326.0,16,1,Own,1,4,9
1981,Millennial,Sweden,High,Construction,Employed,1437.0,16,24,With parents,2,10,9
1990,Millennial,Poland,Medium,Finance,Employed,1371.0,20,23,Rent,10,4,6
1997,Gen Z,Italy,Medium,Retail,Inactive,0.0,17,30,Rent,7,2,7
1968,Gen X,Italy,Low,Retail,Employed,2141.0,24,3,Rent,3,8,7
1960,Baby Boomer,Czechia,Medium,Unemployed,Employed,4303.0,25,33,With parents,1,1,1
2001,Gen Z,Czechia,Low,Unemployed,Employed,1724.0,22,5,With parents,9,10,6
1957,Baby Boomer,Poland,Medium,Finance,Employed,1748.0,29,30,Own,4,6,7
1969,Gen X,Netherlands,Medium,IT,Employed,1867.0,19,23,Own,3,7,8
1998,Gen Z,Czechia,High,Healthcare,Unemployed,2480.0,29,24,Own,5,3,9
1998,Gen Z,Czechia,Medium,IT,Inactive,2993.0,22,4,Own,1,10,6
2001,Gen Z,France,Medium,Retail,Unemployed,1449.0,23,9,Own,1,5,2
1996,Millennial,France,Low,Manufacturing,Inactive,2616.0,23,17,Own,1,10,1
1998,Gen Z,Spain,Medium,Manufacturing,Unemployed,2123.0,23,28,With parents,7,2,7
1948,Baby Boomer,Netherlands,Low,Education,Inactive,2469.0,27,10,Rent,7,6,5
1955,Baby Boomer,Germany,High,IT,Employed,2606.0,20,29,Rent,9,3,8
1976,Gen X,Sweden,High,Finance,Employed,1323.0,22,4,Rent,5,1,1
1993,Millennial,Italy,Medium,Unemployed,Inactive,1727.0,26,5,With parents,2,3,7
1951,Baby Boomer,Spain,Low,Education,Employed,2616.0,22,13,With parents,9,9,1
1990,Millennial,Czechia,Medium,Education,Inactive,2074.0,17,15,Own,4,7,9
2002,Gen Z,Poland,High,Manufacturing,Employed,2913.0,18,13,Own,5,4,2
1955,Baby Boomer,Netherlands,Medium,IT,Inactive,2000.0,26,32,Rent,1,7,10
1972,Gen X,Czechia,Low,Healthcare,Employed,3109.0,17,4,Rent,2,6,9
1998,Gen Z,Italy,High,Construction,Employed,434.0,18,13,With parents,8,10,10
1985,Millennial,Germany,High,Finance,Employed,2491.0,24,8,With parents,2,2,6
1967,Gen X,Germany,Low,IT,Employed,1039.0,22,26,Rent,8,2,4
1989,Millennial,France,High,Unemployed,Inactive,3209.0,19,2,With parents,1,10,4
1967,Gen X,Spain,Medium,Education,Employed,2066.0,29,9,Rent,9,3,4
1994,Millennial,Czechia,Medium,Retail,Inactive,1894.0,23,10,Rent,9,6,9
1972,Gen X,Poland,Medium,Education,Employed,1456.0,28,33,Rent,9,4,10
1987,Millennial,Italy,High,IT,Inactive,2797.0,22,0,Rent,6,8,5
1991,Millennial,Czechia,Medium,Manufacturing,Employed,2711.0,25,9,Rent,2,7,2
2001,Gen Z,Sweden,Low,Construction,Employed,1947.0,28,5,Rent,1,6,4
1970,Gen X,Germany,High,IT,Employed,2799.0,21,7,Rent,6,8,5
1969,Gen X,Czechia,Low,Healthcare,Inactive,2399.0,19,30,Own,4,5,3
1998,Gen Z,Italy,High,Finance,Employed,2277.0,20,5,With parents,8,9,1
1973,Gen X,Poland,Medium,Finance,Employed,2905.0,25,30,With parents,8,1,9
1963,Baby Boomer,Italy,Low,Retail,Employed,3830.0,23,33,Rent,2,4,2
1977,Gen X,Spain,Low,Retail,Employed,2454.0,28,28,With parents,2,2,1
1980,Gen X,France,High,Education,Inactive,2455.0,18,2,Own,4,6,8
1958,Baby Boomer,Italy,Medium,IT,Employed,3027.0,26,21,With parents,9,9,2
1958,Baby Boomer,Netherlands,Medium,Finance,Employed,1343.0,27,11,Own,6,8,7
1979,Gen X,Czechia,Medium,Manufacturing,Inactive,2035.0,18,18,Own,7,9,1
1974,Gen X,France,High,Healthcare,Employed,1853.0,20,6,Rent,3,6,8
1972,Gen X,Poland,Medium,Education,Unemployed,2470.0,24,22,With parents,7,9,1
1961,Baby Boomer,France,Medium,IT,Employed,2395.0,20,12,With parents,3,6,5
1947,Baby Boomer,Italy,Medium,Manufacturing,Inactive,3783.0,16,3,Own,2,5,10
1960,Baby Boomer,Italy,High,IT,Employed,3549.0,20,20,Rent,2,3,7
1990,Millennial,Netherlands,Medium,Manufacturing,Unemployed,837.0,24,13,Rent,9,3,7
1974,Gen X,Germany,Low,Unemployed,Employed,2522.0,22,35,Own,7,9,1
1996,Millennial,Czechia,High,Construction,Employed,2837.0,24,6,With parents,5,9,7
1973,Gen X,Netherlands,High,IT,Employed,2276.0,25,12,Rent,3,3,1
1989,Millennial,Italy,Low,IT,Employed,1736.0,25,34,Own,8,3,3
1959,Baby Boomer,Sweden,High,Unemployed,Employed,3441.0,29,32,Rent,2,5,2
1990,Millennial,France,Medium,Construction,Employed,2497.0,20,10,Own,3,1,2
2000,Gen Z,Netherlands,Low,Finance,Inactive,1261.0,18,24,Rent,5,1,2
1969,Gen X,Netherlands,Low,Education,Employed,3078.0,17,23,Rent,1,2,8
1995,Millennial,Czechia,Medium,IT,Employed,2621.0,24,21,Rent,6,10,3
1982,Millennial,Sweden,High,IT,Employed,1621.0,20,21,Rent,2,6,4
1986,Millennial,Sweden,Low,Education,Employed,1513.0,26,14,Own,7,2,4
2003,Gen Z,Sweden,Medium,Education,Employed,1483.0,28,17,Rent,7,2,6
1991,Millennial,Czechia,Medium,Retail,Inactive,3265.0,16,31,With parents,1,6,4
1997,Gen Z,Germany,Medium,Retail,Inactive,2731.0,17,35,With parents,4,9,1
1998,Gen Z,Italy,Low,Finance,Employed,3061.0,17,9,With parents,1,4,1
1996,Millennial,Italy,Low,Education,Employed,2384.0,27,8,Rent,10,3,1
2002,Gen Z,Poland,Medium,Construction,Employed,1587.0,19,24,With parents,7,2,2
1982,Millennial,Czechia,High,Healthcare,Employed,1485.0,29,3,Rent,5,2,7
1967,Gen X,Germany,Medium,Finance,Employed,3166.0,21,35,Rent,8,2,3
1969,Gen X,Poland,Medium,Manufacturing,Unemployed,2602.0,23,6,Own,1,7,7
1986,Millennial,Poland,Medium,Unemployed,Employed,1961.0,29,25,With parents,10,6,7
1951,Baby Boomer,Poland,Medium,Education,Inactive,2219.0,28,19,Own,4,7,1
1966,Gen X,Czechia,High,Retail,Employed,3098.0,28,20,Rent,9,3,3
1961,Baby Boomer,Spain,High,Unemployed,Employed,2707.0,18,4,Rent,10,2,4
1962,Baby Boomer,Poland,Low,IT,Inactive,2117.0,29,29,Own,1,5,1
1993,Millennial,Netherlands,Medium,Education,Employed,2158.0,25,35,Rent,3,10,8
1985,Millennial,France,Medium,Education,Employed,1669.0,29,22,Own,2,7,5
1954,Baby Boomer,Netherlands,Medium,Retail,Employed,2221.0,25,22,With parents,9,2,8
1954,Baby Boomer,Netherlands,Medium,Retail,Employed,1941.0,21,5,Rent,10,6,6
2001,Gen Z,Italy,High,Healthcare,Employed,2155.0,19,22,Rent,5,9,6
1951,Baby Boomer,Spain,High,Finance,Employed,1713.0,23,14,Own,6,8,9
1992,Millennial,Czechia,Medium,Retail,Employed,994.0,24,0,Rent,8,5,4
1994,Millennial,Poland,High,Retail,Unemployed,3058.0,24,35,With parents,9,5,9
1982,Millennial,Italy,High,Retail,Employed,2716.0,29,27,With parents,8,4,6
1971,Gen X,Germany,High,Unemployed,Employed,1961.0,27,9,With parents,8,5,9
1996,Millennial,Germany,High,Finance,Employed,1910.0,28,32,Rent,1,5,2
1977,Gen X,Czechia,Medium,IT,Employed,950.0,21,23,Own,10,10,2
1945,Baby Boomer,Italy,Medium,Education,Employed,3159.0,29,5,With parents,1,7,1
1988,Millennial,France,High,Education,Employed,3329.0,17,13,With parents,8,2,9
1997,Gen Z,Czechia,High,Retail,Employed,2121.0,17,31,Rent,1,5,6
2004,Gen Z,Italy,High,Construction,Employed,2494.0,29,18,Own,5,2,4
1978,Gen X,Italy,Low,Construction,Unemployed,1310.0,25,5,Own,4,5,9
1948,Baby Boomer,Spain,Medium,Finance,Inactive,2277.0,24,19,With parents,5,8,5
1961,Baby Boomer,Czechia,Low,Healthcare,Employed,1581.0,20,24,Own,8,5,6
1948,Baby Boomer,Germany,Medium,Retail,Employed,1584.0,22,19,With parents,10,3,1
1987,Millennial,Germany,Low,Unemployed,Employed,1940.0,21,10,Rent,8,5,8
1998,Gen Z,Poland,Low,Finance,Employed,1818.0,24,31,With parents,4,10,7
1970,Gen X,Netherlands,Low,Finance,Employed,2085.0,20,28,Rent,8,1,10
1948,Baby Boomer,Czechia,Medium,Unemployed,Inactive,3151.0,23,29,With parents,10,10,3
1945,Baby Boomer,Italy,Medium,Healthcare,Employed,299.0,19,28,Rent,5,2,5
1951,Baby Boomer,Czechia,Low,Finance,Inactive,1720.0,28,21,Rent,4,1,9
1974,Gen X,Italy,Medium,Unemployed,Employed,2769.0,22,10,Own,7,1,3
1994,Millennial,France,Low,Education,Employed,2375.0,24,19,With parents,3,1,8
1953,Baby Boomer,Czechia,High,Healthcare,Employed,1498.0,17,13,Rent,5,6,4
1979,Gen X,Sweden,Medium,Healthcare,Unemployed,4095.0,24,26,With parents,5,7,9
1952,Baby Boomer,Sweden,Medium,Manufacturing,Employed,4627.0,27,3,Rent,5,5,9
1968,Gen X,Germany,High,Healthcare,Employed,2186.0,23,6,With parents,2,4,6
1963,Baby Boomer,France,Medium,Healthcare,Employed,1308.0,25,29,Own,10,4,9
1980,Gen X,Spain,High,Unemployed,Unemployed,1974.0,16,9,With parents,7,7,4
1994,Millennial,Poland,Medium,IT,Unemployed,1185.0,25,6,With parents,10,4,1
1996,Millennial,France,High,Education,Employed,2561.0,22,4,With parents,7,5,5
2003,Gen Z,Germany,Low,Retail,Employed,2718.0,27,3,With parents,8,6,7
1987,Millennial,Spain,High,Unemployed,Inactive,3087.0,20,35,Rent,7,5,6
1971,Gen X,Italy,High,Manufacturing,Inactive,2559.0,20,14,Own,1,7,8
1976,Gen X,Spain,Medium,Healthcare,Employed,2406.0,22,35,Rent,9,6,3
1958,Baby Boomer,Netherlands,Medium,IT,Unemployed,1293.0,26,1,With parents,4,6,8
2001,Gen Z,Czechia,Medium,IT,Employed,1100.0,25,14,With parents,1,6,3
1962,Baby Boomer,France,Low,Unemployed,Employed,381.0,29,19,Rent,10,3,3
1972,Gen X,Germany,Low,Finance,Employed,2273.0,19,33,With parents,2,6,8
2004,Gen Z,France,High,Retail,Employed,2977.0,16,12,Own,8,9,8
1973,Gen X,Italy,Medium,Retail,Inactive,3237.0,21,24,With parents,8,2,8
1960,Baby Boomer,Sweden,Medium,Construction,Employed,2954.0,16,13,Own,9,3,7
1979,Gen X,Italy,High,Education,Employed,1870.0,26,8,With parents,9,3,8
1991,Millennial,Germany,Medium,Construction,Unemployed,3873.0,16,34,Own,10,3,6
2003,Gen Z,Netherlands,Low,Finance,Unemployed,1346.0,27,21,Rent,8,6,2
2003,Gen Z,Poland,High,Healthcare,Employed,1304.0,23,4,Rent,4,2,10
1975,Gen X,Czechia,High,IT,Employed,2890.0,19,13,With parents,10,9,7
1948,Baby Boomer,Czechia,Low,Manufacturing,Unemployed,3466.0,20,16,With parents,7,5,7
1981,Millennial,Spain,High,Education,Unemployed,3813.0,25,4,Rent,9,3,1
1961,Baby Boomer,Spain,Low,Unemployed,Unemployed,3097.0,25,12,Own,6,8,7
1983,Millennial,Italy,Medium,Healthcare,Employed,2861.0,16,30,Rent,6,7,1
1992,Millennial,France,Low,Finance,Employed,2932.0,25,9,With parents,1,5,7
1990,Millennial,Sweden,Medium,Retail,Unemployed,1950.0,22,22,Rent,10,6,6
1970,Gen X,France,Medium,Finance,Inactive,1479.0,26,28,Rent,9,1,6
1992,Millennial,Netherlands,Medium,Healthcare,Employed,2447.0,17,15,With parents,2,6,2
1983,Millennial,Poland,High,Finance,Employed,674.0,21,16,With parents,3,10,7
1985,Millennial,Czechia,Low,Retail,Inactive,1922.0,24,6,With parents,5,8,8
1948,Baby Boomer,France,High,Healthcare,Employed,1722.0,17,13,Rent,5,10,8
1974,Gen X,Czechia,Medium,Manufacturing,Employed,2725.0,21,8,Own,5,6,3
1974,Gen X,Spain,High,Construction,Employed,2398.0,27,6,Rent,4,4,6
1966,Gen X,Czechia,Medium,Education,Employed,3538.0,27,13,Own,5,1,6
1955,Baby Boomer,Sweden,Low,Finance,Employed,2940.0,20,15,Own,3,9,5
1946,Baby Boomer,Czechia,Low,Retail,Employed,1625.0,28,9,Own,1,5,9
1988,Millennial,France,High,Manufacturing,Employed,2805.0,28,4,With parents,7,1,9
1956,Baby Boomer,Sweden,High,IT,Inactive,645.0,28,6,With parents,10,3,3
1974,Gen X,Czechia,Medium,Manufacturing,Inactive,2859.0,17,21,With parents,2,10,8
1980,Gen X,Poland,Medium,Manufacturing,Inactive,1528.0,29,23,Own,8,8,9
1962,Baby Boomer,Spain,Medium,Manufacturing,Inactive,1653.0,24,21,Own,1,9,5
1970,Gen X,Czechia,High,Unemployed,Employed,3409.0,17,34,Own,6,6,6
1997,Gen Z,Sweden,High,Retail,Employed,2551.0,16,2,Rent,1,2,4
1951,Baby Boomer,France,High,Unemployed,Employed,2026.0,24,6,Own,8,6,6
1945,Baby Boomer,Spain,High,IT,Employed,3115.0,24,18,With parents,2,5,3
2002,Gen Z,Italy,High,Education,Employed,3526.0,24,7,Rent,8,7,6
1970,Gen X,Italy,Low,Manufacturing,Employed,1300.0,23,22,Own,4,9,10
1967,Gen X,Netherlands,High,Retail,Inactive,1558.0,19,19,With parents,3,10,7
1970,Gen X,Italy,High,Retail,Employed,2930.0,29,32,Own,2,10,1
1989,Millennial,France,High,Education,Employed,2476.0,24,5,With parents,4,6,7
1950,Baby Boomer,Poland,Medium,Construction,Employed,525.0,17,14,With parents,10,5,3
1950,Baby Boomer,Spain,Low,Healthcare,Employed,3804.0,16,4,With parents,10,3,5
1988,Millennial,Sweden,Medium,IT,Inactive,1766.0,27,13,Own,2,3,5
1952,Baby Boomer,Germany,Medium,IT,Employed,1296.0,25,8,With parents,3,5,6
1968,Gen X,Italy,Low,Finance,Employed,2210.0,22,25,Own,2,4,2
1966,Gen X,Italy,Medium,Manufacturing,Inactive,3012.0,21,31,With parents,2,2,9
1963,Baby Boomer,Germany,Medium,Healthcare,Employed,3221.0,18,30,Own,10,2,7
1981,Millennial,Sweden,Medium,Construction,Employed,2251.0,17,5,Rent,9,3,4
1962,Baby Boomer,Sweden,Medium,IT,Employed,4482.0,23,0,With parents,1,8,5
1975,Gen X,Germany,Low,Construction,Unemployed,4741.0,19,18,Own,3,5,5
1981,Millennial,Sweden,High,Finance,Employed,2603.0,21,14,Own,1,5,10
1974,Gen X,France,High,Manufacturing,Inactive,2144.0,19,33,Own,3,5,6
2001,Gen Z,Sweden,Low,Healthcare,Inactive,1897.0,28,18,With parents,1,2,4
1986,Millennial,Spain,High,Retail,Employed,2062.0,26,10,Rent,9,6,6
1977,Gen X,Sweden,High,Manufacturing,Employed,3546.0,24,17,With parents,5,1,4
1954,Baby Boomer,Czechia,Low,Healthcare,Inactive,2502.0,27,23,With parents,4,4,5
1981,Millennial,Czechia,Medium,Education,Employed,2983.0,28,8,Rent,8,8,4
1956,Baby Boomer,Italy,Medium,IT,Inactive,2824.0,20,10,Rent,1,9,9
1998,Gen Z,Poland,Medium,Construction,Employed,2746.0,21,3,Rent,9,6,1
1974,Gen X,France,High,Manufacturing,Employed,3180.0,24,17,With parents,2,10,5
1971,Gen X,France,Medium,Finance,Employed,2945.0,21,22,Rent,8,6,5
1983,Millennial,Sweden,Low,Retail,Employed,2629.0,17,0,Rent,7,4,1
1953,Baby Boomer,Poland,High,Finance,Employed,3860.0,26,24,Rent,10,7,4
1998,Gen Z,Poland,Low,Construction,Unemployed,1013.0,16,8,With parents,2,5,2
1965,Gen X,Netherlands,High,Manufacturing,Employed,2455.0,29,0,Rent,10,1,2
1956,Baby Boomer,Poland,Low,IT,Unemployed,1725.0,24,16,With parents,10,9,2
1999,Gen Z,Sweden,Medium,IT,Employed,3028.0,17,2,Rent,6,8,10
1973,Gen X,Sweden,Medium,Healthcare,Employed,729.0,17,22,Rent,5,10,1
1977,Gen X,Germany,Low,Finance,Unemployed,2410.0,19,0,Own,7,1,9
1987,Millennial,Italy,Medium,Finance,Inactive,2634.0,25,23,Own,2,1,6
1997,Gen Z,Czechia,Low,Retail,Inactive,3301.0,25,12,With parents,10,9,7
1959,Baby Boomer,Netherlands,Medium,Construction,Inactive,1819.0,18,19,Own,9,2,6
1946,Baby Boomer,Sweden,Medium,Healthcare,Employed,4711.0,29,19,Own,3,4,4
1996,Millennial,Germany,Low,Retail,Unemployed,1672.0,29,11,Own,1,1,10
1983,Millennial,Netherlands,High,Unemployed,Employed,1176.0,22,16,With parents,8,10,2
1997,Gen Z,Italy,Low,Manufacturing,Employed,2745.0,22,20,Rent,7,3,5
1988,Millennial,Netherlands,Low,Manufacturing,Employed,2085.0,18,23,With parents,7,6,3
1998,Gen Z,Germany,Medium,Unemployed,Inactive,3857.0,18,29,Own,4,3,1
1962,Baby Boomer,Spain,Medium,Finance,Employed,769.0,24,22,With parents,10,4,2
1947,Baby Boomer,Czechia,Medium,Construction,Employed,2232.0,22,22,With parents,3,9,8
1951,Baby Boomer,Sweden,Low,Healthcare,Employed,2936.0,18,16,With parents,9,3,7
1987,Millennial,Czechia,High,Unemployed,Employed,1600.0,18,1,Rent,3,5,7
1962,Baby Boomer,Italy,Medium,Construction,Inactive,947.0,28,23,Rent,7,8,9
1988,Millennial,France,Low,Education,Employed,3503.0,18,32,Own,7,5,10
1982,Millennial,Italy,Medium,IT,Employed,1445.0,24,14,Rent,10,7,2
1981,Millennial,Italy,High,Unemployed,Employed,3139.0,29,31,Own,7,10,2
2002,Gen Z,Italy,Medium,Construction,Employed,1368.0,23,33,Rent,1,6,10
1977,Gen X,Spain,Low,Healthcare,Employed,1913.0,28,21,Own,10,8,6
1988,Millennial,Sweden,Medium,Unemployed,Employed,2881.0,22,30,With parents,2,6,2
2003,Gen Z,Germany,Low,Construction,Employed,2519.0,23,14,Own,2,7,8
1975,Gen X,Sweden,Medium,Unemployed,Employed,1362.0,16,19,Rent,3,8,9
2002,Gen Z,France,High,Healthcare,Unemployed,2678.0,24,22,Own,4,5,6
1955,Baby Boomer,Germany,Medium,Manufacturing,Inactive,245.0,20,30,Rent,1,8,6
1948,Baby Boomer,Netherlands,Medium,IT,Employed,1120.0,28,1,With parents,5,2,5
2003,Gen Z,Netherlands,High,Construction,Employed,3771.0,20,12,With parents,1,6,10
1962,Baby Boomer,Netherlands,Medium,Construction,Unemployed,2047.0,20,31,Rent,7,6,7
1948,Baby Boomer,Germany,Medium,Construction,Employed,2846.0,24,15,Own,7,7,6
1993,Millennial,Poland,Medium,Unemployed,Employed,2820.0,20,14,With parents,2,7,9
1978,Gen X,Spain,Medium,Healthcare,Employed,1890.0,17,24,Own,4,4,6
1973,Gen X,Poland,Medium,Unemployed,Inactive,2306.0,21,11,With parents,9,9,1
1968,Gen X,Sweden,Medium,Construction,Employed,1145.0,22,27,With parents,1,3,4
1966,Gen X,Netherlands,High,Manufacturing,Employed,2317.0,26,11,Own,10,9,7
1946,Baby Boomer,Spain,High,Manufacturing,Employed,1759.0,22,20,Rent,6,9,3
1988,Millennial,Germany,High,Finance,Employed,4083.0,22,11,Rent,10,3,6
1950,Baby Boomer,Netherlands,Medium,Unemployed,Employed,1569.0,26,15,Rent,1,3,4
1986,Millennial,Germany,Medium,Finance,Employed,2662.0,29,9,Rent,6,1,5
1969,Gen X,Spain,Low,Healthcare,Unemployed,1954.0,17,9,Own,1,7,8
1999,Gen Z,Germany,Medium,Healthcare,Employed,2932.0,21,1,Own,3,8,6
2001,Gen Z,Germany,High,Manufacturing,Employed,979.0,24,26,With parents,4,7,2
1965,Gen X,France,Medium,Finance,Employed,2081.0,16,29,With parents,10,7,3
1999,Gen Z,Sweden,High,Construction,Employed,2733.0,18,32,With parents,5,5,1
2003,Gen Z,Poland,Low,Construction,Inactive,2412.0,27,15,Own,7,7,9
1960,Baby Boomer,Czechia,Medium,Unemployed,Employed,2646.0,21,9,With parents,2,10,10
1975,Gen X,Poland,Medium,Healthcare,Employed,1454.0,22,14,Own,6,4,6
1958,Baby Boomer,Poland,Medium,IT,Employed,1888.0,17,25,Own,4,1,10
1983,Millennial,Italy,High,Manufacturing,Employed,2183.0,25,14,Own,6,10,9
1972,Gen X,France,High,Manufacturing,Inactive,2902.0,23,5,With parents,7,4,3
1976,Gen X,Czechia,Low,Healthcare,Employed,3457.0,26,16,Rent,7,4,5
1972,Gen X,Netherlands,Low,Healthcare,Employed,527.0,28,0,Own,5,4,5
1995,Millennial,Netherlands,Low,Healthcare,Employed,1912.0,21,22,With parents,7,6,5
1999,Gen Z,Netherlands,Medium,Unemployed,Unemployed,1607.0,27,33,With parents,3,1,9
1993,Millennial,Poland,Medium,Construction,Employed,1504.0,24,34,Rent,10,4,2
1953,Baby Boomer,Sweden,High,Construction,Employed,2440.0,24,24,Own,5,1,6
2002,Gen Z,Poland,Medium,Unemployed,Employed,2229.0,24,0,Own,5,1,8
1989,Millennial,Czechia,Medium,IT,Inactive,1190.0,24,24,With parents,2,5,10
1966,Gen X,Sweden,High,Unemployed,Employed,1146.0,17,15,Own,4,10,10
1976,Gen X,France,Medium,Manufacturing,Employed,2616.0,25,11,Rent,2,9,4
1949,Baby Boomer,Sweden,Medium,Education,Employed,1218.0,28,9,Own,9,9,1
1967,Gen X,Czechia,Low,Unemployed,Employed,1575.0,25,26,With parents,9,1,5
1949,Baby Boomer,Germany,Medium,IT,Employed,3031.0,28,6,Own,1,6,5
1986,Millennial,Poland,Medium,IT,Employed,2355.0,22,5,Own,2,9,4
1997,Gen Z,Netherlands,Medium,Construction,Employed,3593.0,20,10,Own,8,1,2
1976,Gen X,Germany,High,Unemployed,Employed,2104.0,24,23,Own,3,2,7
2003,Gen Z,Poland,High,Finance,Employed,4210.0,16,24,With parents,3,10,7
1954,Baby Boomer,Spain,High,Manufacturing,Employed,2035.0,25,2,With parents,10,3,3
2003,Gen Z,Italy,Medium,Construction,Employed,3278.0,22,3,Own,6,5,10
1983,Millennial,Poland,High,Education,Inactive,1444.0,25,3,With parents,5,10,6
2002,Gen Z,Spain,Medium,Manufacturing,Employed,1615.0,20,0,With parents,4,8,2
1959,Baby Boomer,Czechia,Low,IT,Employed,3723.0,26,29,With parents,7,3,1
1951,Baby Boomer,France,Medium,Healthcare,Inactive,1574.0,24,14,Own,1,7,9
1973,Gen X,Spain,Low,Manufacturing,Employed,2004.0,22,30,Own,1,1,10
2003,Gen Z,France,Medium,Unemployed,Employed,1605.0,19,4,Own,1,10,1
1991,Millennial,Poland,Medium,Manufacturing,Employed,3212.0,26,20,Own,8,5,10
1947,Baby Boomer,France,High,Healthcare,Employed,1112.0,23,34,Rent,9,2,5
1963,Baby Boomer,Spain,Medium,Education,Employed,3377.0,24,3,Own,3,5,3
1954,Baby Boomer,Sweden,High,Education,Employed,2420.0,24,6,Own,1,5,9
1972,Gen X,Italy,Low,Manufacturing,Employed,2368.0,25,28,Own,9,10,8
1973,Gen X,Germany,Low,Construction,Unemployed,2148.0,19,35,Rent,3,6,4
1959,Baby Boomer,Germany,Medium,Unemployed,Employed,3326.0,21,34,Own,9,5,8
1979,Gen X,Italy,Medium,Healthcare,Unemployed,2003.0,19,31,Rent,4,1,5
1950,Baby Boomer,Netherlands,Low,Finance,Inactive,1560.0,16,10,Rent,1,10,10
1956,Baby Boomer,Germany,Low,Manufacturing,Employed,2668.0,21,32,Own,5,2,8
1991,Millennial,Czechia,Medium,Healthcare,Unemployed,2123.0,23,16,Own,7,7,2
1982,Millennial,Poland,Medium,IT,Employed,3965.0,21,11,Rent,6,3,8
1957,Baby Boomer,Netherlands,High,Finance,Employed,3021.0,28,0,With parents,4,8,7
1973,Gen X,Poland,Medium,Healthcare,Inactive,2512.0,27,22,Rent,10,2,6
1963,Baby Boomer,Spain,Low,Construction,Employed,3491.0,18,6,Rent,8,3,8
1947,Baby Boomer,Czechia,High,Manufacturing,Employed,894.0,28,13,Own,10,10,7
1952,Baby Boomer,Spain,Medium,Retail,Employed,2705.0,23,6,Own,10,7,5
1952,Baby Boomer,Netherlands,High,Education,Employed,2292.0,25,13,With parents,1,1,5
1999,Gen Z,Netherlands,High,Manufacturing,Employed,2017.0,24,33,Rent,4,10,10
2002,Gen Z,Czechia,High,Healthcare,Employed,1947.0,16,1,Rent,7,5,7
1964,Baby Boomer,Czechia,Medium,Unemployed,Employed,3202.0,26,19,With parents,6,7,8
1991,Millennial,Netherlands,Medium,Finance,Employed,525.0,26,16,With parents,1,1,4
1948,Baby Boomer,Netherlands,Medium,Finance,Employed,2625.0,21,9,Rent,5,1,3
1995,Millennial,France,Medium,Healthcare,Employed,913.0,25,4,Rent,6,4,2
1965,Gen X,Sweden,Medium,Unemployed,Employed,1980.0,23,32,With parents,10,7,6
1947,Baby Boomer,Netherlands,Medium,Education,Employed,2155.0,17,35,Own,9,1,7
1989,Millennial,Czechia,High,Manufacturing,Employed,3655.0,29,10,Rent,5,6,2
1952,Baby Boomer,Sweden,Low,Finance,Unemployed,1720.0,29,20,Rent,5,4,2
1967,Gen X,Netherlands,High,Finance,Employed,2249.0,19,3,Rent,8,5,3
1960,Baby Boomer,Spain,High,Retail,Employed,1094.0,28,24,Rent,6,2,4
1957,Baby Boomer,Poland,Medium,IT,Unemployed,2655.0,16,34,With parents,10,2,5
1947,Baby Boomer,Sweden,Medium,Retail,Employed,1002.0,19,34,With parents,8,10,4
1992,Millennial,Spain,Medium,IT,Employed,600.0,17,34,With parents,6,9,4
1953,Baby Boomer,Germany,High,Finance,Employed,842.0,18,32,With parents,9,6,3
2004,Gen Z,Czechia,Low,IT,Employed,1945.0,19,12,With parents,8,3,7
1958,Baby Boomer,France,Medium,Manufacturing,Employed,1990.0,18,3,Own,8,2,7
1957,Baby Boomer,France,Medium,Finance,Inactive,3221.0,21,29,Own,1,9,4
1997,Gen Z,Poland,High,Finance,Employed,3570.0,28,26,Own,4,7,1
2001,Gen Z,Netherlands,High,Unemployed,Employed,3548.0,22,34,Own,2,9,2
1951,Baby Boomer,Spain,Medium,IT,Inactive,3236.0,26,27,With parents,7,8,4
1959,Baby Boomer,Germany,Low,Healthcare,Employed,4068.0,22,7,With parents,10,8,4
1951,Baby Boomer,Spain,Medium,IT,Employed,2610.0,16,25,Own,6,5,8
1982,Millennial,Czechia,Low,IT,Employed,2623.0,20,33,With parents,7,7,2
1978,Gen X,Czechia,High,Education,Employed,3844.0,18,28,With parents,5,5,1
1985,Millennial,Netherlands,High,Education,Unemployed,1197.0,27,1,Rent,3,10,9
1966,Gen X,Netherlands,High,Manufacturing,Employed,3046.0,16,5,Rent,4,7,6
1968,Gen X,Czechia,Medium,Manufacturing,Inactive,2158.0,16,15,Own,10,6,1
1993,Millennial,Italy,Medium,Healthcare,Employed,3400.0,17,6,With parents,1,4,6
1981,Millennial,Czechia,Low,Education,Unemployed,3264.0,25,10,Rent,5,7,9
1988,Millennial,Spain,Medium,Retail,Employed,2052.0,23,15,With parents,6,6,9
1945,Baby Boomer,Poland,Low,Manufacturing,Inactive,1116.0,19,5,Rent,7,7,5
1954,Baby Boomer,Spain,High,Manufacturing,Employed,3415.0,29,8,Own,8,10,1
1987,Millennial,France,Low,Education,Unemployed,1774.0,25,2,With parents,5,1,5
1960,Baby Boomer,Germany,High,Education,Employed,2309.0,18,28,With parents,1,9,10
1990,Millennial,Sweden,Medium,Healthcare,Employed,1193.0,29,7,Rent,5,10,5
1952,Baby Boomer,Poland,Medium,Unemployed,Employed,1875.0,23,16,Own,1,8,2
2000,Gen Z,Italy,Low,Education,Employed,3115.0,17,5,Rent,8,3,3
1993,Millennial,Germany,Medium,Unemployed,Employed,2547.0,24,10,Own,2,1,4
1969,Gen X,Germany,Medium,Construction,Employed,1524.0,19,9,Own,2,2,3
1994,Millennial,Sweden,High,IT,Employed,509.0,26,1,Own,6,6,3
1956,Baby Boomer,France,Low,Finance,Unemployed,2819.0,24,28,With parents,9,7,3
1969,Gen X,France,High,Retail,Employed,1826.0,16,5,Rent,5,2,2
1961,Baby Boomer,France,High,Finance,Employed,2357.0,20,8,With parents,6,8,6
2004,Gen Z,Poland,Low,IT,Employed,2077.0,25,1,With parents,3,6,9
1970,Gen X,Spain,High,Construction,Employed,1817.0,22,3,With parents,9,5,1
1990,Millennial,Germany,Medium,Construction,Inactive,2758.0,29,29,Own,4,5,2
1992,Millennial,Spain,High,IT,Employed,1418.0,26,3,Own,6,6,10
1958,Baby Boomer,Spain,Low,Finance,Employed,2335.0,19,0,Own,4,1,6
1985,Millennial,France,Low,IT,Employed,2573.0,27,10,Own,6,3,1
1980,Gen X,Spain,Low,Manufacturing,Employed,3413.0,27,6,Own,1,7,10
2001,Gen Z,Germany,Medium,Construction,Employed,2247.0,20,17,Own,1,6,7
1967,Gen X,Germany,High,Finance,Employed,1127.0,26,7,With parents,1,7,3
1987,Millennial,Netherlands,High,Unemployed,Employed,2807.0,24,29,Own,10,2,6
1950,Baby Boomer,Italy,High,IT,Employed,1401.0,21,14,Rent,2,6,3
1991,Millennial,Poland,Low,Unemployed,Employed,1597.0,28,9,Own,7,5,6
1949,Baby Boomer,Spain,Low,Manufacturing,Employed,1750.0,29,1,With parents,3,3,4
1987,Millennial,Poland,Medium,Education,Employed,2034.0,21,14,Rent,1,10,9
1969,Gen X,Poland,Medium,Construction,Inactive,3364.0,17,21,With parents,8,2,3
1962,Baby Boomer,Poland,Medium,Retail,Inactive,2787.0,16,33,With parents,8,5,5
1957,Baby Boomer,Sweden,Medium,Retail,Inactive,1210.0,19,2,Rent,4,7,6
1987,Millennial,Czechia,Low,IT,Unemployed,3561.0,25,3,Own,7,6,10
1958,Baby Boomer,Netherlands,Medium,Retail,Employed,3155.0,18,24,With parents,2,3,1
1972,Gen X,Poland,Medium,Manufacturing,Employed,2575.0,26,4,With parents,6,6,7
1962,Baby Boomer,Czechia,Medium,Education,Employed,114.0,22,11,Rent,9,9,9
2003,Gen Z,Czechia,High,IT,Employed,1440.0,22,23,Own,7,3,6
2004,Gen Z,Netherlands,Low,Healthcare,Inactive,2208.0,21,18,Rent,6,2,10
2001,Gen Z,Germany,High,Finance,Employed,3690.0,20,31,Rent,10,9,4
1972,Gen X,Sweden,Medium,Construction,Employed,3393.0,18,11,With parents,2,5,7
1995,Millennial,Spain,High,Unemployed,Employed,1331.0,19,26,Own,4,1,4
2000,Gen Z,Netherlands,Low,Retail,Employed,688.0,28,17,With parents,6,1,9
1971,Gen X,Italy,Medium,Retail,Employed,2036.0,20,24,Own,5,9,8
1976,Gen X,Czechia,Medium,IT,Employed,2326.0,19,22,Rent,5,8,1
1991,Millennial,Poland,High,Finance,Inactive,1083.0,18,2,Own,4,2,3
1953,Baby Boomer,Czechia,Medium,Finance,Employed,1416.0,17,1,With parents,8,1,1
1984,Millennial,Sweden,Medium,Retail,Employed,4105.0,20,10,Own,8,10,1
1976,Gen X,Italy,High,Retail,Employed,1863.0,17,29,Own,5,9,7
1964,Baby Boomer,Germany,Medium,Unemployed,Employed,1929.0,17,12,With parents,7,4,7
1972,Gen X,Germany,Low,Healthcare,Employed,4744.0,17,5,With parents,2,6,9
1977,Gen X,France,Medium,Finance,Employed,1895.0,29,11,With parents,3,4,1
1948,Baby Boomer,Poland,Medium,Manufacturing,Employed,1290.0,17,7,Rent,10,10,2
1990,Millennial,France,Medium,Construction,Employed,1562.0,23,8,With parents,9,4,9
2001,Gen Z,Sweden,Medium,IT,Employed,2462.0,27,3,Rent,7,8,9
1978,Gen X,Italy,High,IT,Employed,1773.0,22,35,Own,6,9,10
1992,Millennial,Czechia,High,Healthcare,Inactive,2083.0,24,31,Own,7,5,2
1947,Baby Boomer,Spain,Low,Construction,Employed,2161.0,18,11,With parents,6,3,4
1970,Gen X,France,Low,Healthcare,Employed,5033.0,16,17,Rent,2,7,7
1952,Baby Boomer,Germany,High,Manufacturing,Inactive,2841.0,21,30,Rent,3,2,1
1950,Baby Boomer,Poland,High,Education,Employed,1344.0,24,28,Rent,5,2,2
1960,Baby Boomer,Czechia,High,IT,Employed,2043.0,28,28,With parents,2,9,5
1968,Gen X,Italy,Medium,Finance,Employed,2923.0,16,26,With parents,3,6,10
1992,Millennial,Netherlands,High,Construction,Unemployed,3175.0,16,10,Rent,7,9,2
1983,Millennial,Sweden,High,Retail,Unemployed,756.0,19,32,Own,2,5,6
1974,Gen X,Sweden,Medium,Construction,Employed,925.0,25,17,Own,6,1,1
1989,Millennial,Germany,Medium,Manufacturing,Employed,2623.0,16,19,With parents,10,2,6
1957,Baby Boomer,Netherlands,Medium,Unemployed,Employed,1626.0,24,27,With parents,5,3,5
1949,Baby Boomer,Sweden,Medium,IT,Inactive,1500.0,21,21,Rent,3,10,9
1969,Gen X,Spain,High,Finance,Employed,2368.0,20,31,Rent,8,8,8
1964,Baby Boomer,Czechia,High,Manufacturing,Unemployed,2912.0,26,20,Rent,6,3,8
1998,Gen Z,Poland,High,Unemployed,Employed,1985.0,20,26,Own,9,3,10
1962,Baby Boomer,Czechia,High,Education,Employed,451.0,26,25,Rent,1,7,9
1991,Millennial,Spain,Medium,Finance,Employed,1724.0,26,22,Rent,3,9,5
1962,Baby Boomer,Sweden,Medium,IT,Unemployed,1156.0,26,33,With parents,10,4,10
1946,Baby Boomer,Spain,High,Construction,Employed,2706.0,27,11,With parents,8,4,10
1954,Baby Boomer,Czechia,Medium,Retail,Employed,4045.0,27,10,Rent,1,9,7
1999,Gen Z,Sweden,Low,Finance,Employed,2459.0,17,35,With parents,8,5,3
1989,Millennial,Poland,Medium,Unemployed,Employed,2597.0,18,31,Rent,10,6,6
1994,Millennial,Poland,Low,Unemployed,Unemployed,2932.0,27,15,Rent,5,7,8
1991,Millennial,Netherlands,Medium,IT,Employed,3413.0,22,30,Rent,8,6,4
1956,Baby Boomer,Spain,Medium,Unemployed,Employed,1676.0,19,5,With parents,10,2,10
1991,Millennial,Italy,Medium,Manufacturing,Employed,2152.0,29,12,Rent,7,9,1
1957,Baby Boomer,Netherlands,High,Education,Employed,3054.0,21,35,With parents,9,2,3
1994,Millennial,Poland,High,Unemployed,Unemployed,1352.0,23,10,Own,7,9,7
1991,Millennial,Germany,High,Finance,Employed,842.0,29,10,Own,4,6,10
2001,Gen Z,Sweden,Medium,Manufacturing,Unemployed,1781.0,16,19,With parents,1,5,6
1999,Gen Z,Netherlands,High,Manufacturing,Employed,3331.0,26,28,Own,2,8,1
1955,Baby Boomer,France,High,Healthcare,Employed,2326.0,28,18,Own,2,2,6
1963,Baby Boomer,Italy,Medium,Manufacturing,Employed,1780.0,21,29,Own,1,1,6
1979,Gen X,Sweden,High,Construction,Inactive,3114.0,16,5,Rent,10,7,2
1983,Millennial,Netherlands,Low,Finance,Employed,2698.0,27,16,Own,7,6,6
1997,Gen Z,Poland,High,Education,Employed,1501.0,27,17,Rent,4,4,9
1970,Gen X,Czechia,Medium,Retail,Unemployed,2029.0,27,35,With parents,10,4,8
1990,Millennial,Poland,Medium,Healthcare,Inactive,1278.0,23,17,With parents,7,6,3
1958,Baby Boomer,Italy,Low,Manufacturing,Employed,2329.0,19,11,Own,8,7,3
1998,Gen Z,France,Medium,Finance,Employed,2773.0,20,2,Rent,6,2,5
1989,Millennial,Netherlands,Medium,Construction,Employed,0.0,25,17,With parents,8,7,7
1988,Millennial,Czechia,High,Construction,Employed,1282.0,17,15,With parents,2,10,1
1968,Gen X,Netherlands,High,Construction,Employed,3711.0,18,27,Rent,1,7,3
1985,Millennial,Spain,High,IT,Inactive,1898.0,22,8,Own,9,6,6
1945,Baby Boomer,Germany,Medium,Healthcare,Employed,3693.0,22,19,With parents,9,3,2
1995,Millennial,Poland,High,Education,Employed,1052.0,29,17,Own,9,8,2
1987,Millennial,Netherlands,Medium,IT,Inactive,1721.0,27,24,Own,4,1,5
1999,Gen Z,Netherlands,High,Unemployed,Employed,2396.0,26,20,Rent,9,8,5
1966,Gen X,Sweden,Low,Education,Employed,1913.0,23,25,Own,9,7,3
1967,Gen X,Sweden,Medium,IT,Inactive,3339.0,28,22,With parents,5,2,10
2000,Gen Z,Netherlands,High,Retail,Inactive,2093.0,18,9,Rent,1,1,4
1998,Gen Z,France,High,Education,Employed,2841.0,17,12,Own,8,8,5
1963,Baby Boomer,Germany,Medium,IT,Employed,1217.0,17,11,Rent,1,4,10
1962,Baby Boomer,Netherlands,High,Unemployed,Employed,2438.0,21,35,Rent,3,10,6
1956,Baby Boomer,Italy,Low,Construction,Employed,1918.0,17,2,Rent,3,10,5
1999,Gen Z,Poland,High,Unemployed,Employed,1299.0,26,13,Own,5,9,9
1972,Gen X,Spain,Medium,Education,Employed,2620.0,19,34,Rent,5,4,6
1972,Gen X,Sweden,Low,Unemployed,Unemployed,3426.0,24,33,Own,5,8,10
2004,Gen Z,Italy,Low,Healthcare,Unemployed,1664.0,25,28,Rent,4,8,2
2003,Gen Z,Poland,Low,Education,Unemployed,2580.0,18,29,Own,1,1,5
1977,Gen X,Czechia,High,Finance,Employed,2006.0,16,6,Rent,4,5,10
1963,Baby Boomer,Sweden,Low,Education,Employed,2296.0,17,1,Own,10,4,9
1972,Gen X,France,Medium,IT,Unemployed,2956.0,25,17,With parents,8,4,1
2003,Gen Z,Sweden,Medium,Unemployed,Unemployed,3498.0,28,25,With parents,5,9,10
1996,Millennial,Germany,Medium,Unemployed,Unemployed,3318.0,25,16,Rent,7,3,1
1993,Millennial,Germany,High,Education,Inactive,1525.0,22,11,With parents,1,8,4
1981,Millennial,Poland,Medium,Retail,Inactive,990.0,24,31,Own,5,9,7
1970,Gen X,Italy,Medium,Manufacturing,Employed,390.0,24,28,With parents,10,8,9
1979,Gen X,Spain,Medium,Healthcare,Employed,2770.0,19,9,Own,8,4,2
1978,Gen X,France,Medium,Finance,Employed,1726.0,23,35,Own,5,2,9
1979,Gen X,Poland,High,Construction,Employed,3156.0,16,1,With parents,1,10,4
1984,Millennial,Czechia,Medium,IT,Employed,1269.0,26,13,With parents,2,7,1
1960,Baby Boomer,France,Medium,Construction,Unemployed,2602.0,26,9,Own,6,3,7
1982,Millennial,Germany,High,Construction,Employed,607.0,29,0,With parents,2,6,5
1957,Baby Boomer,Netherlands,Medium,Unemployed,Unemployed,2654.0,21,20,With parents,9,3,1
1967,Gen X,Netherlands,High,Education,Employed,2552.0,29,4,Rent,9,4,1
2004,Gen Z,Spain,Medium,Education,Employed,1210.0,23,8,Own,2,2,10
1998,Gen Z,France,High,Education,Inactive,2373.0,17,8,Rent,1,5,2
1966,Gen X,Poland,Low,Unemployed,Employed,4062.0,23,17,Own,7,10,7
1960,Baby Boomer,Spain,Medium,Healthcare,Employed,2819.0,19,4,With parents,7,7,7
1972,Gen X,Sweden,Medium,Finance,Employed,4860.0,17,15,Own,3,2,3
1992,Millennial,Sweden,High,Manufacturing,Inactive,2338.0,19,33,With parents,2,5,2
1979,Gen X,Czechia,High,Retail,Unemployed,2720.0,23,3,Rent,9,6,10
2004,Gen Z,Italy,Medium,Finance,Inactive,1771.0,28,20,Own,9,6,8
1989,Millennial,Netherlands,High,Retail,Inactive,2422.0,19,13,Rent,6,2,7
1990,Millennial,Poland,Medium,Construction,Unemployed,1321.0,28,26,Own,7,2,9
1952,Baby Boomer,France,High,Finance,Employed,3015.0,29,11,Rent,2,2,9
1988,Millennial,Spain,High,IT,Employed,1475.0,23,26,With parents,6,3,1
1999,Gen Z,Poland,Low,Manufacturing,Employed,3700.0,22,33,Own,6,2,2
1999,Gen Z,Spain,High,Manufacturing,Employed,988.0,20,3,Rent,8,9,7
1966,Gen X,Spain,Medium,Healthcare,Unemployed,1926.0,23,1,With parents,9,10,8
1965,Gen X,Spain,Low,Unemployed,Employed,1976.0,17,31,With parents,2,5,6
1970,Gen X,France,Medium,Finance,Employed,1194.0,18,1,Own,7,9,5
1984,Millennial,Poland,High,Education,Employed,2411.0,19,21,Own,9,8,6
1965,Gen X,Germany,High,Manufacturing,Employed,1720.0,25,18,Own,6,5,2
1969,Gen X,Germany,High,Finance,Employed,3464.0,20,25,Rent,7,7,9
1985,Millennial,France,High,Education,Employed,1469.0,20,19,With parents,9,2,10
1945,Baby Boomer,Sweden,High,Healthcare,Unemployed,2579.0,16,35,With parents,10,10,4
1950,Baby Boomer,France,Low,Construction,Employed,2123.0,16,17,Own,4,10,9
1967,Gen X,Netherlands,Medium,Construction,Inactive,2008.0,27,13,With parents,2,7,8
1995,Millennial,Spain,Low,Finance,Employed,2282.0,26,19,With parents,2,5,10
1967,Gen X,Poland,Low,Finance,Employed,2837.0,16,23,Own,1,6,4
1987,Millennial,Poland,Low,IT,Employed,501.0,29,30,With parents,9,9,5
1987,Millennial,Italy,Medium,Finance,Employed,2243.0,29,35,With parents,10,8,10
1967,Gen X,Italy,High,IT,Employed,1457.0,20,14,Own,4,2,7
1976,Gen X,Czechia,High,Education,Employed,1525.0,17,6,Rent,5,10,5
1974,Gen X,Germany,Medium,Unemployed,Employed,2419.0,18,22,Own,4,6,2
1957,Baby Boomer,Italy,High,Construction,Inactive,3190.0,23,28,With parents,4,1,8
1987,Millennial,Italy,Medium,Unemployed,Employed,3596.0,27,3,Own,6,8,10
1962,Baby Boomer,Germany,High,Education,Employed,1676.0,25,30,Own,6,1,8
1967,Gen X,Netherlands,Medium,Construction,Employed,0.0,23,17,With parents,1,2,8
1959,Baby Boomer,Sweden,Medium,Construction,Employed,2263.0,27,30,With parents,1,4,10
1977,Gen X,Germany,High,Manufacturing,Employed,564.0,25,35,Rent,7,10,8
1965,Gen X,Sweden,Medium,Healthcare,Inactive,2597.0,17,17,Rent,1,2,6
2001,Gen Z,Czechia,Medium,Unemployed,Employed,1391.0,23,9,With parents,1,5,10
1983,Millennial,Italy,Medium,IT,Inactive,2508.0,26,6,Rent,6,7,2
1967,Gen X,Poland,Medium,Construction,Employed,1432.0,27,27,Rent,8,7,4
1971,Gen X,Italy,High,Manufacturing,Employed,1152.0,24,17,Own,7,10,2
1989,Millennial,Spain,Low,Unemployed,Inactive,1174.0,25,30,Own,6,5,2
1988,Millennial,Czechia,High,Retail,Employed,2557.0,29,8,Rent,7,3,9
1962,Baby Boomer,Sweden,Low,Manufacturing,Unemployed,1010.0,25,15,Own,2,5,9
1968,Gen X,Sweden,Medium,Education,Employed,2691.0,21,24,Own,6,4,5
1995,Millennial,Spain,Low,Retail,Employed,3800.0,16,29,With parents,9,6,3
1991,Millennial,Spain,High,Unemployed,Employed,3704.0,26,1,Rent,4,1,9
1984,Millennial,Netherlands,Low,Manufacturing,Unemployed,763.0,26,4,Rent,2,1,7
1995,Millennial,France,Medium,Finance,Employed,988.0,18,29,With parents,9,8,4
1986,Millennial,Spain,Medium,Healthcare,Employed,2633.0,20,18,With parents,8,6,3
1951,Baby Boomer,Sweden,Low,IT,Inactive,1239.0,28,13,With parents,8,9,8
1994,Millennial,Poland,High,Finance,Employed,2757.0,18,26,Own,7,10,6
1992,Millennial,Sweden,Low,Retail,Employed,661.0,18,29,With parents,8,1,4
1964,Baby Boomer,Sweden,Low,Construction,Inactive,2136.0,24,13,With parents,3,7,9
1971,Gen X,Netherlands,Medium,Healthcare,Employed,3050.0,20,30,With parents,6,1,1
1950,Baby Boomer,France,Medium,Construction,Employed,803.0,29,35,With parents,7,7,5
1971,Gen X,France,Medium,Manufacturing,Unemployed,2095.0,23,29,Own,5,7,3
1953,Baby Boomer,Spain,Low,Finance,Employed,2083.0,22,10,Rent,2,8,2
1997,Gen Z,Czechia,Low,Education,Employed,2746.0,19,16,With parents,10,5,5
1989,Millennial,Italy,Medium,Unemployed,Employed,1598.0,18,9,With parents,7,8,3
2001,Gen Z,Sweden,Medium,Education,Unemployed,915.0,18,15,Rent,2,10,7
1975,Gen X,Germany,High,Healthcare,Employed,0.0,26,10,Rent,9,5,1
1965,Gen X,Italy,High,Education,Employed,3393.0,17,27,With parents,9,9,5
1970,Gen X,Italy,Medium,IT,Employed,2951.0,20,20,With parents,10,8,7
1984,Millennial,France,Medium,Unemployed,Employed,2178.0,27,27,Rent,6,7,6
1992,Millennial,France,High,Construction,Employed,2154.0,17,22,With parents,4,7,2
1989,Millennial,Netherlands,High,Healthcare,Employed,2583.0,17,0,Own,10,3,5
1957,Baby Boomer,Netherlands,Medium,Unemployed,Employed,3069.0,27,12,With parents,4,6,3
1993,Millennial,France,High,Healthcare,Employed,385.0,27,7,With parents,5,6,2
1967,Gen X,Poland,High,Education,Employed,598.0,27,18,Own,7,5,8
1964,Baby Boomer,Poland,Medium,Healthcare,Employed,467.0,19,23,Rent,8,2,2
1981,Millennial,Germany,Medium,Manufacturing,Employed,1889.0,21,24,Rent,10,10,4
1998,Gen Z,France,High,Retail,Employed,2364.0,27,25,Rent,8,7,8
1997,Gen Z,Spain,Low,Finance,Employed,3111.0,21,26,With parents,7,5,10
1972,Gen X,Netherlands,High,Retail,Employed,0.0,23,31,Rent,6,2,9
1961,Baby Boomer,France,High,Unemployed,Employed,996.0,26,2,Own,2,4,6
1972,Gen X,Poland,High,Construction,Employed,2318.0,21,8,Own,8,1,5
1985,Millennial,France,Medium,Finance,Inactive,2429.0,21,0,With parents,4,8,4
1946,Baby Boomer,Poland,Low,Education,Employed,2020.0,19,17,Rent,8,5,1
1969,Gen X,France,Low,Unemployed,Employed,1187.0,27,2,Rent,5,8,10
2002,Gen Z,Sweden,High,IT,Unemployed,1570.0,20,13,Own,3,1,5
1994,Millennial,Spain,High,IT,Employed,2077.0,26,31,Rent,6,8,4
1985,Millennial,Czechia,Medium,Education,Unemployed,655.0,22,3,Own,2,5,6
1950,Baby Boomer,Germany,Low,Construction,Inactive,1432.0,25,20,With parents,6,7,6
1955,Baby Boomer,Sweden,High,Education,Employed,957.0,26,26,Own,6,3,7
2001,Gen Z,Spain,High,Healthcare,Unemployed,2652.0,24,4,Rent,1,3,4
1982,Millennial,Poland,Medium,IT,Employed,1377.0,19,2,Own,10,9,1
1950,Baby Boomer,Netherlands,Medium,Unemployed,Employed,1023.0,25,21,Rent,5,7,3
1989,Millennial,Netherlands,High,Retail,Employed,1734.0,16,19,With parents,5,6,9
1955,Baby Boomer,Italy,High,Education,Employed,2877.0,21,1,Own,8,4,5
1958,Baby Boomer,Spain,High,Construction,Employed,2179.0,17,0,With parents,7,5,3
1946,Baby Boomer,France,Low,Unemployed,Employed,3192.0,26,22,With parents,9,8,8
1984,Millennial,Germany,Medium,Construction,Unemployed,3054.0,22,24,Own,10,1,1
1947,Baby Boomer,France,Medium,Retail,Employed,1525.0,21,25,Own,3,2,4
1999,Gen Z,France,High,Finance,Employed,2321.0,24,2,Own,1,3,3
1997,Gen Z,Spain,High,Retail,Employed,3188.0,21,30,With parents,7,5,2
1979,Gen X,Czechia,High,Construction,Employed,1765.0,29,26,Own,9,8,2
1977,Gen X,Germany,Medium,IT,Employed,2416.0,21,12,Rent,10,5,5
1968,Gen X,Italy,High,Finance,Unemployed,1388.0,19,32,Rent,10,5,7
1963,Baby Boomer,Sweden,Medium,Unemployed,Employed,1997.0,27,24,Rent,7,6,9
1962,Baby Boomer,France,Medium,Retail,Employed,1968.0,24,15,Rent,10,9,5
1993,Millennial,Germany,Medium,Healthcare,Employed,2764.0,18,25,With parents,7,9,2
1996,Millennial,Italy,High,Healthcare,Employed,1855.0,16,17,With parents,10,9,4
1968,Gen X,Sweden,High,IT,Employed,2394.0,26,16,With parents,6,5,4
1989,Millennial,France,Medium,Unemployed,Employed,2543.0,25,24,Rent,5,6,6
1979,Gen X,Germany,Low,Healthcare,Employed,1490.0,23,25,With parents,5,7,2
1945,Baby Boomer,Sweden,High,Education,Employed,1838.0,23,17,With parents,8,3,3
1980,Gen X,Spain,Medium,Finance,Unemployed,2617.0,26,0,Rent,9,1,6
1969,Gen X,Czechia,High,IT,Unemployed,3855.0,16,6,Own,4,2,4
1989,Millennial,Netherlands,Medium,Finance,Employed,1068.0,24,29,With parents,10,4,6
1993,Millennial,Netherlands,Low,Unemployed,Inactive,2673.0,17,32,With parents,1,9,6
2004,Gen Z,France,Medium,Construction,Unemployed,3293.0,21,24,Own,5,1,3
1987,Millennial,France,Low,Retail,Employed,2286.0,24,24,With parents,4,6,7
1978,Gen X,Sweden,Medium,Education,Employed,1387.0,28,26,Rent,4,4,4
1969,Gen X,Germany,Low,IT,Employed,2153.0,21,34,Own,1,6,7
1960,Baby Boomer,Netherlands,Low,Retail,Employed,1329.0,22,17,With parents,3,2,9
1978,Gen X,France,Low,Retail,Employed,1747.0,24,29,With parents,3,2,3
1973,Gen X,Italy,High,Retail,Employed,2547.0,20,13,With parents,8,7,9
1963,Baby Boomer,France,Medium,Retail,Employed,2146.0,16,34,With parents,6,5,2
1967,Gen X,Netherlands,Medium,Retail,Employed,2376.0,24,33,Rent,6,6,5
1963,Baby Boomer,Poland,High,IT,Employed,1148.0,25,19,Own,6,4,4
1969,Gen X,Czechia,Medium,Healthcare,Employed,1650.0,29,14,Rent,8,1,10
1960,Baby Boomer,Netherlands,Medium,Retail,Employed,2752.0,28,6,Rent,5,8,7
1998,Gen Z,Italy,High,Construction,Employed,693.0,22,12,With parents,3,1,7
1995,Millennial,Germany,High,Construction,Employed,1006.0,23,35,With parents,1,8,3
1953,Baby Boomer,Italy,High,Education,Unemployed,1925.0,17,33,With parents,8,1,4
1945,Baby Boomer,Poland,Medium,IT,Employed,1734.0,20,12,Own,10,10,7
1986,Millennial,Poland,High,Manufacturing,Employed,2892.0,28,3,Rent,4,10,3
1963,Baby Boomer,France,Medium,Healthcare,Employed,45.0,23,12,Rent,3,4,1
1977,Gen X,France,Medium,Education,Employed,2126.0,22,12,Rent,8,6,2
1978,Gen X,Netherlands,High,Construction,Employed,3434.0,22,22,Own,10,1,5
1960,Baby Boomer,Spain,Medium,Retail,Employed,2494.0,19,28,With parents,7,9,5
1988,Millennial,Czechia,High,IT,Employed,820.0,28,32,With parents,8,7,8
1984,Millennial,Italy,Low,IT,Employed,4385.0,17,22,Own,2,1,3
1999,Gen Z,Netherlands,Medium,Retail,Employed,1708.0,25,2,Own,8,10,9
1962,Baby Boomer,Spain,High,Construction,Employed,9.0,18,31,With parents,4,2,5
1978,Gen X,Netherlands,Low,Education,Inactive,2931.0,29,2,Rent,2,5,10
1969,Gen X,Czechia,High,IT,Employed,1473.0,29,11,With parents,4,3,3
1989,Millennial,Czechia,High,Finance,Employed,3884.0,29,3,Own,8,1,8
1950,Baby Boomer,Poland,High,Construction,Unemployed,2849.0,24,32,Own,6,5,2
1965,Gen X,France,Medium,Construction,Inactive,4118.0,19,31,With parents,3,8,8
2002,Gen Z,France,Medium,Healthcare,Employed,1252.0,16,16,Rent,7,1,9
1950,Baby Boomer,Czechia,High,Education,Employed,3350.0,25,8,Own,6,6,8
1976,Gen X,Netherlands,High,Construction,Employed,1468.0,19,4,Own,5,1,10
1985,Millennial,Czechia,Medium,Unemployed,Employed,2509.0,28,20,Own,6,8,1
1992,Millennial,France,High,Retail,Employed,2355.0,23,2,With parents,3,5,9
1987,Millennial,Germany,Medium,Unemployed,Inactive,3449.0,29,2,With parents,5,3,1
1983,Millennial,Netherlands,High,Construction,Employed,2929.0,23,34,Own,3,8,9
1975,Gen X,Poland,Low,Unemployed,Inactive,1782.0,25,32,With parents,2,10,10
1986,Millennial,Sweden,Low,Education,Employed,3180.0,25,2,Rent,2,8,2
1954,Baby Boomer,Netherlands,Medium,Unemployed,Inactive,2117.0,17,17,With parents,2,3,8
1974,Gen X,Netherlands,Medium,Finance,Employed,2824.0,25,2,Own,10,7,9
2001,Gen Z,France,High,Construction,Employed,2466.0,19,28,Rent,4,1,6
1996,Millennial,Poland,Low,Education,Unemployed,2008.0,22,4,With parents,2,3,6
1962,Baby Boomer,Netherlands,High,Construction,Employed,1009.0,23,8,Own,4,7,3
2004,Gen Z,France,Medium,Manufacturing,Employed,2383.0,16,11,Own,9,3,10
1968,Gen X,Czechia,Medium,Unemployed,Employed,1592.0,23,15,Rent,3,7,9
1996,Millennial,Italy,Medium,Unemployed,Employed,1093.0,16,26,With parents,5,3,8
1953,Baby Boomer,Poland,Medium,Retail,Employed,2947.0,21,8,With parents,2,3,2
1975,Gen X,Spain,Low,Healthcare,Employed,1632.0,20,21,With parents,7,2,5
1959,Baby Boomer,Germany,Low,Retail,Unemployed,575.0,25,16,With parents,10,5,7
1948,Baby Boomer,Spain,High,Manufacturing,Employed,2202.0,22,0,Rent,5,1,1
1984,Millennial,Sweden,Low,Retail,Employed,2063.0,21,2,Own,7,4,8
1953,Baby Boomer,Czechia,Low,Retail,Employed,2144.0,25,4,Own,3,4,3
1989,Millennial,Poland,High,Healthcare,Unemployed,2143.0,29,21,Own,6,10,10
1953,Baby Boomer,Netherlands,Low,Unemployed,Employed,1295.0,16,0,With parents,3,3,2
1970,Gen X,France,Medium,Manufacturing,Employed,1841.0,21,3,With parents,1,5,7
1948,Baby Boomer,Sweden,Low,Retail,Employed,3135.0,28,21,With parents,8,4,5
1961,Baby Boomer,Poland,Medium,Finance,Employed,2969.0,29,23,With parents,9,8,8
1960,Baby Boomer,Germany,Medium,Construction,Employed,1882.0,18,31,Own,5,8,1
1959,Baby Boomer,Poland,Low,Retail,Employed,2727.0,27,1,Own,1,10,9
1979,Gen X,Sweden,High,IT,Employed,2284.0,21,35,Rent,2,1,6
2001,Gen Z,France,High,Retail,Employed,1903.0,22,4,Rent,8,8,8
1996,Millennial,Spain,Low,Healthcare,Inactive,3322.0,21,6,With parents,7,9,6
1949,Baby Boomer,Italy,High,IT,Employed,1395.0,24,35,Rent,4,4,7
1999,Gen Z,Spain,Medium,Finance,Employed,2476.0,27,7,Own,3,8,8
1949,Baby Boomer,France,Low,Construction,Employed,703.0,24,35,Own,4,9,9
1964,Baby Boomer,Sweden,Low,Finance,Employed,2524.0,23,11,Own,5,2,4
1959,Baby Boomer,France,Medium,Finance,Employed,1606.0,20,27,Own,4,9,3
1962,Baby Boomer,Czechia,Medium,Manufacturing,Employed,1856.0,25,1,With parents,9,6,10
1991,Millennial,Germany,Medium,Finance,Employed,1938.0,18,13,With parents,1,9,10
1946,Baby Boomer,Poland,High,Education,Employed,203.0,19,18,Rent,1,8,2
1973,Gen X,Czechia,High,Healthcare,Employed,747.0,26,20,With parents,10,4,2
1957,Baby Boomer,Poland,Medium,Manufacturing,Employed,2947.0,25,29,Rent,7,7,4
1948,Baby Boomer,Spain,High,IT,Employed,2294.0,23,20,Own,3,3,8
1986,Millennial,Sweden,High,Education,Employed,3513.0,24,27,Rent,4,1,6
1989,Millennial,Italy,Low,Manufacturing,Unemployed,969.0,28,32,With parents,1,4,3
1954,Baby Boomer,Italy,Medium,Healthcare,Employed,2966.0,23,6,With parents,2,4,4
1975,Gen X,Germany,Medium,IT,Employed,2615.0,25,15,Own,5,5,3
1985,Millennial,France,Medium,Healthcare,Unemployed,3248.0,18,24,With parents,4,4,3
1952,Baby Boomer,Germany,Medium,Healthcare,Unemployed,2103.0,22,29,Own,3,9,9
1947,Baby Boomer,Poland,Medium,IT,Employed,2303.0,26,16,With parents,2,5,3
1992,Millennial,Netherlands,Medium,Finance,Employed,1410.0,23,15,Own,1,5,2
1990,Millennial,Netherlands,Medium,Retail,Unemployed,1956.0,18,3,Rent,1,8,2
1953,Baby Boomer,Netherlands,Medium,Healthcare,Unemployed,1758.0,16,29,Rent,1,7,8
1974,Gen X,France,Low,Finance,Unemployed,1007.0,22,19,Own,7,2,10
1997,Gen Z,Germany,Medium,Construction,Employed,2323.0,29,34,Rent,1,1,3
1955,Baby Boomer,Czechia,Medium,IT,Employed,3048.0,18,4,With parents,2,1,10
1979,Gen X,Sweden,Medium,Healthcare,Employed,3262.0,16,13,Own,2,1,10
1981,Millennial,Spain,High,Retail,Inactive,1470.0,22,27,Rent,8,10,9
1986,Millennial,Poland,Medium,Construction,Unemployed,2167.0,26,9,Rent,5,6,3
1957,Baby Boomer,Netherlands,Low,IT,Unemployed,2079.0,27,29,With parents,4,5,10
1980,Gen X,Sweden,Medium,Unemployed,Employed,3527.0,29,31,Rent,3,9,2
2000,Gen Z,Italy,High,Manufacturing,Employed,3808.0,22,11,Rent,8,6,8
1957,Baby Boomer,Czechia,High,Manufacturing,Employed,1026.0,19,15,Own,10,10,6
1956,Baby Boomer,Germany,Medium,Unemployed,Unemployed,2638.0,29,25,With parents,6,10,4
1981,Millennial,Poland,Low,Finance,Employed,2678.0,17,34,Rent,7,5,1
1954,Baby Boomer,Poland,Medium,Manufacturing,Inactive,2020.0,25,15,Own,5,7,10
2004,Gen Z,Italy,Medium,Education,Employed,1063.0,29,16,Rent,5,5,6
2000,Gen Z,Czechia,High,Unemployed,Employed,2835.0,20,22,Own,10,1,7
1953,Baby Boomer,Italy,Medium,Healthcare,Inactive,3295.0,26,21,With parents,8,9,8
1996,Millennial,Italy,Medium,Healthcare,Employed,1708.0,26,20,With parents,1,4,7
1951,Baby Boomer,Netherlands,Medium,IT,Employed,3277.0,24,33,With parents,3,5,2
1946,Baby Boomer,Czechia,Medium,Education,Inactive,2204.0,21,4,Rent,7,4,3
1998,Gen Z,Netherlands,High,Healthcare,Employed,3480.0,25,30,Rent,3,6,1
2000,Gen Z,Germany,Medium,IT,Unemployed,3478.0,29,32,Own,9,9,4
2004,Gen Z,Italy,High,Retail,Employed,2179.0,27,2,With parents,2,1,5
1967,Gen X,Spain,Medium,Healthcare,Unemployed,2576.0,24,18,With parents,1,4,9
1983,Millennial,Poland,Low,Finance,Employed,1568.0,27,17,Own,7,10,1
1984,Millennial,Czechia,Medium,Healthcare,Employed,739.0,16,27,Own,9,3,7
1983,Millennial,Italy,Low,Retail,Employed,2426.0,17,14,Rent,4,3,4
1965,Gen X,Czechia,Medium,Retail,Employed,880.0,26,32,With parents,9,8,8
1967,Gen X,Poland,Medium,Healthcare,Employed,4084.0,21,27,Rent,3,8,10
1973,Gen X,France,High,Retail,Inactive,3225.0,18,7,Own,8,7,2
1958,Baby Boomer,Sweden,Medium,IT,Unemployed,2064.0,17,29,With parents,9,10,5
1970,Gen X,France,Low,Healthcare,Inactive,4601.0,21,0,Own,5,5,2
1995,Millennial,Italy,Medium,Healthcare,Employed,1633.0,22,6,Own,5,2,2
1949,Baby Boomer,Poland,Medium,Manufacturing,Employed,1847.0,19,13,With parents,5,5,7
1999,Gen Z,Sweden,High,Finance,Employed,1836.0,28,20,Rent,9,4,4
1975,Gen X,France,Medium,Healthcare,Inactive,2142.0,28,5,Own,9,8,9
1969,Gen X,Italy,High,Construction,Employed,1921.0,25,16,Own,3,6,10
1975,Gen X,Poland,Low,Manufacturing,Employed,2611.0,24,13,Own,4,1,2
1994,Millennial,Italy,High,Retail,Employed,1301.0,26,6,Rent,6,5,7
1964,Baby Boomer,Netherlands,High,Finance,Employed,2315.0,27,14,Rent,8,8,8
1988,Millennial,Poland,High,Finance,Inactive,1712.0,28,7,Rent,2,1,1
1999,Gen Z,France,Low,Retail,Employed,2256.0,18,9,With parents,4,1,1
1961,Baby Boomer,Italy,Medium,IT,Inactive,1225.0,17,28,Rent,5,3,7
1989,Millennial,Czechia,Medium,Unemployed,Employed,1422.0,26,18,Own,6,1,5
1946,Baby Boomer,France,Low,Unemployed,Inactive,4113.0,29,1,Own,1,6,7
1969,Gen X,Italy,Medium,Manufacturing,Employed,1371.0,20,7,With parents,6,5,1
1957,Baby Boomer,Czechia,High,Healthcare,Employed,2671.0,27,29,Rent,10,5,9
2002,Gen Z,Czechia,Medium,Manufacturing,Employed,1717.0,24,35,With parents,7,3,2
1983,Millennial,Germany,High,Retail,Employed,1284.0,16,17,Own,9,2,5
1972,Gen X,Czechia,Low,Retail,Employed,2258.0,21,1,Rent,8,1,4
1986,Millennial,France,High,Construction,Employed,1418.0,23,4,With parents,3,2,5
1999,Gen Z,France,Medium,Unemployed,Employed,2666.0,22,12,Rent,5,10,9
1950,Baby Boomer,Spain,Medium,IT,Employed,2088.0,21,10,Rent,1,9,5
1947,Baby Boomer,Sweden,High,Unemployed,Employed,3402.0,18,7,Own,9,10,4
2002,Gen Z,Netherlands,Low,Finance,Employed,1025.0,24,16,Own,10,5,4
1979,Gen X,France,High,Finance,Unemployed,2448.0,20,10,Own,7,8,5
1962,Baby Boomer,Poland,Medium,Retail,Inactive,2533.0,27,25,With parents,3,3,10
1955,Baby Boomer,Sweden,Medium,Manufacturing,Employed,1303.0,16,33,With parents,6,5,1
1998,Gen Z,Czechia,High,Finance,Employed,1602.0,24,2,With parents,10,7,9
1964,Baby Boomer,Italy,Medium,Construction,Employed,919.0,25,24,Rent,1,2,1
1949,Baby Boomer,Germany,High,Construction,Employed,796.0,24,23,Rent,3,3,7
1963,Baby Boomer,Poland,Medium,Healthcare,Unemployed,2093.0,16,22,Own,1,3,4
1966,Gen X,Sweden,High,Healthcare,Employed,2926.0,28,29,Rent,7,9,9
2003,Gen Z,Poland,Medium,Manufacturing,Employed,2082.0,22,26,Rent,3,1,10
2004,Gen Z,Poland,Low,Unemployed,Employed,2119.0,24,9,Own,5,9,1
1963,Baby Boomer,Poland,Medium,Unemployed,Unemployed,1032.0,17,8,With parents,5,1,4
1991,Millennial,Sweden,Low,IT,Employed,309.0,25,1,Own,9,10,7
1960,Baby Boomer,Germany,Medium,Healthcare,Inactive,2508.0,21,20,Rent,1,7,2
1968,Gen X,Czechia,Low,Manufacturing,Inactive,1605.0,25,10,Own,3,4,5
1985,Millennial,Spain,Low,Manufacturing,Employed,579.0,16,9,Rent,4,10,10
1948,Baby Boomer,Netherlands,Low,Retail,Employed,1710.0,29,24,Own,4,8,7
1959,Baby Boomer,Czechia,Medium,Finance,Employed,2424.0,18,4,Rent,8,1,10
1969,Gen X,France,Medium,Retail,Employed,2562.0,26,21,Rent,8,1,10
1988,Millennial,Sweden,Medium,Finance,Employed,2379.0,20,4,Own,4,6,3
1999,Gen Z,Poland,Low,IT,Employed,1574.0,22,8,Rent,10,5,8
1979,Gen X,Czechia,Medium,IT,Employed,2735.0,26,10,Rent,9,5,4
1999,Gen Z,France,High,IT,Employed,2182.0,20,4,Rent,9,2,5
1958,Baby Boomer,Sweden,Medium,Manufacturing,Inactive,1411.0,23,5,Own,3,2,5
1993,Millennial,France,High,Manufacturing,Inactive,1195.0,20,32,With parents,9,4,7
1963,Baby Boomer,Poland,Medium,Unemployed,Employed,2377.0,21,15,With parents,8,2,8
1982,Millennial,Spain,High,Retail,Employed,2982.0,17,23,Own,4,4,1
1980,Gen X,Sweden,Medium,Healthcare,Employed,2734.0,27,13,Own,10,5,10
1951,Baby Boomer,France,Low,Construction,Inactive,2347.0,20,23,With parents,5,4,7
1974,Gen X,Italy,High,Finance,Inactive,2770.0,22,11,Own,2,6,8
1963,Baby Boomer,France,High,Finance,Employed,4334.0,16,22,Rent,7,3,2
1993,Millennial,Netherlands,Low,IT,Employed,2459.0,25,5,Own,2,2,1
1969,Gen X,Poland,Medium,Unemployed,Employed,2342.0,24,20,With parents,1,1,9
1960,Baby Boomer,Germany,Medium,Finance,Employed,2690.0,24,8,Rent,10,5,9
1991,Millennial,France,Medium,Education,Employed,2875.0,23,35,With parents,5,4,3
1998,Gen Z,Spain,High,IT,Employed,998.0,26,4,With parents,8,9,10
1984,Millennial,Italy,Low,Construction,Inactive,2359.0,24,30,Rent,4,10,9
1995,Millennial,Italy,Medium,Finance,Employed,3103.0,29,34,With parents,1,1,1
1952,Baby Boomer,Germany,Low,Retail,Unemployed,3771.0,20,2,With parents,4,9,1
1962,Baby Boomer,Czechia,Medium,Finance,Employed,2218.0,22,18,With parents,9,8,2
1972,Gen X,Netherlands,Low,Manufacturing,Employed,1791.0,16,18,With parents,8,10,7
1960,Baby Boomer,Germany,High,Retail,Unemployed,2348.0,22,0,Own,9,4,4
1996,Millennial,Netherlands,Medium,Retail,Inactive,1620.0,24,21,With parents,7,2,9
1963,Baby Boomer,France,High,Retail,Unemployed,3612.0,18,18,Own,6,3,6
1986,Millennial,Poland,Low,Education,Unemployed,2633.0,24,25,With parents,6,10,8
1961,Baby Boomer,Spain,Low,Education,Unemployed,2153.0,20,14,With parents,1,9,7
1989,Millennial,Italy,Medium,Finance,Employed,3202.0,28,18,Own,3,10,9
1957,Baby Boomer,Germany,Medium,IT,Unemployed,1162.0,24,24,Rent,2,2,10
1951,Baby Boomer,Spain,High,Unemployed,Unemployed,335.0,28,30,Rent,7,8,9
1971,Gen X,Netherlands,Medium,Finance,Employed,2580.0,29,29,Rent,10,10,2
1954,Baby Boomer,Poland,Low,Finance,Employed,3167.0,23,32,With parents,6,1,1
1978,Gen X,Italy,Low,Unemployed,Unemployed,2072.0,29,15,Rent,3,4,9
1980,Gen X,Italy,Low,Unemployed,Unemployed,1589.0,28,11,With parents,4,3,9
1969,Gen X,Netherlands,High,Finance,Employed,1339.0,26,27,With parents,1,10,3
1950,Baby Boomer,Poland,Medium,Unemployed,Unemployed,1089.0,22,29,Rent,4,2,7
1968,Gen X,Italy,High,Construction,Unemployed,2799.0,25,5,Own,2,3,8
1962,Baby Boomer,Poland,Medium,Manufacturing,Employed,2936.0,21,13,Own,5,3,2
1967,Gen X,Italy,Low,Retail,Unemployed,3026.0,17,4,Own,9,9,3
1950,Baby Boomer,France,Low,Healthcare,Employed,2207.0,27,35,Own,9,3,7
1973,Gen X,Netherlands,High,Construction,Employed,1160.0,22,22,Rent,1,9,3
1969,Gen X,Poland,High,IT,Employed,1557.0,17,31,Rent,6,4,9
1999,Gen Z,Spain,Medium,IT,Inactive,2739.0,21,30,Rent,2,1,7
1961,Baby Boomer,Czechia,Low,Retail,Employed,1266.0,21,13,Rent,1,8,9
1990,Millennial,France,Low,IT,Unemployed,2108.0,24,31,Own,9,10,7
1968,Gen X,Sweden,Medium,Retail,Employed,1284.0,28,26,With parents,2,5,6
1955,Baby Boomer,Spain,Low,IT,Inactive,1573.0,25,0,Rent,6,2,5
1970,Gen X,Netherlands,Low,Finance,Unemployed,1163.0,26,8,Rent,6,9,2
1995,Millennial,Italy,Medium,Manufacturing,Inactive,2215.0,19,15,Own,3,7,8
1978,Gen X,Sweden,Low,Construction,Unemployed,883.0,24,34,Own,6,6,4
1972,Gen X,Spain,Low,Construction,Unemployed,1516.0,17,9,Rent,4,2,8
1947,Baby Boomer,France,High,IT,Employed,2966.0,20,15,With parents,8,6,6
1955,Baby Boomer,Sweden,Medium,Construction,Employed,3144.0,18,29,Rent,4,7,10
1982,Millennial,Sweden,High,IT,Employed,2804.0,21,32,Own,7,5,6
1958,Baby Boomer,Poland,Medium,Unemployed,Unemployed,3474.0,17,14,Own,10,5,3
1995,Millennial,Germany,Medium,Unemployed,Employed,1012.0,28,7,Own,2,4,7
1970,Gen X,Spain,Low,Unemployed,Employed,2118.0,25,3,Own,6,10,7
1992,Millennial,Germany,Medium,Healthcare,Inactive,2268.0,24,1,Own,10,1,5
1965,Gen X,Netherlands,Low,Construction,Unemployed,3957.0,19,6,Own,5,10,6
1998,Gen Z,Spain,Low,Manufacturing,Inactive,1986.0,22,33,Rent,1,7,6
2000,Gen Z,Spain,High,Construction,Employed,2921.0,20,24,With parents,5,3,8
1983,Millennial,Poland,Medium,Finance,Employed,3724.0,23,6,With parents,6,5,9
1974,Gen X,Italy,High,Manufacturing,Employed,2317.0,27,24,Own,2,8,6
2003,Gen Z,France,Medium,Construction,Employed,1778.0,19,1,Rent,7,2,3
1952,Baby Boomer,France,Medium,Manufacturing,Employed,1856.0,29,25,Rent,1,4,5
1995,Millennial,France,Medium,Construction,Employed,660.0,22,35,Own,1,9,1
1964,Baby Boomer,Czechia,High,IT,Employed,1787.0,26,2,Own,1,2,1
1992,Millennial,Netherlands,Medium,Education,Employed,921.0,20,28,Own,2,8,10
1976,Gen X,Sweden,High,Unemployed,Employed,2904.0,18,10,Rent,1,9,10
1966,Gen X,Italy,Low,IT,Employed,794.0,23,20,Rent,7,3,1
2003,Gen Z,Germany,High,Retail,Unemployed,2553.0,21,3,With parents,5,5,9
1951,Baby Boomer,France,Medium,Unemployed,Unemployed,3224.0,19,4,With parents,7,4,10
1953,Baby Boomer,Czechia,Low,Construction,Unemployed,2856.0,24,5,With parents,5,10,2
1989,Millennial,Germany,Medium,Healthcare,Employed,1765.0,24,21,With parents,8,10,10
1945,Baby Boomer,Italy,Medium,Manufacturing,Inactive,2887.0,17,5,With parents,10,8,1
1973,Gen X,Netherlands,Low,Retail,Inactive,2209.0,25,13,Own,8,8,5
1952,Baby Boomer,Italy,Low,Finance,Employed,1788.0,28,21,Rent,9,5,8
2000,Gen Z,Poland,Medium,Unemployed,Employed,1873.0,24,15,With parents,3,5,5
1998,Gen Z,Sweden,Medium,Retail,Employed,2599.0,19,31,Own,2,1,5
1948,Baby Boomer,France,Medium,Unemployed,Unemployed,799.0,24,35,Rent,7,5,10
1979,Gen X,Netherlands,Low,Education,Employed,1746.0,28,6,With parents,7,1,2
2003,Gen Z,Poland,Low,Construction,Inactive,2537.0,25,22,Own,3,4,7
1947,Baby Boomer,France,High,Manufacturing,Employed,1739.0,23,13,With parents,2,7,1
1998,Gen Z,Italy,High,IT,Inactive,1037.0,29,5,With parents,10,2,2
1989,Millennial,Italy,Medium,Manufacturing,Inactive,1398.0,25,24,Rent,2,1,5
1984,Millennial,Czechia,High,Unemployed,Inactive,2355.0,29,2,Own,3,2,7
1951,Baby Boomer,Spain,Medium,Healthcare,Employed,2635.0,18,12,Rent,8,7,7
1971,Gen X,Spain,Low,Manufacturing,Employed,3176.0,29,2,With parents,8,3,8
1945,Baby Boomer,Italy,Low,Retail,Unemployed,2903.0,25,30,With parents,1,5,6
1971,Gen X,Italy,High,Retail,Unemployed,2892.0,22,2,With parents,9,1,3
1960,Baby Boomer,Germany,Medium,IT,Employed,471.0,27,16,Rent,5,10,8
1982,Millennial,Czechia,High,IT,Unemployed,2878.0,28,1,With parents,5,10,1
1951,Baby Boomer,Sweden,High,IT,Employed,1735.0,17,4,Own,2,10,3
1988,Millennial,Germany,Medium,Finance,Employed,903.0,17,8,With parents,5,8,8
1967,Gen X,Sweden,Low,Construction,Employed,2702.0,29,28,Rent,6,4,3
1985,Millennial,Poland,Low,Healthcare,Inactive,2361.0,19,34,With parents,7,10,5
2003,Gen Z,Spain,Low,Finance,Employed,2996.0,25,35,Own,1,2,5
1955,Baby Boomer,Spain,Low,Unemployed,Unemployed,1719.0,22,34,Own,3,8,7
1986,Millennial,Czechia,Medium,Finance,Employed,2195.0,19,29,Rent,4,10,4
1997,Gen Z,Italy,Low,Finance,Unemployed,579.0,17,14,With parents,7,5,10
1977,Gen X,Italy,Low,Unemployed,Inactive,3965.0,27,28,Rent,8,2,2
1994,Millennial,Poland,Medium,Manufacturing,Employed,996.0,17,24,Own,5,9,2
1980,Gen X,Netherlands,Medium,Education,Employed,1471.0,20,10,Rent,7,6,7
1981,Millennial,Netherlands,Medium,Unemployed,Employed,1272.0,18,3,With parents,2,8,3
1985,Millennial,Czechia,Medium,Construction,Inactive,2386.0,18,11,With parents,8,2,10
2003,Gen Z,Netherlands,Medium,Manufacturing,Employed,1437.0,16,31,Own,2,5,2
1961,Baby Boomer,Spain,High,Unemployed,Employed,3170.0,18,4,Own,3,3,5
1979,Gen X,Germany,Low,IT,Employed,2483.0,19,24,Own,3,8,2
1992,Millennial,Netherlands,Low,Unemployed,Employed,859.0,27,3,Own,6,1,5
1949,Baby Boomer,France,High,Healthcare,Employed,2902.0,21,23,Own,10,9,8
1992,Millennial,Czechia,Medium,Unemployed,Inactive,3021.0,26,35,With parents,6,6,6
1976,Gen X,Poland,High,Finance,Employed,1544.0,21,1,With parents,1,1,1
1947,Baby Boomer,Netherlands,Low,Manufacturing,Employed,1170.0,27,34,With parents,10,3,10
1996,Millennial,France,High,Construction,Inactive,2559.0,20,35,Rent,2,8,7
1991,Millennial,Netherlands,High,Retail,Employed,2793.0,19,7,Rent,5,8,4
1979,Gen X,Germany,Medium,Construction,Employed,1297.0,21,8,Own,9,3,4
1996,Millennial,Germany,Low,Finance,Unemployed,3031.0,28,27,With parents,6,10,9
1958,Baby Boomer,Netherlands,High,Construction,Employed,1684.0,28,9,Own,6,8,10
1992,Millennial,Czechia,High,Manufacturing,Employed,3265.0,20,4,With parents,1,6,6
1975,Gen X,Czechia,High,Retail,Employed,778.0,25,30,With parents,8,7,10
1975,Gen X,France,Low,Unemployed,Employed,1540.0,16,28,With parents,9,2,7
1961,Baby Boomer,Poland,High,Manufacturing,Employed,2012.0,29,2,With parents,5,1,2
2004,Gen Z,France,Low,Unemployed,Inactive,1308.0,27,25,With parents,10,1,3
1968,Gen X,Poland,Low,Manufacturing,Employed,2172.0,17,30,With parents,3,3,10
1996,Millennial,Netherlands,Medium,Unemployed,Inactive,1888.0,29,1,With parents,10,7,1
1967,Gen X,Poland,Medium,Finance,Employed,2011.0,24,14,Rent,5,9,5
1962,Baby Boomer,Italy,Medium,Unemployed,Inactive,1836.0,25,12,Rent,5,2,7
1994,Millennial,Spain,Medium,Manufacturing,Unemployed,1038.0,19,27,Own,1,6,6
1998,Gen Z,Sweden,Low,IT,Unemployed,2179.0,21,13,With parents,9,8,6
1958,Baby Boomer,Spain,Medium,Construction,Employed,2087.0,20,11,Own,10,9,6
1994,Millennial,Germany,High,Retail,Employed,1292.0,17,14,Rent,2,10,4
1959,Baby Boomer,Italy,Low,Unemployed,Employed,3324.0,16,20,With parents,5,3,7
1959,Baby Boomer,Spain,Medium,Healthcare,Unemployed,2483.0,16,28,Rent,1,5,6
1950,Baby Boomer,Netherlands,Medium,Education,Unemployed,2848.0,16,34,Rent,7,5,5
1971,Gen X,Poland,Medium,Construction,Employed,1472.0,21,19,Own,7,8,7
1959,Baby Boomer,Poland,Medium,Finance,Inactive,122.0,25,17,With parents,5,1,7
1994,Millennial,France,Medium,Retail,Inactive,3770.0,22,14,Own,10,3,2
1980,Gen X,France,Low,IT,Employed,2352.0,22,11,With parents,10,6,5
1999,Gen Z,Czechia,High,Retail,Employed,2527.0,24,33,With parents,2,6,7
1952,Baby Boomer,Poland,Medium,Healthcare,Unemployed,2489.0,18,4,With parents,8,4,8
1959,Baby Boomer,Czechia,Medium,Finance,Employed,2559.0,29,16,Rent,3,5,9
1947,Baby Boomer,Netherlands,Medium,Retail,Unemployed,1243.0,24,12,Rent,5,10,4
1991,Millennial,Poland,Medium,Construction,Unemployed,1274.0,16,12,Own,6,3,5
1957,Baby Boomer,France,Medium,IT,Employed,1277.0,17,35,Own,6,4,8
1985,Millennial,Spain,Medium,Finance,Employed,2696.0,22,15,Own,8,10,8
1978,Gen X,Czechia,Medium,IT,Employed,1108.0,27,2,Rent,1,10,2
1968,Gen X,Czechia,Medium,Finance,Inactive,824.0,17,1,Rent,5,1,1
1984,Millennial,Germany,Low,Education,Employed,1622.0,25,24,With parents,7,6,10
1976,Gen X,France,Medium,Healthcare,Employed,1955.0,26,2,With parents,5,5,10
1976,Gen X,Netherlands,High,Education,Inactive,2155.0,19,10,Own,8,5,4
1974,Gen X,Czechia,Low,Construction,Employed,1762.0,17,10,With parents,2,4,2
1996,Millennial,Spain,Low,Construction,Employed,2636.0,26,9,With parents,5,9,10
1993,Millennial,Spain,Low,Construction,Employed,3250.0,17,27,Rent,4,9,3
1957,Baby Boomer,Spain,High,Manufacturing,Employed,2244.0,26,10,Rent,3,5,2
1945,Baby Boomer,Italy,High,Construction,Employed,3246.0,29,6,Rent,2,7,4
1978,Gen X,Italy,Medium,IT,Employed,2695.0,28,28,Own,8,3,8
1959,Baby Boomer,Sweden,High,Education,Inactive,1340.0,16,0,Rent,4,1,9
1988,Millennial,Spain,Medium,IT,Employed,1438.0,24,14,Own,10,1,7
1958,Baby Boomer,Czechia,High,Finance,Employed,1392.0,25,6,With parents,10,3,2
2001,Gen Z,Netherlands,Medium,Unemployed,Employed,2028.0,18,3,With parents,4,3,7
1973,Gen X,Poland,Low,IT,Employed,1949.0,28,2,With parents,4,5,10
1978,Gen X,Netherlands,Medium,Manufacturing,Employed,2735.0,16,19,With parents,9,8,6
1962,Baby Boomer,Italy,Medium,IT,Employed,2059.0,25,2,Rent,7,6,4
1998,Gen Z,France,Medium,Finance,Inactive,2423.0,21,28,With parents,10,8,1
1951,Baby Boomer,Czechia,Medium,Unemployed,Employed,1149.0,23,19,Rent,3,7,10
1973,Gen X,Sweden,Medium,Finance,Employed,2417.0,22,9,With parents,5,1,10
1999,Gen Z,Italy,Medium,Education,Employed,1769.0,22,34,With parents,4,10,1
1975,Gen X,Poland,Low,Construction,Employed,1704.0,17,25,Rent,1,8,6
1969,Gen X,Germany,High,Healthcare,Employed,1618.0,26,29,Own,4,1,7
1982,Millennial,Sweden,High,Retail,Employed,3560.0,19,25,Rent,7,5,1
1958,Baby Boomer,Italy,High,Unemployed,Employed,1138.0,21,19,Own,5,3,2
1952,Baby Boomer,Netherlands,High,Education,Employed,2809.0,17,8,Rent,6,7,9
1971,Gen X,Sweden,Medium,Unemployed,Employed,2158.0,28,10,Own,6,5,10
1998,Gen Z,Czechia,Medium,Manufacturing,Employed,976.0,20,32,Own,7,2,4
1946,Baby Boomer,Netherlands,Low,Retail,Employed,1932.0,27,29,Rent,1,1,4
1961,Baby Boomer,Spain,Low,IT,Employed,97.0,20,29,Own,6,10,10
1981,Millennial,Spain,Medium,Education,Inactive,3748.0,18,22,Rent,9,6,6
1958,Baby Boomer,Spain,High,Retail,Unemployed,1869.0,17,35,Own,10,6,5
1969,Gen X,Sweden,Low,Construction,Inactive,3204.0,26,23,With parents,5,8,9
2000,Gen Z,Germany,High,Construction,Employed,3411.0,22,30,With parents,7,9,3
1974,Gen X,Poland,Medium,Education,Employed,1689.0,23,22,With parents,3,2,8
1973,Gen X,Czechia,High,Construction,Employed,2226.0,19,35,Rent,4,5,1
1964,Baby Boomer,Sweden,Low,IT,Unemployed,2367.0,19,33,Own,4,5,7
1965,Gen X,France,Medium,Finance,Employed,3910.0,26,20,With parents,6,10,8
1997,Gen Z,Czechia,High,Education,Employed,2028.0,29,25,Rent,3,8,9
1966,Gen X,Netherlands,Medium,Manufacturing,Employed,2152.0,24,6,Rent,3,9,10
1979,Gen X,Netherlands,Medium,Retail,Employed,941.0,19,24,Own,10,5,1
1981,Millennial,Sweden,Low,Retail,Employed,1395.0,25,2,Rent,5,5,1
1960,Baby Boomer,Sweden,Low,Retail,Employed,1750.0,29,17,Rent,2,3,8
1994,Millennial,Poland,Low,Education,Employed,3371.0,27,5,Own,1,6,2
2002,Gen Z,Germany,Medium,IT,Inactive,3904.0,18,12,With parents,2,7,6
1993,Millennial,Sweden,Medium,Education,Inactive,2651.0,26,1,Own,9,3,8
1987,Millennial,Spain,Medium,Education,Employed,2516.0,28,12,With parents,3,2,10
1961,Baby Boomer,Poland,Low,Construction,Employed,2816.0,29,0,With parents,3,2,6
1960,Baby Boomer,France,High,Finance,Employed,1584.0,16,1,With parents,1,9,9
2002,Gen Z,Spain,High,Retail,Employed,3451.0,18,3,With parents,2,6,8
1999,Gen Z,France,Low,IT,Employed,912.0,20,12,Rent,6,2,7
1946,Baby Boomer,Italy,Medium,Healthcare,Employed,1791.0,28,29,With parents,2,5,5
1948,Baby Boomer,France,Low,Unemployed,Unemployed,2788.0,17,11,Rent,10,7,1
1965,Gen X,Spain,High,IT,Employed,1767.0,20,32,Own,10,1,2
1983,Millennial,Italy,High,Construction,Employed,4422.0,24,33,With parents,8,8,2
1978,Gen X,Spain,High,Education,Employed,2801.0,25,2,With parents,6,6,1
1974,Gen X,Netherlands,Low,Manufacturing,Employed,3085.0,26,8,With parents,2,1,5
1950,Baby Boomer,Spain,Medium,IT,Unemployed,1517.0,21,6,With parents,10,8,3
1961,Baby Boomer,Italy,Low,Retail,Employed,3068.0,18,3,With parents,6,5,8
1983,Millennial,France,Medium,Manufacturing,Employed,2929.0,20,27,Own,2,7,2
1969,Gen X,Netherlands,Medium,Healthcare,Employed,3608.0,27,31,With parents,1,10,3
1949,Baby Boomer,Germany,Low,Healthcare,Employed,227.0,16,0,Own,5,4,9
1949,Baby Boomer,Germany,High,Unemployed,Employed,1497.0,23,12,Own,5,2,2
1964,Baby Boomer,Czechia,Medium,Manufacturing,Employed,2503.0,24,35,Own,8,8,9
1960,Baby Boomer,Germany,High,Construction,Employed,2530.0,20,25,Rent,4,4,9
1995,Millennial,Germany,Medium,Healthcare,Employed,2159.0,24,12,Rent,2,8,3
1985,Millennial,Poland,High,Manufacturing,Unemployed,825.0,23,21,With parents,7,9,5
1981,Millennial,Germany,High,Education,Employed,2377.0,23,23,Own,3,4,10
1984,Millennial,Italy,High,Manufacturing,Employed,2478.0,17,10,Own,3,8,2
1953,Baby Boomer,Sweden,High,Education,Inactive,2197.0,20,24,With parents,8,4,1
1949,Baby Boomer,Germany,High,Unemployed,Employed,2167.0,27,14,With parents,3,8,3
1986,Millennial,Spain,Medium,Construction,Inactive,3048.0,23,35,Own,2,1,8
2001,Gen Z,Sweden,Low,Retail,Employed,2061.0,18,33,Rent,10,2,2
1946,Baby Boomer,Germany,Medium,Retail,Unemployed,1075.0,16,33,Own,9,10,5
1953,Baby Boomer,Sweden,High,Healthcare,Employed,3463.0,29,31,With parents,8,3,4
1987,Millennial,France,High,Finance,Inactive,3412.0,26,24,Own,2,2,9
1980,Gen X,Italy,Medium,Finance,Employed,2164.0,19,2,With parents,8,10,10
1966,Gen X,Italy,Medium,Manufacturing,Employed,2988.0,19,28,Rent,5,8,5
1966,Gen X,Czechia,Medium,Construction,Employed,828.0,25,20,Own,10,10,1
1966,Gen X,Sweden,High,Unemployed,Inactive,2070.0,19,8,With parents,10,9,7
1978,Gen X,Czechia,Low,Education,Employed,657.0,19,20,Own,4,9,9
1999,Gen Z,Netherlands,Medium,Retail,Inactive,3212.0,24,20,Rent,10,1,6
1973,Gen X,Poland,Medium,Construction,Employed,854.0,26,6,Own,5,9,10
1982,Millennial,Spain,Low,Retail,Employed,1830.0,29,31,With parents,10,8,8
2003,Gen Z,Sweden,Low,Retail,Employed,2394.0,16,21,With parents,5,8,9
1990,Millennial,Italy,Medium,Healthcare,Employed,2942.0,24,10,Own,1,3,7
1977,Gen X,Czechia,High,Retail,Unemployed,2675.0,22,33,Own,5,8,5
1962,Baby Boomer,France,Low,Unemployed,Employed,3229.0,28,13,With parents,7,2,3
1951,Baby Boomer,Germany,Medium,Finance,Inactive,2923.0,29,21,With parents,8,2,4
1945,Baby Boomer,Italy,High,Unemployed,Employed,3378.0,20,24,Own,8,4,4
1977,Gen X,France,High,IT,Employed,620.0,17,15,Rent,2,7,7
1945,Baby Boomer,Germany,High,Healthcare,Unemployed,1764.0,29,32,With parents,10,4,9
1968,Gen X,Poland,Medium,Manufacturing,Employed,2606.0,25,1,Rent,1,2,2
1948,Baby Boomer,Italy,High,IT,Employed,3616.0,27,5,Rent,4,5,10
1948,Baby Boomer,Czechia,Low,Healthcare,Employed,1745.0,25,33,Rent,3,8,2
1962,Baby Boomer,Italy,High,Construction,Employed,3969.0,25,21,With parents,8,7,4
1971,Gen X,Sweden,Medium,Healthcare,Inactive,2518.0,19,15,Rent,6,7,8
1987,Millennial,Sweden,Low,Unemployed,Inactive,1560.0,26,6,Own,5,9,10
2003,Gen Z,France,Medium,Education,Unemployed,1161.0,19,12,Own,9,5,1
1976,Gen X,Czechia,Low,IT,Unemployed,2862.0,19,16,Own,6,4,6
1977,Gen X,Netherlands,High,IT,Employed,1624.0,26,2,With parents,6,10,1
1972,Gen X,Sweden,Medium,Unemployed,Employed,1955.0,27,11,Rent,1,9,9
1986,Millennial,Spain,Medium,Finance,Unemployed,2346.0,28,5,Own,9,1,5
1985,Millennial,Poland,Low,IT,Employed,2380.0,17,11,Rent,2,6,3
1999,Gen Z,Spain,Low,Retail,Employed,3921.0,23,10,With parents,1,3,1
1980,Gen X,Italy,High,Finance,Unemployed,2554.0,19,18,Own,7,6,4
2004,Gen Z,Spain,High,Construction,Employed,1656.0,24,30,With parents,5,7,10
1950,Baby Boomer,Germany,High,Retail,Employed,1528.0,17,1,Rent,6,1,6
1960,Baby Boomer,Poland,Medium,Finance,Unemployed,3701.0,22,31,Rent,4,6,8
1978,Gen X,Spain,Low,Manufacturing,Employed,1736.0,20,17,With parents,8,8,9
1967,Gen X,Germany,Medium,Construction,Unemployed,2726.0,20,3,Rent,7,5,4
1994,Millennial,France,Medium,Finance,Employed,2373.0,22,21,Rent,1,5,5
1986,Millennial,Spain,Low,Manufacturing,Employed,2579.0,19,13,Rent,6,7,8
1968,Gen X,Poland,High,Finance,Employed,3458.0,18,13,Rent,3,8,3
2000,Gen Z,Germany,Medium,Manufacturing,Unemployed,2454.0,24,28,With parents,8,7,4
1993,Millennial,Spain,Low,Retail,Employed,2936.0,27,33,With parents,6,3,10
1957,Baby Boomer,France,Medium,Construction,Employed,2475.0,18,5,Rent,6,6,6
2000,Gen Z,Spain,Medium,Construction,Employed,1792.0,20,11,Rent,5,9,5
1962,Baby Boomer,Germany,High,Finance,Employed,2645.0,17,23,With parents,8,2,8
1998,Gen Z,Spain,Medium,Education,Employed,1614.0,22,28,Own,6,9,10
1957,Baby Boomer,Poland,Medium,Finance,Employed,1153.0,28,9,Own,7,3,2
1993,Millennial,Italy,Low,Manufacturing,Employed,2723.0,27,35,Rent,9,3,9
1981,Millennial,Czechia,High,Construction,Employed,2618.0,26,33,Rent,6,10,1
1987,Millennial,Czechia,High,Healthcare,Employed,2525.0,22,31,Own,6,2,2
1983,Millennial,Germany,Medium,Retail,Employed,2179.0,27,31,Own,9,3,8
1986,Millennial,Germany,Low,Education,Employed,2135.0,20,14,With parents,6,7,8
1961,Baby Boomer,Germany,Medium,Healthcare,Employed,1225.0,23,8,Rent,7,3,8
1959,Baby Boomer,Germany,Medium,Unemployed,Employed,524.0,24,35,With parents,4,1,2
1962,Baby Boomer,Spain,High,Healthcare,Inactive,2999.0,28,21,Rent,5,4,8
1967,Gen X,Poland,High,Retail,Employed,2987.0,19,12,Rent,8,7,5
1998,Gen Z,Czechia,High,Finance,Employed,1974.0,26,13,With parents,10,6,4
1995,Millennial,France,Low,IT,Employed,3525.0,27,25,Rent,10,10,2
1974,Gen X,Czechia,High,Education,Unemployed,2650.0,17,24,Own,5,3,9
2002,Gen Z,Poland,Medium,Finance,Inactive,2504.0,17,21,Own,4,1,3
1978,Gen X,Germany,High,Retail,Employed,4016.0,26,29,With parents,8,8,5
2002,Gen Z,Netherlands,Medium,IT,Unemployed,1071.0,28,12,Own,5,2,4
1948,Baby Boomer,Spain,Medium,Unemployed,Employed,2158.0,19,31,Rent,2,5,9
1947,Baby Boomer,Netherlands,Medium,Retail,Employed,1433.0,21,18,With parents,10,3,4
1951,Baby Boomer,Spain,Low,Retail,Employed,1869.0,21,34,Own,8,4,5
2000,Gen Z,Germany,Medium,Healthcare,Employed,2139.0,17,28,With parents,8,3,8
1962,Baby Boomer,Spain,High,Construction,Employed,2160.0,16,6,With parents,7,3,4
1986,Millennial,Germany,Low,Finance,Employed,1234.0,17,34,Rent,9,3,2
1951,Baby Boomer,Poland,Low,Unemployed,Employed,2261.0,23,5,Rent,9,10,10
1984,Millennial,Sweden,Low,Retail,Unemployed,1458.0,20,13,With parents,4,8,2
1950,Baby Boomer,Italy,Medium,Finance,Employed,3277.0,18,27,Own,7,1,10
1966,Gen X,Spain,High,IT,Employed,2888.0,24,0,Own,1,2,9
2002,Gen Z,Germany,Low,Healthcare,Employed,2510.0,27,20,With parents,1,2,10
1945,Baby Boomer,Netherlands,Low,IT,Employed,1772.0,27,26,With parents,3,9,6
1948,Baby Boomer,Germany,High,IT,Employed,2339.0,22,21,Own,6,7,1
1990,Millennial,Netherlands,High,Healthcare,Employed,2836.0,23,10,Rent,10,10,10
1993,Millennial,Czechia,Low,Finance,Employed,1894.0,21,8,With parents,8,7,2
1996,Millennial,Spain,High,IT,Employed,769.0,22,9,Rent,5,8,9
1994,Millennial,France,Medium,Manufacturing,Inactive,2847.0,18,30,Rent,3,2,8
1987,Millennial,Netherlands,High,Finance,Employed,2677.0,16,31,Rent,2,10,9
1973,Gen X,Germany,Medium,Construction,Employed,2489.0,16,30,With parents,10,1,6
1965,Gen X,Spain,High,Construction,Employed,1517.0,16,7,Own,8,6,3
1970,Gen X,Germany,Low,Retail,Inactive,3064.0,26,4,Rent,9,3,4
1958,Baby Boomer,France,Low,Healthcare,Employed,3234.0,26,30,Rent,7,2,7
1953,Baby Boomer,Italy,Medium,Construction,Employed,2453.0,27,6,Own,6,3,8
2003,Gen Z,Sweden,Medium,Healthcare,Employed,1843.0,22,13,Own,10,4,10
1991,Millennial,Sweden,High,Finance,Employed,1862.0,17,24,Rent,2,5,9
1956,Baby Boomer,France,Medium,Manufacturing,Employed,1844.0,28,20,Rent,2,10,10
1986,Millennial,Poland,Low,Unemployed,Employed,1803.0,27,28,With parents,6,10,8
1995,Millennial,Spain,Medium,Manufacturing,Employed,1881.0,21,30,With parents,9,4,2
2000,Gen Z,France,Medium,Manufacturing,Employed,2491.0,29,3,Own,9,8,2
1995,Millennial,Italy,High,Manufacturing,Employed,3007.0,29,28,Rent,9,6,5
1950,Baby Boomer,Germany,Medium,Education,Unemployed,3506.0,16,0,Own,3,7,2
1964,Baby Boomer,Spain,Medium,Unemployed,Employed,1378.0,25,31,Own,3,4,1
1968,Gen X,Czechia,High,Healthcare,Unemployed,1525.0,23,0,With parents,9,7,10
1971,Gen X,Netherlands,High,IT,Employed,2960.0,20,3,Own,5,5,4
1982,Millennial,France,Medium,Healthcare,Employed,1378.0,24,19,With parents,3,2,1
1952,Baby Boomer,Czechia,Low,Construction,Employed,1157.0,18,13,With parents,7,9,4
1945,Baby Boomer,Czechia,High,Unemployed,Employed,1352.0,17,13,Own,6,2,4
1998,Gen Z,Italy,High,Healthcare,Employed,2041.0,23,1,With parents,10,2,6
1993,Millennial,Czechia,High,Healthcare,Unemployed,3672.0,26,20,Rent,3,3,10
1993,Millennial,France,High,Unemployed,Employed,2085.0,20,28,Rent,6,4,5
1968,Gen X,Poland,High,Manufacturing,Unemployed,2447.0,29,11,With parents,10,7,9
1991,Millennial,Sweden,High,Manufacturing,Employed,1122.0,28,17,Rent,9,5,10
1951,Baby Boomer,Sweden,High,Education,Employed,3167.0,16,31,Own,2,7,8
1963,Baby Boomer,Spain,Low,Finance,Inactive,2984.0,26,21,With parents,5,1,6
1966,Gen X,Germany,Medium,Healthcare,Employed,1778.0,27,35,Rent,10,4,6
2001,Gen Z,Italy,Medium,Retail,Employed,1582.0,21,11,With parents,5,2,6
1999,Gen Z,France,Medium,Unemployed,Employed,3062.0,27,20,Own,6,6,4
2004,Gen Z,Spain,High,Finance,Employed,1997.0,18,7,With parents,2,2,5
1979,Gen X,France,High,Construction,Unemployed,1603.0,23,27,Rent,6,4,4
1974,Gen X,Spain,High,Unemployed,Employed,1870.0,28,21,Own,1,5,2
1973,Gen X,Sweden,High,Education,Employed,2415.0,21,15,Own,10,8,5
1966,Gen X,Czechia,Medium,Unemployed,Inactive,2859.0,17,11,Own,7,5,1
1955,Baby Boomer,Poland,High,Construction,Unemployed,2491.0,21,16,Own,1,2,9
1964,Baby Boomer,France,Medium,Manufacturing,Employed,2444.0,18,20,Own,2,10,10
1973,Gen X,Poland,Medium,Construction,Employed,1984.0,22,6,Own,4,8,9
1995,Millennial,Netherlands,Low,Healthcare,Employed,2331.0,16,19,Own,5,8,9
1985,Millennial,Netherlands,High,Manufacturing,Employed,1848.0,27,35,Rent,10,10,2
1986,Millennial,Czechia,Medium,Unemployed,Employed,1957.0,29,12,With parents,1,1,3
1978,Gen X,Sweden,High,Finance,Employed,3479.0,16,28,With parents,1,9,8
1945,Baby Boomer,Italy,Medium,IT,Employed,2238.0,25,7,With parents,5,8,2
1975,Gen X,Poland,Low,Manufacturing,Employed,1869.0,27,19,Own,6,1,6
1974,Gen X,Spain,Medium,Manufacturing,Employed,1593.0,19,9,With parents,3,9,9
1992,Millennial,Italy,Medium,Education,Employed,219.0,22,14,With parents,5,9,7
1962,Baby Boomer,France,High,IT,Employed,4078.0,19,11,With parents,2,8,3
1999,Gen Z,France,Low,Finance,Employed,4176.0,29,15,Own,8,10,8
2002,Gen Z,Spain,High,Unemployed,Employed,2765.0,24,7,Own,3,7,9
1961,Baby Boomer,Germany,High,Retail,Employed,1268.0,23,19,With parents,3,6,5
1982,Millennial,Czechia,High,Retail,Employed,4661.0,20,13,Rent,9,5,8
1958,Baby Boomer,Germany,Medium,Unemployed,Employed,936.0,16,25,Rent,4,6,8
1967,Gen X,Czechia,High,Retail,Employed,2554.0,28,28,With parents,10,1,1
1969,Gen X,France,Medium,Healthcare,Unemployed,658.0,29,12,With parents,3,1,2
1959,Baby Boomer,Czechia,Low,Retail,Unemployed,245.0,18,33,Rent,5,9,7
1990,Millennial,Sweden,Low,Healthcare,Employed,2409.0,23,21,With parents,6,6,1
2000,Gen Z,Sweden,High,Finance,Employed,2523.0,27,25,With parents,10,3,4
1966,Gen X,Spain,Low,Finance,Unemployed,2307.0,22,33,Own,1,9,7
1947,Baby Boomer,Germany,Medium,Manufacturing,Unemployed,3544.0,23,23,Own,7,3,10
2000,Gen Z,Poland,Low,Unemployed,Inactive,2157.0,16,20,Rent,4,9,5
1999,Gen Z,France,Medium,Retail,Employed,2931.0,17,30,With parents,9,5,2
1963,Baby Boomer,Netherlands,Low,Education,Inactive,1496.0,25,11,Own,2,1,3
2001,Gen Z,Poland,High,Finance,Employed,3366.0,22,23,With parents,2,5,8
1988,Millennial,Spain,Medium,IT,Employed,3442.0,20,20,Own,10,10,1
1978,Gen X,Netherlands,High,IT,Employed,1971.0,20,3,Rent,2,2,5
1979,Gen X,Poland,Medium,Unemployed,Employed,2538.0,27,24,With parents,10,2,3
1994,Millennial,Germany,High,Unemployed,Employed,1571.0,28,7,Rent,10,1,9
1945,Baby Boomer,Czechia,Medium,Finance,Employed,2002.0,25,35,Own,8,10,6
1996,Millennial,Sweden,Medium,Manufacturing,Inactive,2864.0,24,33,Own,2,4,5
1965,Gen X,Germany,Medium,Unemployed,Employed,2636.0,16,26,Own,4,4,3
1973,Gen X,Netherlands,Medium,Construction,Inactive,644.0,20,27,Own,10,5,4
1950,Baby Boomer,Czechia,High,IT,Employed,1176.0,22,28,With parents,1,4,8
1981,Millennial,Czechia,Medium,Unemployed,Employed,1671.0,20,28,Own,4,2,1
1945,Baby Boomer,Czechia,High,IT,Employed,2398.0,29,9,With parents,6,5,7
1995,Millennial,Italy,High,Construction,Employed,1374.0,25,31,Rent,6,8,1
1945,Baby Boomer,Sweden,Low,Manufacturing,Unemployed,928.0,26,7,Own,3,6,1
1971,Gen X,France,Medium,Construction,Employed,0.0,22,16,With parents,9,5,4
1965,Gen X,Netherlands,Low,Manufacturing,Employed,4078.0,16,11,With parents,5,7,2
1997,Gen Z,Spain,Medium,Manufacturing,Unemployed,2382.0,20,25,With parents,9,1,1
1960,Baby Boomer,France,Medium,Education,Employed,902.0,29,2,Own,2,6,8
1988,Millennial,Poland,High,Manufacturing,Employed,3130.0,29,10,With parents,3,2,10
2003,Gen Z,Sweden,Low,Manufacturing,Employed,3544.0,21,13,Rent,7,5,10
1998,Gen Z,Spain,Low,Manufacturing,Employed,2392.0,21,6,Rent,5,10,7
1984,Millennial,Spain,Low,Finance,Employed,2761.0,19,25,Rent,9,4,9
1970,Gen X,Germany,Medium,Unemployed,Employed,3378.0,28,32,Rent,2,7,2
1960,Baby Boomer,Poland,High,Unemployed,Employed,2745.0,20,31,Rent,9,9,10
1972,Gen X,Germany,High,Retail,Employed,2769.0,23,19,With parents,8,9,10
1945,Baby Boomer,Germany,High,Finance,Unemployed,819.0,21,9,Own,5,10,6
1980,Gen X,Czechia,High,Retail,Inactive,0.0,16,14,Rent,1,1,3
1954,Baby Boomer,Sweden,Medium,Education,Employed,2975.0,20,14,Own,10,7,5
1987,Millennial,Italy,Low,Education,Employed,1998.0,27,5,Own,1,7,9
1961,Baby Boomer,Germany,Low,Unemployed,Employed,1791.0,22,24,With parents,7,5,3
2001,Gen Z,France,High,Unemployed,Employed,3076.0,27,0,Own,2,8,9
2003,Gen Z,Spain,High,IT,Employed,1341.0,23,5,Rent,1,10,8
1967,Gen X,Sweden,Medium,Construction,Unemployed,2167.0,29,12,Own,3,4,10
1951,Baby Boomer,Germany,Medium,Construction,Unemployed,2251.0,19,10,With parents,2,1,9
1988,Millennial,Netherlands,Medium,Finance,Employed,2821.0,17,23,Own,3,4,2
1997,Gen Z,France,High,Retail,Employed,2507.0,19,19,Own,9,2,4
1951,Baby Boomer,Poland,Low,Education,Employed,2508.0,21,25,Own,9,3,3
1988,Millennial,Spain,High,Education,Inactive,1836.0,21,24,Rent,9,4,6
1959,Baby Boomer,Sweden,Medium,Unemployed,Inactive,1859.0,21,11,Rent,6,7,8
1978,Gen X,Netherlands,Low,Finance,Employed,2506.0,16,8,Own,3,9,7
1990,Millennial,Sweden,High,IT,Employed,1750.0,26,35,Own,6,4,2
1989,Millennial,Sweden,Medium,Unemployed,Employed,1454.0,22,8,With parents,3,2,5
1948,Baby Boomer,Netherlands,High,Unemployed,Employed,3358.0,22,32,Own,8,10,4
1958,Baby Boomer,Poland,High,Manufacturing,Employed,1593.0,28,33,With parents,5,10,1
1958,Baby Boomer,Netherlands,Medium,Healthcare,Employed,1787.0,20,23,With parents,2,4,5
1960,Baby Boomer,France,High,IT,Employed,3304.0,28,32,Own,5,8,5
1951,Baby Boomer,Czechia,Medium,Construction,Employed,1579.0,27,32,Rent,3,2,5
1976,Gen X,Sweden,Medium,Unemployed,Employed,2489.0,19,28,With parents,2,8,3
1963,Baby Boomer,Poland,High,Construction,Employed,2568.0,27,12,Rent,10,5,1
1946,Baby Boomer,Sweden,Medium,Healthcare,Employed,2119.0,26,17,Rent,10,2,10
1954,Baby Boomer,Netherlands,Low,IT,Employed,1850.0,18,34,Rent,8,8,7
1994,Millennial,Poland,High,IT,Inactive,1186.0,26,1,With parents,9,2,9
1961,Baby Boomer,Poland,Medium,Manufacturing,Employed,2765.0,26,24,With parents,3,4,10
1981,Millennial,Germany,High,Education,Employed,3192.0,26,5,Own,10,2,6
1956,Baby Boomer,Germany,High,Retail,Employed,3097.0,28,24,With parents,4,6,4
1950,Baby Boomer,Czechia,Medium,IT,Employed,2534.0,28,19,Own,7,3,5
1966,Gen X,Germany,Medium,Manufacturing,Employed,422.0,23,13,With parents,7,7,3
1976,Gen X,Netherlands,Medium,Construction,Employed,2892.0,26,3,Rent,2,6,4
1985,Millennial,Spain,Medium,Healthcare,Inactive,2102.0,28,7,With parents,1,1,10
1964,Baby Boomer,France,High,Finance,Employed,1667.0,23,33,Rent,3,9,3
1945,Baby Boomer,Netherlands,High,Construction,Inactive,2792.0,18,27,With parents,2,7,10
1998,Gen Z,Sweden,Low,Unemployed,Employed,2403.0,26,1,Rent,8,1,7
1991,Millennial,Germany,Medium,Finance,Employed,3108.0,26,16,Own,5,4,4
1997,Gen Z,Poland,High,Education,Employed,2507.0,20,3,Rent,9,4,10
2002,Gen Z,Netherlands,Medium,Finance,Unemployed,1960.0,23,33,Rent,7,6,6
1950,Baby Boomer,Poland,High,IT,Inactive,1886.0,25,26,With parents,1,3,8
1963,Baby Boomer,Czechia,High,Healthcare,Unemployed,2750.0,25,18,Own,6,2,8
1962,Baby Boomer,Sweden,Medium,IT,Employed,996.0,29,27,With parents,4,3,6
1950,Baby Boomer,Poland,Medium,Finance,Employed,1749.0,21,33,Rent,10,4,9
1989,Millennial,Poland,High,Retail,Employed,225.0,17,31,Rent,1,8,6
1977,Gen X,Czechia,Medium,Construction,Employed,2579.0,16,30,Rent,2,8,9
1967,Gen X,Italy,Medium,Unemployed,Employed,2781.0,22,5,Rent,1,1,6
1967,Gen X,Spain,High,Finance,Employed,1508.0,17,5,With parents,10,9,9
1970,Gen X,France,High,Unemployed,Employed,1216.0,25,27,With parents,5,4,8
1957,Baby Boomer,France,Medium,Retail,Employed,3058.0,25,7,With parents,5,4,7
1951,Baby Boomer,Germany,Low,Finance,Employed,1557.0,19,0,Own,4,4,8
1959,Baby Boomer,Italy,Medium,Education,Unemployed,2779.0,26,15,Rent,1,7,4
1988,Millennial,Netherlands,Medium,Healthcare,Employed,2187.0,21,18,Own,1,2,7
1971,Gen X,Czechia,Medium,Retail,Employed,1724.0,28,17,Rent,7,7,2
1970,Gen X,Netherlands,Medium,Manufacturing,Employed,2722.0,22,29,With parents,10,10,3
1977,Gen X,France,Low,Education,Employed,2229.0,22,15,Rent,9,2,3
1959,Baby Boomer,Spain,Medium,IT,Employed,3545.0,22,32,Rent,7,3,5
1980,Gen X,Poland,Medium,Finance,Inactive,1538.0,19,27,Own,4,5,4
1989,Millennial,Sweden,Medium,Healthcare,Employed,1008.0,26,15,With parents,4,1,1
1999,Gen Z,Germany,Medium,Healthcare,Employed,2185.0,25,10,Rent,9,8,7
1971,Gen X,Spain,Medium,Finance,Employed,2629.0,25,5,With parents,6,6,10
2001,Gen Z,France,High,Manufacturing,Employed,2031.0,27,13,Own,10,4,2
1949,Baby Boomer,Italy,Low,Construction,Employed,3819.0,28,35,Rent,2,3,8
1946,Baby Boomer,Germany,Medium,Construction,Employed,3292.0,27,21,Rent,1,7,4
1999,Gen Z,Czechia,High,Retail,Employed,1727.0,27,22,Rent,6,6,10
2002,Gen Z,France,Medium,Finance,Inactive,2258.0,21,30,Rent,1,9,5
1977,Gen X,Netherlands,High,Unemployed,Employed,575.0,18,27,With parents,3,2,4
1960,Baby Boomer,Germany,Low,Healthcare,Employed,3146.0,23,18,Own,6,6,4
1967,Gen X,Czechia,Medium,Manufacturing,Employed,1588.0,16,21,Own,5,10,6
1982,Millennial,France,Medium,Construction,Employed,2379.0,29,0,Rent,9,1,5
1999,Gen Z,Netherlands,Low,Manufacturing,Employed,1968.0,28,2,Own,6,4,6
1960,Baby Boomer,Sweden,Medium,Construction,Unemployed,860.0,23,7,Own,3,4,2
1958,Baby Boomer,Netherlands,Medium,IT,Unemployed,2950.0,20,12,With parents,10,9,1
1973,Gen X,Poland,Medium,Manufacturing,Employed,1247.0,23,0,With parents,4,9,3
1970,Gen X,Czechia,High,Education,Employed,1733.0,27,28,With parents,5,8,10
1979,Gen X,Czechia,Low,Unemployed,Inactive,2968.0,19,12,With parents,4,8,8
1959,Baby Boomer,Italy,Medium,Healthcare,Inactive,1326.0,17,28,Rent,3,5,1
1947,Baby Boomer,Czechia,Medium,Education,Employed,3542.0,19,29,With parents,9,3,8
1967,Gen X,Poland,Medium,Construction,Employed,1312.0,26,15,Rent,9,10,2
1973,Gen X,France,High,Manufacturing,Unemployed,1147.0,23,33,Own,5,5,10
1978,Gen X,Sweden,Medium,Manufacturing,Employed,2242.0,25,2,Own,1,10,4
1977,Gen X,Spain,Low,Unemployed,Employed,3671.0,16,28,With parents,1,7,3
1985,Millennial,Sweden,High,Education,Employed,2195.0,26,29,Rent,7,8,1
1985,Millennial,Sweden,High,IT,Unemployed,3083.0,28,33,Rent,3,8,8
1967,Gen X,Czechia,Medium,Manufacturing,Employed,993.0,20,3,Rent,8,2,1
1951,Baby Boomer,Sweden,Medium,Education,Employed,1870.0,26,7,Own,6,7,7
1947,Baby Boomer,Czechia,Low,Education,Employed,1928.0,21,17,With parents,6,4,3
2002,Gen Z,Poland,Low,Unemployed,Unemployed,1065.0,19,21,Own,6,4,3
1976,Gen X,Spain,Low,Healthcare,Employed,768.0,19,9,Rent,6,9,9
1975,Gen X,Netherlands,Medium,IT,Inactive,1983.0,19,13,Own,3,7,8
1962,Baby Boomer,Czechia,High,Retail,Inactive,3622.0,28,30,With parents,6,5,10
1987,Millennial,France,Medium,Education,Employed,2397.0,18,34,With parents,3,5,3
1951,Baby Boomer,Italy,Low,Unemployed,Employed,1585.0,27,1,With parents,5,7,9
1985,Millennial,Spain,Medium,Unemployed,Employed,367.0,29,1,Rent,1,9,6
1945,Baby Boomer,France,Medium,Healthcare,Inactive,1865.0,25,34,Own,2,6,3
1958,Baby Boomer,Czechia,Medium,Retail,Employed,1804.0,20,33,Rent,2,10,7
1996,Millennial,Spain,Medium,Unemployed,Employed,2546.0,21,28,With parents,9,7,4
1976,Gen X,Czechia,Medium,Unemployed,Employed,1972.0,18,5,Rent,5,4,6
1950,Baby Boomer,Poland,Medium,Healthcare,Employed,2769.0,29,3,With parents,1,9,2
1983,Millennial,France,Low,Healthcare,Employed,2891.0,26,0,Own,2,8,9
1954,Baby Boomer,Poland,Low,Finance,Employed,2137.0,26,34,With parents,6,9,3
1951,Baby Boomer,Germany,Low,IT,Employed,2150.0,18,25,Own,6,5,10
1970,Gen X,France,Medium,Manufacturing,Inactive,2231.0,24,28,Own,2,1,4
1978,Gen X,Spain,Low,IT,Employed,630.0,17,10,With parents,3,8,9
1974,Gen X,Germany,Medium,Retail,Employed,2848.0,21,3,Own,4,8,7
1980,Gen X,Poland,High,Finance,Inactive,3728.0,23,21,Own,10,7,2
1965,Gen X,Poland,High,Unemployed,Employed,2253.0,23,32,With parents,1,7,1
2004,Gen Z,Spain,Medium,IT,Employed,1496.0,16,33,With parents,10,5,7
1961,Baby Boomer,Germany,High,Unemployed,Unemployed,2194.0,29,30,With parents,2,8,2
1977,Gen X,Sweden,Medium,Manufacturing,Inactive,1809.0,27,9,Rent,7,3,6
1954,Baby Boomer,Netherlands,High,IT,Employed,2225.0,29,34,With parents,6,5,6
1995,Millennial,Italy,Medium,IT,Unemployed,1919.0,16,27,With parents,5,10,5
1991,Millennial,Spain,Medium,IT,Employed,262.0,23,22,Own,8,10,2
1986,Millennial,Poland,Medium,Education,Employed,2286.0,16,11,Own,3,9,9
1995,Millennial,France,Low,Education,Inactive,4202.0,28,28,Own,8,8,1
1956,Baby Boomer,Germany,High,IT,Employed,997.0,18,1,Rent,5,9,10
2000,Gen Z,Czechia,Low,Manufacturing,Employed,3187.0,24,12,Rent,9,8,1
1960,Baby Boomer,Netherlands,Medium,Unemployed,Employed,2561.0,18,35,With parents,9,6,2
1985,Millennial,Italy,Medium,Construction,Employed,1373.0,17,25,Own,7,7,8
1976,Gen X,France,Low,Manufacturing,Employed,991.0,16,16,Own,3,6,5
1959,Baby Boomer,Germany,Low,Manufacturing,Employed,2436.0,28,32,Own,4,2,3
1971,Gen X,Netherlands,Low,Manufacturing,Employed,2525.0,28,21,Rent,6,1,4
1972,Gen X,Spain,Medium,Unemployed,Employed,843.0,27,1,With parents,1,1,4
1961,Baby Boomer,Czechia,High,Finance,Employed,3034.0,16,9,Rent,2,7,9
1990,Millennial,Netherlands,Medium,Finance,Employed,1755.0,25,25,Own,6,8,5
2003,Gen Z,Spain,Low,Healthcare,Employed,2643.0,18,29,Rent,9,1,4
1994,Millennial,Czechia,Medium,IT,Inactive,2833.0,21,21,With parents,4,1,7
2002,Gen Z,Czechia,High,Construction,Employed,3006.0,22,10,With parents,3,7,6
1946,Baby Boomer,Sweden,Low,Construction,Employed,1309.0,29,21,Own,8,5,2
1980,Gen X,Germany,Medium,IT,Employed,4010.0,21,23,Rent,7,9,4
1994,Millennial,Czechia,High,Healthcare,Employed,1371.0,21,28,Own,2,9,3
1951,Baby Boomer,Netherlands,Low,Manufacturing,Employed,3005.0,24,9,Own,10,7,9
1957,Baby Boomer,Czechia,Medium,Retail,Employed,1751.0,19,33,With parents,4,7,6
1959,Baby Boomer,Italy,Low,Retail,Employed,2247.0,20,24,Own,10,2,2
1969,Gen X,Netherlands,High,Unemployed,Employed,2088.0,29,20,Own,6,2,5
1967,Gen X,Germany,High,Healthcare,Employed,2620.0,16,12,With parents,2,10,6
2004,Gen Z,France,High,Construction,Employed,3143.0,19,1,Rent,6,1,1
1966,Gen X,France,Medium,Retail,Employed,1649.0,25,5,Rent,9,7,10
1970,Gen X,Netherlands,Medium,Education,Inactive,1411.0,21,0,Rent,4,5,6
1977,Gen X,Netherlands,Low,IT,Inactive,344.0,22,27,With parents,10,1,3
1955,Baby Boomer,Spain,High,Retail,Employed,2362.0,26,21,Own,7,7,8
1954,Baby Boomer,Germany,High,Unemployed,Unemployed,2048.0,17,10,Rent,9,7,5
1969,Gen X,Spain,Medium,Finance,Employed,2298.0,25,4,With parents,8,10,6
1981,Millennial,Italy,Medium,Unemployed,Employed,2109.0,21,17,Rent,2,3,4
1992,Millennial,Sweden,Low,Finance,Employed,2883.0,18,19,Rent,9,3,1
1987,Millennial,France,Medium,Construction,Employed,1744.0,22,11,Rent,8,4,4
1997,Gen Z,Czechia,Medium,Construction,Employed,2514.0,24,20,Own,5,7,10
1982,Millennial,Czechia,Medium,Education,Employed,2171.0,26,26,With parents,9,7,4
1985,Millennial,Poland,Medium,Unemployed,Inactive,1335.0,19,33,Rent,6,8,4
1989,Millennial,Poland,Low,IT,Unemployed,1582.0,23,17,Rent,9,9,3
1968,Gen X,Germany,High,Unemployed,Inactive,3028.0,25,33,With parents,9,5,3
1984,Millennial,Czechia,High,Education,Inactive,2942.0,21,1,With parents,3,10,1
1990,Millennial,Germany,High,IT,Unemployed,2865.0,18,13,With parents,7,8,8
2000,Gen Z,Poland,High,IT,Employed,2048.0,28,0,With parents,4,1,7
1977,Gen X,Germany,Medium,Construction,Employed,181.0,18,27,With parents,4,2,3
1961,Baby Boomer,France,Medium,Retail,Employed,702.0,18,26,Own,7,8,7
1968,Gen X,Italy,High,Unemployed,Employed,1963.0,19,29,With parents,6,8,9
1981,Millennial,Italy,Medium,Finance,Employed,834.0,29,21,Rent,4,9,7
2001,Gen Z,Czechia,Medium,Healthcare,Unemployed,3230.0,17,11,Own,5,7,4
1946,Baby Boomer,Spain,Medium,Retail,Inactive,1472.0,27,0,Rent,6,8,1
1976,Gen X,France,High,Unemployed,Employed,1953.0,27,32,Own,4,2,9
2001,Gen Z,Sweden,Low,Construction,Employed,3762.0,20,0,With parents,8,8,8
2004,Gen Z,Germany,Low,Manufacturing,Unemployed,3128.0,27,4,Own,4,3,3
1968,Gen X,Germany,Medium,Education,Employed,2512.0,29,4,Rent,10,10,10
1953,Baby Boomer,Czechia,High,Construction,Employed,2399.0,23,6,Own,4,4,9
1948,Baby Boomer,Sweden,Medium,Unemployed,Unemployed,1519.0,27,19,Own,10,7,5
1961,Baby Boomer,Spain,Medium,Manufacturing,Unemployed,2885.0,28,25,With parents,10,7,4
1961,Baby Boomer,Spain,Medium,IT,Employed,2391.0,22,5,Rent,1,6,6
1997,Gen Z,Germany,High,Construction,Inactive,2078.0,24,25,Own,6,1,7
1994,Millennial,Germany,High,Retail,Employed,2777.0,27,2,Rent,1,9,6
1992,Millennial,Sweden,Medium,Unemployed,Employed,2793.0,18,13,Own,9,3,9
1974,Gen X,Czechia,Medium,Manufacturing,Employed,1326.0,19,13,Rent,5,10,1
1984,Millennial,France,High,Manufacturing,Employed,3025.0,23,19,Rent,2,4,4
2002,Gen Z,Sweden,Medium,Finance,Employed,2123.0,25,8,Rent,9,2,1
1955,Baby Boomer,Spain,High,Construction,Inactive,2275.0,26,5,With parents,8,5,10
1965,Gen X,Sweden,Low,Manufacturing,Employed,1016.0,18,1,With parents,4,6,7
1965,Gen X,Sweden,Medium,Finance,Employed,1043.0,16,32,Rent,3,6,4
1962,Baby Boomer,Sweden,High,Finance,Employed,891.0,17,4,Rent,4,1,1
1999,Gen Z,France,Low,IT,Employed,4354.0,25,12,With parents,10,4,1
1973,Gen X,Netherlands,Medium,Unemployed,Inactive,4241.0,25,14,Own,4,10,8
1968,Gen X,Germany,Medium,Finance,Employed,668.0,23,33,Rent,9,4,4
1954,Baby Boomer,Poland,High,IT,Employed,837.0,27,8,Rent,6,3,10
1989,Millennial,Czechia,Medium,Finance,Employed,1739.0,22,25,With parents,4,7,3
1961,Baby Boomer,Sweden,Low,Finance,Unemployed,3196.0,19,29,Own,2,4,9
1962,Baby Boomer,Czechia,High,Construction,Employed,2763.0,23,21,Rent,9,7,2
1986,Millennial,Poland,Medium,Construction,Employed,4151.0,18,24,Rent,7,3,5
1992,Millennial,Netherlands,Low,IT,Inactive,1926.0,16,3,Rent,5,4,2
1964,Baby Boomer,Germany,Low,Manufacturing,Employed,1572.0,19,27,Rent,2,3,3
1981,Millennial,Spain,High,Education,Employed,2250.0,21,9,With parents,1,4,5
1989,Millennial,Poland,Low,Retail,Inactive,2044.0,21,8,Own,7,10,2
1962,Baby Boomer,Czechia,Medium,Retail,Employed,2175.0,19,35,Own,3,4,7
1961,Baby Boomer,Czechia,Medium,IT,Unemployed,2296.0,23,0,Rent,8,4,2
1953,Baby Boomer,Czechia,High,Manufacturing,Employed,4108.0,24,29,Own,4,3,10
1958,Baby Boomer,Spain,High,Construction,Employed,2308.0,17,10,Own,5,6,5
1993,Millennial,Poland,Medium,Construction,Employed,1243.0,18,24,Own,3,5,5
1973,Gen X,Czechia,Low,Education,Inactive,1939.0,27,10,Rent,7,6,3
1975,Gen X,Spain,High,Healthcare,Inactive,2853.0,23,4,Own,4,7,2
1948,Baby Boomer,Sweden,Medium,Construction,Employed,2740.0,16,26,Own,1,4,8
1962,Baby Boomer,Czechia,High,IT,Employed,2691.0,16,22,Rent,5,9,6
2003,Gen Z,Poland,Medium,Healthcare,Employed,671.0,22,18,With parents,2,1,10
1964,Baby Boomer,Spain,Medium,Retail,Employed,796.0,25,2,With parents,7,8,5
2000,Gen Z,Netherlands,Low,Retail,Employed,2082.0,22,7,With parents,2,2,3
2000,Gen Z,France,High,Construction,Unemployed,2601.0,28,35,With parents,4,3,10
1991,Millennial,Spain,Medium,Education,Inactive,1452.0,22,14,Own,2,2,1
1987,Millennial,France,Medium,Unemployed,Unemployed,3545.0,28,12,Rent,7,10,10
1988,Millennial,France,Low,Education,Employed,2687.0,28,29,With parents,3,6,5
1953,Baby Boomer,Germany,Low,Healthcare,Unemployed,1734.0,20,9,Rent,2,5,1
1957,Baby Boomer,Sweden,Low,Unemployed,Unemployed,4702.0,27,33,With parents,2,7,1
1959,Baby Boomer,Netherlands,Medium,Construction,Employed,1781.0,22,29,Own,2,9,3
1971,Gen X,France,High,Retail,Employed,1868.0,29,24,Rent,6,7,2
1959,Baby Boomer,Italy,Medium,Education,Employed,1826.0,29,5,With parents,8,9,5
1972,Gen X,Sweden,High,Education,Employed,2238.0,24,16,Own,7,5,5
1981,Millennial,France,Low,Unemployed,Inactive,1233.0,21,35,Own,10,3,7
1999,Gen Z,Spain,Medium,Retail,Employed,2863.0,21,31,Own,1,3,5
1963,Baby Boomer,France,Medium,Construction,Inactive,2987.0,18,21,With parents,3,4,7
1970,Gen X,Spain,High,Retail,Employed,2800.0,29,32,Rent,8,2,8
1996,Millennial,Czechia,High,Manufacturing,Unemployed,1792.0,29,21,With parents,8,3,1
1970,Gen X,Spain,Medium,Finance,Inactive,1796.0,22,35,Own,9,9,4
1969,Gen X,Italy,High,Education,Employed,2752.0,21,17,Own,7,9,1
1970,Gen X,France,Low,Healthcare,Inactive,2394.0,27,27,With parents,5,8,6
1970,Gen X,France,Medium,Construction,Employed,1478.0,20,12,Rent,3,2,4
1990,Millennial,Poland,Low,IT,Employed,378.0,18,17,With parents,8,9,9
1972,Gen X,Sweden,Medium,IT,Employed,1845.0,18,22,Rent,5,5,1
1993,Millennial,Poland,Low,Retail,Employed,2670.0,21,34,Rent,5,8,7
1962,Baby Boomer,Germany,High,Finance,Inactive,2645.0,21,17,With parents,8,6,8
1976,Gen X,Spain,Medium,Construction,Employed,837.0,20,9,Rent,8,2,1
1997,Gen Z,Italy,High,Construction,Employed,2954.0,18,1,Rent,8,1,4
1947,Baby Boomer,Poland,Medium,Healthcare,Unemployed,3866.0,27,13,Own,4,4,1
1946,Baby Boomer,France,Low,Manufacturing,Employed,1884.0,17,31,Own,3,4,6
1977,Gen X,Germany,High,Unemployed,Employed,2017.0,19,29,Own,6,7,3
1986,Millennial,Italy,High,Education,Employed,1729.0,19,18,Own,5,2,5
1963,Baby Boomer,Netherlands,High,Manufacturing,Employed,1882.0,25,4,Rent,10,4,1
1961,Baby Boomer,France,Medium,Construction,Employed,3290.0,28,31,Rent,5,10,1
1988,Millennial,France,High,Healthcare,Employed,1494.0,28,9,Own,5,1,7
1977,Gen X,Czechia,High,Manufacturing,Employed,2418.0,17,4,With parents,3,7,6
1956,Baby Boomer,Netherlands,Low,Retail,Employed,1952.0,29,13,Own,7,3,9
1993,Millennial,Spain,Low,IT,Employed,2372.0,27,18,With parents,5,8,5
2000,Gen Z,Spain,Low,Retail,Unemployed,1943.0,24,10,With parents,4,1,1
1947,Baby Boomer,Poland,Medium,Education,Employed,2939.0,26,34,Own,4,1,8
1987,Millennial,Poland,Medium,Retail,Inactive,3137.0,26,21,With parents,7,9,1
1993,Millennial,France,High,Healthcare,Inactive,2537.0,18,29,With parents,1,5,1
1999,Gen Z,Sweden,Medium,Construction,Inactive,2006.0,16,29,Own,8,4,10
1970,Gen X,France,High,Healthcare,Employed,2908.0,27,10,Rent,1,4,9
1979,Gen X,Poland,Medium,Education,Inactive,1526.0,20,21,With parents,6,8,7
1952,Baby Boomer,Netherlands,Low,Education,Unemployed,2587.0,29,9,Own,4,9,5
1996,Millennial,Poland,Low,IT,Employed,1737.0,25,18,Rent,7,7,5
1980,Gen X,France,Medium,Manufacturing,Employed,2393.0,18,14,Rent,6,8,10
1997,Gen Z,Italy,High,IT,Employed,1336.0,21,34,Rent,5,2,8
1998,Gen Z,France,High,Retail,Employed,3265.0,16,34,Rent,5,10,3
1951,Baby Boomer,Italy,Medium,Manufacturing,Employed,1069.0,29,0,Rent,6,7,1
1990,Millennial,Italy,High,Education,Employed,2084.0,25,17,With parents,7,4,5
1990,Millennial,France,Medium,Healthcare,Employed,871.0,19,25,Rent,3,8,5
1980,Gen X,Sweden,Medium,Retail,Inactive,3246.0,16,17,With parents,3,10,7
1960,Baby Boomer,Sweden,Medium,Unemployed,Employed,3599.0,29,17,Own,7,8,10
1968,Gen X,Germany,Low,IT,Employed,1128.0,16,17,Own,3,10,8
1998,Gen Z,Poland,Low,Construction,Employed,2492.0,25,31,Own,7,2,7
1945,Baby Boomer,Sweden,Low,Finance,Employed,1934.0,23,26,Rent,2,9,7
1993,Millennial,Spain,Medium,Finance,Employed,2661.0,25,28,Own,8,6,9
1969,Gen X,France,High,Education,Inactive,3619.0,26,19,With parents,9,5,1
1954,Baby Boomer,Italy,Low,Construction,Employed,2547.0,19,34,With parents,6,9,8
1998,Gen Z,France,Medium,Manufacturing,Employed,1511.0,25,22,Rent,2,3,9
1960,Baby Boomer,Poland,Medium,Finance,Employed,1579.0,18,11,Rent,9,5,2
1960,Baby Boomer,Netherlands,High,Manufacturing,Unemployed,1881.0,21,34,Own,5,5,4
2002,Gen Z,Sweden,High,Healthcare,Inactive,1545.0,26,35,Rent,4,8,8
1952,Baby Boomer,Sweden,High,Education,Employed,2884.0,25,27,Rent,7,9,8
1973,Gen X,Sweden,Medium,Unemployed,Employed,2961.0,24,19,Own,6,9,3
1983,Millennial,Italy,Medium,Education,Unemployed,3334.0,21,34,Rent,4,5,1
1972,Gen X,Spain,High,Retail,Inactive,1818.0,16,6,With parents,10,2,7
1950,Baby Boomer,Czechia,Low,Retail,Employed,3239.0,23,33,Rent,2,10,1
1960,Baby Boomer,Spain,Medium,Construction,Employed,3715.0,16,5,Own,4,6,7
1964,Baby Boomer,Sweden,Low,Manufacturing,Employed,1006.0,18,18,With parents,1,4,8
1960,Baby Boomer,Spain,Medium,Unemployed,Employed,1761.0,24,7,Own,8,9,3
1951,Baby Boomer,Netherlands,Medium,Finance,Employed,2103.0,19,29,Own,4,8,10
1985,Millennial,Sweden,Medium,Finance,Employed,2940.0,23,1,Rent,2,6,2
1958,Baby Boomer,Germany,Medium,IT,Employed,3406.0,24,15,Own,5,2,4
1987,Millennial,Italy,Low,Unemployed,Employed,642.0,29,23,With parents,1,3,1
1970,Gen X,Netherlands,High,Manufacturing,Inactive,1597.0,23,24,With parents,2,2,2
1970,Gen X,Czechia,Medium,Finance,Inactive,3231.0,21,12,With parents,8,6,9
1958,Baby Boomer,Italy,Medium,Retail,Employed,1433.0,24,8,With parents,4,4,8
1951,Baby Boomer,Czechia,Medium,Retail,Unemployed,2918.0,26,29,Rent,9,1,9
1977,Gen X,Sweden,Low,Unemployed,Employed,2716.0,21,8,Own,10,9,1
1970,Gen X,Netherlands,Low,Retail,Employed,2900.0,20,6,Rent,4,6,10
2001,Gen Z,Sweden,Medium,Manufacturing,Employed,2911.0,23,15,With parents,2,2,6
1989,Millennial,Czechia,Low,Education,Unemployed,1816.0,19,31,Rent,8,3,1
1964,Baby Boomer,Czechia,Low,Construction,Inactive,1961.0,18,28,Own,10,8,7
1947,Baby Boomer,Netherlands,High,IT,Inactive,1889.0,19,14,Own,4,9,10
1996,Millennial,Sweden,Medium,IT,Employed,2403.0,27,10,Rent,8,9,5
1948,Baby Boomer,Germany,Medium,Retail,Unemployed,282.0,24,8,Own,2,5,8
1970,Gen X,Italy,Medium,Healthcare,Inactive,2634.0,19,15,With parents,4,4,6
1955,Baby Boomer,Netherlands,High,Unemployed,Employed,3750.0,22,24,Rent,1,5,1
1946,Baby Boomer,Germany,Low,Manufacturing,Unemployed,2378.0,16,31,Own,8,1,7
1958,Baby Boomer,France,High,Unemployed,Employed,2090.0,27,9,With parents,6,3,6
1988,Millennial,Sweden,Medium,Finance,Inactive,2266.0,21,9,Rent,2,9,3
1974,Gen X,Poland,Low,Unemployed,Employed,2678.0,23,29,Own,3,8,8
1993,Millennial,Netherlands,Medium,Finance,Employed,3229.0,22,19,Own,6,4,3
1956,Baby Boomer,Spain,Medium,Unemployed,Unemployed,2139.0,20,33,With parents,10,1,8
1970,Gen X,Germany,Medium,Unemployed,Employed,2050.0,19,0,Own,9,3,5
1988,Millennial,Germany,Low,Construction,Employed,963.0,17,31,Rent,10,4,10
1977,Gen X,Netherlands,Medium,Education,Employed,2242.0,16,30,With parents,7,4,3
1957,Baby Boomer,Czechia,Medium,Retail,Unemployed,1118.0,28,10,Rent,9,1,8
1958,Baby Boomer,Germany,Medium,Healthcare,Employed,1707.0,16,18,With parents,10,6,2
1968,Gen X,France,High,Retail,Unemployed,2990.0,20,6,Own,4,9,10
1978,Gen X,Germany,High,Unemployed,Unemployed,3119.0,24,28,With parents,8,8,1
1988,Millennial,Poland,Medium,Unemployed,Employed,2617.0,22,35,With parents,2,2,8
1970,Gen X,Poland,High,Healthcare,Employed,3293.0,17,32,Rent,2,7,8
1965,Gen X,Czechia,Low,IT,Employed,715.0,21,35,Own,4,3,4
1972,Gen X,Sweden,Low,Healthcare,Employed,3665.0,25,25,Rent,3,6,7
1992,Millennial,Sweden,Medium,IT,Employed,1436.0,22,28,Rent,8,2,3
1980,Gen X,Czechia,Medium,IT,Employed,2471.0,28,28,Own,2,8,9
1984,Millennial,Spain,Medium,Unemployed,Employed,1601.0,23,34,With parents,4,4,1
1946,Baby Boomer,France,Medium,Manufacturing,Employed,2479.0,26,2,Rent,9,6,8
1986,Millennial,Poland,Low,Construction,Unemployed,2216.0,24,4,With parents,9,3,7
1953,Baby Boomer,Czechia,Low,Healthcare,Employed,3224.0,18,32,Own,4,1,8
1967,Gen X,Netherlands,High,Education,Inactive,4418.0,27,10,With parents,3,2,5
1959,Baby Boomer,Italy,High,Education,Employed,2994.0,17,5,Own,1,10,8
1957,Baby Boomer,Italy,Medium,Healthcare,Employed,2092.0,22,1,Own,1,8,7
1967,Gen X,Italy,Medium,Construction,Employed,3580.0,23,12,With parents,8,6,7
1961,Baby Boomer,Sweden,Medium,Manufacturing,Employed,673.0,24,0,Own,9,4,5
1992,Millennial,Netherlands,Low,Education,Unemployed,1677.0,25,26,Rent,9,9,7
2004,Gen Z,Germany,Medium,Retail,Employed,1992.0,27,14,Rent,5,7,10
1946,Baby Boomer,Netherlands,Medium,Education,Employed,1950.0,29,34,With parents,2,1,1
1964,Baby Boomer,Germany,Medium,Unemployed,Employed,1535.0,20,29,Rent,7,6,8
1964,Baby Boomer,Italy,Low,Manufacturing,Employed,2826.0,24,5,Own,4,4,9
2003,Gen Z,Spain,High,IT,Employed,2198.0,16,33,Rent,10,6,10
1990,Millennial,Spain,High,IT,Employed,2077.0,24,20,Rent,4,8,4
1947,Baby Boomer,Czechia,Medium,IT,Employed,3468.0,28,31,With parents,4,9,5
1999,Gen Z,Germany,Medium,Unemployed,Employed,1798.0,25,19,Own,10,3,7
1956,Baby Boomer,Italy,High,Manufacturing,Employed,3125.0,20,34,Rent,3,2,6
1984,Millennial,Netherlands,Low,IT,Unemployed,1953.0,29,8,Own,4,10,6
1946,Baby Boomer,Spain,Medium,Construction,Employed,1973.0,17,5,With parents,2,7,7
1980,Gen X,Germany,Medium,IT,Employed,1515.0,21,9,Rent,9,7,9
1958,Baby Boomer,Czechia,Medium,Manufacturing,Employed,890.0,16,8,Own,7,3,2
1960,Baby Boomer,Netherlands,High,Unemployed,Employed,1605.0,28,32,Rent,1,5,5
1963,Baby Boomer,Italy,Medium,Retail,Employed,601.0,29,15,With parents,5,10,7
1978,Gen X,France,Low,Education,Employed,2430.0,22,31,With parents,2,8,1
1988,Millennial,Italy,Low,Manufacturing,Employed,1917.0,22,19,Own,3,3,7
1990,Millennial,Sweden,Low,Manufacturing,Employed,3176.0,27,19,Rent,3,8,9
1950,Baby Boomer,Italy,Medium,Healthcare,Unemployed,1547.0,28,2,Rent,7,3,9
1957,Baby Boomer,Czechia,High,IT,Unemployed,1968.0,25,13,Own,3,4,7
1980,Gen X,Netherlands,Low,Finance,Employed,3296.0,23,20,With parents,7,3,10
1966,Gen X,Czechia,Medium,Retail,Employed,3001.0,16,7,With parents,8,5,6
1962,Baby Boomer,Netherlands,Medium,Finance,Employed,2323.0,17,23,Rent,2,8,10
1956,Baby Boomer,Poland,Medium,Healthcare,Unemployed,1269.0,26,20,Own,1,5,1
1996,Millennial,Poland,Medium,Retail,Inactive,2728.0,16,31,Rent,6,7,6
2003,Gen Z,Netherlands,Medium,IT,Employed,1941.0,23,16,With parents,9,4,4
1998,Gen Z,Netherlands,Medium,Finance,Employed,1732.0,27,3,With parents,6,10,4
1974,Gen X,France,Medium,Unemployed,Unemployed,3398.0,23,22,With parents,8,2,2
1997,Gen Z,France,Medium,IT,Unemployed,3520.0,27,35,Rent,5,6,8
1995,Millennial,Italy,High,IT,Employed,1402.0,18,21,Own,8,5,9
1984,Millennial,Czechia,Medium,Education,Employed,3744.0,25,24,Rent,4,8,1
1951,Baby Boomer,Sweden,Medium,Retail,Employed,2119.0,27,3,Own,6,8,7
1976,Gen X,Czechia,Medium,Retail,Employed,2904.0,17,9,Rent,8,1,7
1992,Millennial,Spain,Low,Healthcare,Employed,3848.0,24,23,Own,1,8,7
1963,Baby Boomer,Czechia,Medium,Unemployed,Employed,2053.0,20,34,Own,6,3,4
1950,Baby Boomer,Sweden,Medium,Manufacturing,Unemployed,2436.0,24,13,With parents,8,2,6
1964,Baby Boomer,France,Low,IT,Unemployed,2851.0,17,19,With parents,5,10,10
1971,Gen X,Italy,Medium,IT,Unemployed,3622.0,21,13,Rent,3,4,9
1997,Gen Z,Sweden,Low,Finance,Employed,2218.0,26,8,Own,5,10,9
1987,Millennial,Czechia,Medium,Healthcare,Employed,2928.0,29,33,With parents,3,8,4
1981,Millennial,Germany,Low,Retail,Employed,1503.0,16,19,Rent,6,5,2
1992,Millennial,Poland,Low,Education,Employed,867.0,22,2,With parents,6,7,2
1951,Baby Boomer,Sweden,High,Retail,Employed,1589.0,19,11,Own,5,8,2
2003,Gen Z,Spain,High,Education,Employed,1587.0,22,11,With parents,7,3,1
1949,Baby Boomer,Italy,Low,Education,Employed,3078.0,24,21,Rent,7,7,10
1955,Baby Boomer,Sweden,Medium,Retail,Employed,2134.0,16,34,Rent,6,7,7
1959,Baby Boomer,Netherlands,Medium,Finance,Employed,1650.0,16,30,Rent,6,9,6
1947,Baby Boomer,Czechia,Medium,IT,Employed,1401.0,26,6,Rent,4,3,5
2002,Gen Z,Germany,Medium,Education,Employed,1824.0,22,8,With parents,4,6,3
1949,Baby Boomer,Poland,Medium,Finance,Unemployed,3026.0,25,21,Rent,3,7,3
1967,Gen X,Germany,High,Healthcare,Employed,1399.0,26,8,Rent,10,9,1
1997,Gen Z,Italy,Low,Healthcare,Employed,2085.0,27,15,With parents,7,4,1
1981,Millennial,Czechia,Low,Education,Employed,1856.0,17,20,With parents,3,4,10
1953,Baby Boomer,France,High,IT,Unemployed,2519.0,23,8,Own,9,5,8
1959,Baby Boomer,Poland,Medium,Education,Employed,3857.0,19,11,Rent,9,10,6
1947,Baby Boomer,Czechia,Medium,Healthcare,Unemployed,1613.0,22,26,With parents,6,5,5
1973,Gen X,Germany,Medium,Construction,Employed,2486.0,25,8,Rent,7,1,4
1950,Baby Boomer,France,Medium,Healthcare,Employed,2186.0,17,26,With parents,3,8,8
1961,Baby Boomer,Spain,Medium,Retail,Inactive,1781.0,23,27,With parents,3,8,10
1970,Gen X,Italy,Medium,Construction,Employed,2245.0,21,34,Rent,1,9,9
1965,Gen X,Italy,Medium,IT,Employed,3838.0,16,31,Own,6,3,1
1952,Baby Boomer,Poland,Medium,Retail,Employed,2138.0,24,2,Rent,3,6,2
1965,Gen X,Germany,Medium,Construction,Employed,2138.0,26,8,Own,1,10,4
2001,Gen Z,Spain,High,Finance,Employed,1859.0,17,2,Own,8,9,6
1955,Baby Boomer,Netherlands,Medium,Construction,Employed,2574.0,19,35,Rent,8,4,10
1982,Millennial,Poland,Medium,Finance,Employed,1300.0,24,12,Own,8,9,3
1952,Baby Boomer,Czechia,Medium,Finance,Inactive,2309.0,23,33,Rent,8,6,1
1986,Millennial,Netherlands,Medium,Construction,Employed,2601.0,23,29,With parents,5,4,3
1968,Gen X,Poland,Medium,Construction,Employed,1437.0,29,15,Own,7,6,8
1979,Gen X,Germany,High,Manufacturing,Employed,3638.0,19,32,Rent,3,6,5
1999,Gen Z,Spain,Medium,Construction,Employed,3605.0,29,34,Own,10,4,1
1958,Baby Boomer,Germany,High,Finance,Employed,4223.0,16,15,Rent,2,10,5
1999,Gen Z,Italy,High,Education,Employed,2714.0,25,4,Rent,6,5,10
1958,Baby Boomer,Netherlands,High,Retail,Inactive,2574.0,19,7,Own,1,1,8
1954,Baby Boomer,France,Medium,Finance,Employed,2130.0,18,32,With parents,2,9,9
1956,Baby Boomer,Sweden,High,IT,Employed,2261.0,26,29,With parents,7,7,6
1982,Millennial,Czechia,Low,Unemployed,Employed,3034.0,18,1,Own,9,5,4
1988,Millennial,Italy,Low,Construction,Employed,2215.0,16,19,Rent,7,5,5
1999,Gen Z,Italy,Medium,Finance,Unemployed,2064.0,24,8,With parents,10,6,3
1990,Millennial,Netherlands,High,Education,Employed,2703.0,18,0,Rent,8,8,7
1978,Gen X,Czechia,Medium,Unemployed,Employed,1636.0,19,1,Own,8,3,10
1985,Millennial,Poland,Low,Construction,Unemployed,3622.0,16,18,Rent,10,8,4
1954,Baby Boomer,Italy,Medium,Education,Inactive,2208.0,18,15,With parents,3,3,10
2002,Gen Z,Sweden,Medium,Unemployed,Employed,2888.0,16,4,With parents,6,10,7
1961,Baby Boomer,Spain,Medium,Unemployed,Unemployed,1479.0,28,31,Own,2,5,10
1961,Baby Boomer,Italy,High,Education,Employed,2161.0,19,19,Own,9,5,4
1947,Baby Boomer,Spain,High,Education,Employed,1846.0,25,13,Own,7,2,1
1975,Gen X,Germany,High,Education,Employed,1884.0,27,12,Rent,3,1,9
1995,Millennial,Czechia,Medium,IT,Employed,1176.0,22,26,With parents,6,3,10
1945,Baby Boomer,Poland,Medium,Manufacturing,Employed,3151.0,25,34,Own,10,10,7
1956,Baby Boomer,Spain,Medium,Healthcare,Employed,2636.0,26,33,With parents,1,4,10
1983,Millennial,Italy,Medium,Manufacturing,Employed,923.0,23,15,With parents,7,7,8
1948,Baby Boomer,Poland,Low,Healthcare,Employed,2009.0,23,27,With parents,9,7,5
1986,Millennial,Sweden,High,Retail,Employed,2004.0,16,34,With parents,5,9,2
1957,Baby Boomer,Poland,Medium,Construction,Unemployed,2559.0,26,14,Own,9,4,2
1978,Gen X,Spain,High,Education,Employed,2069.0,21,2,Own,8,3,10
1986,Millennial,Czechia,High,Retail,Employed,3178.0,23,26,Rent,8,3,1
1965,Gen X,Spain,Low,Retail,Employed,3068.0,25,26,Own,6,10,9
1966,Gen X,France,High,Construction,Employed,4186.0,28,3,With parents,3,10,7
2001,Gen Z,France,High,Healthcare,Employed,196.0,25,20,Rent,4,1,4
1948,Baby Boomer,Poland,Medium,IT,Inactive,3431.0,23,21,Rent,1,6,5
1962,Baby Boomer,Netherlands,Medium,Education,Employed,2915.0,24,4,Own,6,4,4
1949,Baby Boomer,Czechia,Medium,Unemployed,Unemployed,2042.0,23,22,Own,7,5,3
1963,Baby Boomer,Netherlands,Medium,Finance,Employed,1969.0,20,22,With parents,10,2,9
1946,Baby Boomer,France,Medium,Construction,Inactive,2121.0,16,12,Own,9,8,7
1956,Baby Boomer,Italy,Low,Unemployed,Employed,2423.0,28,26,Rent,5,10,2
1961,Baby Boomer,Germany,Medium,Construction,Inactive,1713.0,24,14,With parents,2,3,2
1954,Baby Boomer,Poland,Medium,Unemployed,Employed,757.0,25,11,With parents,7,7,7
1978,Gen X,Germany,Low,Retail,Employed,1732.0,25,9,Rent,7,9,9
1950,Baby Boomer,France,Medium,Manufacturing,Employed,1961.0,25,27,Rent,5,9,4
1952,Baby Boomer,Spain,Medium,Unemployed,Employed,2713.0,25,34,Rent,2,8,6
1995,Millennial,Sweden,Medium,Education,Employed,1131.0,20,19,Rent,7,3,6
1955,Baby Boomer,Poland,Low,Unemployed,Employed,2778.0,22,11,Own,1,5,9
2001,Gen Z,France,High,IT,Unemployed,1116.0,27,2,Rent,6,10,2
1956,Baby Boomer,Czechia,Medium,Education,Employed,2558.0,27,1,Own,6,1,10
1953,Baby Boomer,Italy,Low,Finance,Employed,2697.0,22,27,Rent,6,7,2
1946,Baby Boomer,Sweden,Medium,Finance,Employed,2083.0,26,21,Rent,3,4,5
1952,Baby Boomer,Poland,Medium,Retail,Employed,2242.0,19,34,Rent,3,9,3
2002,Gen Z,Poland,Low,Unemployed,Employed,2828.0,23,8,Own,1,10,5
1955,Baby Boomer,Czechia,Medium,Manufacturing,Employed,1676.0,26,22,Rent,4,8,7
2004,Gen Z,Netherlands,High,Retail,Employed,2478.0,25,16,Own,7,10,10
1997,Gen Z,Spain,High,IT,Employed,1884.0,24,13,With parents,1,7,1
1980,Gen X,Poland,Low,Healthcare,Employed,3595.0,27,31,With parents,10,10,4
1954,Baby Boomer,Spain,High,Finance,Inactive,2689.0,19,35,Rent,10,4,4
1965,Gen X,France,Medium,Manufacturing,Employed,1260.0,17,32,Rent,2,2,4
1964,Baby Boomer,Italy,High,Finance,Employed,3836.0,25,9,Rent,10,3,3
1992,Millennial,Sweden,Low,IT,Employed,3102.0,19,12,Rent,2,8,4
1952,Baby Boomer,Sweden,Medium,IT,Employed,1114.0,17,33,With parents,5,6,7
1980,Gen X,Italy,Medium,Unemployed,Employed,826.0,27,4,Own,8,3,3
1973,Gen X,Poland,Low,Finance,Inactive,1095.0,16,5,Rent,5,10,10
1986,Millennial,Poland,High,Retail,Inactive,1316.0,29,32,With parents,1,2,9
1956,Baby Boomer,France,Medium,Finance,Employed,2336.0,16,4,Own,1,8,10
1958,Baby Boomer,Netherlands,Low,Unemployed,Employed,2274.0,26,23,Rent,5,9,8
1992,Millennial,Netherlands,Medium,Retail,Inactive,2861.0,19,7,With parents,2,7,8
1998,Gen Z,Netherlands,Medium,Finance,Employed,1920.0,29,17,Rent,3,5,5
1994,Millennial,Spain,Low,Retail,Employed,1965.0,24,24,Rent,2,8,3
1965,Gen X,Netherlands,High,Unemployed,Employed,2301.0,29,17,With parents,9,3,2
1966,Gen X,Italy,High,Healthcare,Employed,3213.0,24,35,Rent,5,4,4
1965,Gen X,Sweden,Medium,Education,Inactive,497.0,22,25,Rent,1,3,10
1988,Millennial,Sweden,Medium,Education,Unemployed,1969.0,20,19,With parents,3,3,2
1994,Millennial,Spain,Medium,Retail,Employed,3387.0,21,19,Rent,8,8,9
1974,Gen X,France,High,Retail,Unemployed,2261.0,16,23,Own,4,3,2
1983,Millennial,Italy,High,Construction,Employed,1935.0,18,19,Rent,8,6,4
1964,Baby Boomer,Sweden,Medium,Construction,Inactive,1467.0,16,3,With parents,1,7,7
1968,Gen X,Italy,High,Healthcare,Employed,3012.0,25,21,Rent,8,1,3
1967,Gen X,Sweden,Medium,Unemployed,Employed,1767.0,20,24,Rent,10,8,1
1951,Baby Boomer,Germany,Medium,Education,Employed,1760.0,19,20,Rent,9,8,10
1953,Baby Boomer,France,High,Healthcare,Employed,3427.0,18,17,Own,7,4,6
1945,Baby Boomer,France,Medium,Construction,Employed,1258.0,21,8,Rent,3,8,1
1970,Gen X,Czechia,Medium,Construction,Employed,3668.0,21,8,With parents,2,6,2
1982,Millennial,Germany,Medium,IT,Inactive,2352.0,24,32,With parents,1,7,6
1982,Millennial,Spain,Medium,Finance,Inactive,2222.0,19,6,With parents,10,3,2
1998,Gen Z,Sweden,Medium,Construction,Employed,2457.0,24,32,With parents,10,3,5
1988,Millennial,Czechia,High,Education,Inactive,2219.0,28,1,Rent,7,10,4
1966,Gen X,Sweden,Medium,Retail,Inactive,1725.0,19,7,Own,1,10,8
1988,Millennial,Sweden,High,Unemployed,Employed,2510.0,23,32,With parents,6,9,2
1954,Baby Boomer,Netherlands,Medium,Manufacturing,Employed,1759.0,23,34,Rent,1,10,2
1999,Gen Z,Netherlands,Medium,Construction,Inactive,2585.0,17,28,Own,10,10,4
2002,Gen Z,Netherlands,High,IT,Employed,4281.0,29,31,Own,4,9,1
1950,Baby Boomer,Netherlands,Medium,Finance,Employed,2794.0,25,0,With parents,5,3,10
1961,Baby Boomer,Netherlands,Low,Manufacturing,Employed,2030.0,29,30,Rent,1,9,3
1995,Millennial,Germany,Medium,Healthcare,Employed,2430.0,27,34,Rent,8,3,8
1994,Millennial,France,Medium,Finance,Inactive,1912.0,23,19,Rent,7,4,9
1982,Millennial,Spain,Low,Healthcare,Employed,2035.0,17,32,Rent,1,3,3
1968,Gen X,Italy,High,Healthcare,Inactive,2099.0,26,22,With parents,5,5,7
1995,Millennial,Netherlands,High,Retail,Unemployed,2628.0,23,2,Own,4,4,4
1954,Baby Boomer,Germany,Medium,Healthcare,Employed,3016.0,21,11,Own,1,9,3
2000,Gen Z,Czechia,High,Construction,Unemployed,4098.0,28,7,With parents,4,2,5
1952,Baby Boomer,Czechia,High,Manufacturing,Employed,2784.0,18,10,Own,4,10,9
1965,Gen X,Sweden,High,IT,Employed,1213.0,27,25,Own,6,8,4
2000,Gen Z,Spain,Low,Unemployed,Unemployed,1047.0,26,22,With parents,4,3,8
1950,Baby Boomer,Czechia,Low,Construction,Employed,2140.0,29,4,With parents,5,9,2
1965,Gen X,Spain,Low,Retail,Unemployed,3100.0,28,31,Own,10,2,9
2001,Gen Z,Spain,Low,IT,Employed,2013.0,28,4,With parents,3,7,10
1983,Millennial,Germany,Medium,Healthcare,Unemployed,2027.0,29,14,Rent,7,6,1
1968,Gen X,Italy,Medium,Education,Employed,3010.0,22,22,Rent,3,8,8
1977,Gen X,Netherlands,Low,Finance,Employed,2176.0,27,27,Own,5,3,8
2003,Gen Z,Spain,Low,Retail,Employed,3131.0,21,18,With parents,2,6,3
1962,Baby Boomer,Germany,Medium,Healthcare,Employed,846.0,18,16,Rent,10,2,1
2000,Gen Z,Sweden,Medium,Retail,Employed,2629.0,29,14,With parents,10,10,4
1972,Gen X,France,High,Education,Employed,601.0,20,12,Own,8,10,3
2001,Gen Z,Sweden,Low,Unemployed,Employed,2440.0,19,22,Own,4,7,2
1996,Millennial,Germany,High,Manufacturing,Employed,3011.0,29,17,With parents,1,3,6
1976,Gen X,Germany,High,Construction,Employed,735.0,28,22,With parents,2,5,3
1956,Baby Boomer,Germany,High,Manufacturing,Employed,134.0,21,15,With parents,7,3,7
1992,Millennial,Spain,High,Finance,Inactive,2966.0,16,19,Rent,7,10,2
1986,Millennial,Germany,High,Manufacturing,Inactive,2604.0,16,24,Own,2,1,4
1971,Gen X,France,Low,Unemployed,Employed,1211.0,23,31,Own,8,1,8
1954,Baby Boomer,Spain,High,Construction,Employed,2420.0,28,20,Rent,1,10,3
1990,Millennial,Sweden,High,Construction,Employed,1713.0,23,0,Rent,4,4,1
2001,Gen Z,France,High,Unemployed,Employed,2039.0,27,27,Rent,8,5,5
1996,Millennial,Czechia,Medium,Education,Employed,1958.0,24,26,Own,5,1,7
1986,Millennial,Poland,Medium,IT,Employed,1002.0,28,26,With parents,8,10,5
1976,Gen X,Sweden,Medium,Unemployed,Employed,3011.0,23,35,With parents,8,3,6
1986,Millennial,Germany,Medium,Education,Employed,1247.0,29,11,Own,9,3,10
1970,Gen X,Netherlands,High,Education,Employed,2283.0,17,14,Own,1,2,1
1969,Gen X,Netherlands,Low,Healthcare,Employed,2787.0,29,19,With parents,1,6,2
1955,Baby Boomer,Spain,Medium,Unemployed,Inactive,1453.0,26,18,Rent,9,2,1
1967,Gen X,Netherlands,Medium,Manufacturing,Inactive,1953.0,20,25,Rent,7,4,3
1978,Gen X,Sweden,Medium,Retail,Inactive,1742.0,23,20,Own,9,5,3
2001,Gen Z,Spain,Low,Construction,Employed,3752.0,24,9,Own,2,3,10
1996,Millennial,Sweden,Low,Finance,Employed,3023.0,28,27,Own,8,1,4
1984,Millennial,Germany,Medium,IT,Employed,2884.0,21,25,Own,1,1,6
1967,Gen X,Italy,Medium,Construction,Employed,4189.0,19,12,With parents,4,1,2
1973,Gen X,Italy,Low,Retail,Employed,2517.0,24,24,With parents,8,6,1
1975,Gen X,France,High,Healthcare,Inactive,1898.0,27,30,Own,4,4,1
1951,Baby Boomer,Germany,High,Unemployed,Inactive,904.0,19,19,With parents,3,6,10
1984,Millennial,Netherlands,High,Healthcare,Unemployed,1570.0,21,14,Rent,7,1,3
1977,Gen X,Germany,Low,IT,Unemployed,2343.0,27,17,Rent,5,5,4
1965,Gen X,Poland,Medium,Retail,Employed,3038.0,20,22,Own,1,1,2
1946,Baby Boomer,Italy,Medium,IT,Unemployed,1611.0,16,2,Rent,4,4,5
1962,Baby Boomer,Netherlands,High,IT,Inactive,3625.0,19,10,Own,4,9,5
1991,Millennial,Sweden,High,Manufacturing,Employed,814.0,25,26,With parents,1,6,9
1977,Gen X,Sweden,Medium,Unemployed,Employed,1862.0,18,11,Own,10,4,7
1981,Millennial,Italy,High,Retail,Employed,2563.0,23,32,Rent,5,10,1
1978,Gen X,Germany,Low,Manufacturing,Employed,2318.0,22,27,Own,2,7,7
1964,Baby Boomer,Netherlands,Low,Construction,Employed,2629.0,28,5,With parents,8,10,3
1979,Gen X,France,Medium,Manufacturing,Inactive,2316.0,25,5,With parents,9,10,10
1995,Millennial,Sweden,Low,Construction,Employed,2783.0,16,20,Own,2,1,3
1994,Millennial,Germany,Low,Finance,Employed,1980.0,26,24,Rent,10,1,4
1998,Gen Z,France,High,Manufacturing,Employed,1929.0,23,35,Own,10,5,2
1962,Baby Boomer,Czechia,Medium,Education,Employed,1458.0,22,17,Own,4,7,9
1990,Millennial,Netherlands,Medium,Healthcare,Employed,4156.0,27,4,Rent,2,9,6
1968,Gen X,Italy,High,Healthcare,Unemployed,2129.0,17,22,Own,5,9,10
1952,Baby Boomer,Czechia,Medium,Education,Employed,2592.0,25,22,With parents,7,10,6
1974,Gen X,Poland,Low,Construction,Inactive,2010.0,27,22,With parents,5,8,9
1988,Millennial,Czechia,Low,Construction,Employed,3633.0,29,34,Rent,5,2,2
1997,Gen Z,Spain,Low,Unemployed,Employed,2190.0,29,28,With parents,2,1,6
1954,Baby Boomer,Italy,Low,IT,Inactive,2495.0,19,4,With parents,3,3,9
1967,Gen X,France,Low,Retail,Inactive,1415.0,17,16,Rent,6,1,7
1996,Millennial,Germany,Medium,Retail,Employed,3784.0,24,1,Own,6,1,9
1993,Millennial,Czechia,Medium,Retail,Unemployed,2395.0,28,18,Own,1,8,1
1955,Baby Boomer,Sweden,High,Manufacturing,Employed,3817.0,23,2,Rent,1,3,9
1946,Baby Boomer,Netherlands,High,Retail,Employed,1659.0,16,29,Rent,10,2,6
2002,Gen Z,Czechia,High,Retail,Employed,1802.0,16,32,Own,9,6,6
1970,Gen X,Italy,Medium,Construction,Employed,1726.0,23,22,With parents,2,1,5
1980,Gen X,Sweden,Low,Retail,Employed,1945.0,20,25,Own,2,2,2
1977,Gen X,Sweden,High,Healthcare,Employed,2803.0,16,29,With parents,9,4,6
1991,Millennial,Poland,Medium,Education,Employed,357.0,26,18,With parents,5,7,1
1957,Baby Boomer,Netherlands,Low,Finance,Employed,2157.0,19,25,Rent,6,2,1
1984,Millennial,Czechia,High,Construction,Employed,1497.0,17,31,With parents,3,4,7
1969,Gen X,France,Medium,IT,Unemployed,1401.0,28,27,Rent,7,4,1
1948,Baby Boomer,Netherlands,Low,Education,Employed,2621.0,24,8,With parents,2,8,5
1986,Millennial,Czechia,High,Retail,Employed,2470.0,25,30,Own,5,7,6
1963,Baby Boomer,Netherlands,High,IT,Inactive,2977.0,21,14,With parents,4,7,4
1962,Baby Boomer,Germany,Medium,IT,Employed,2549.0,26,31,Own,8,9,5
1981,Millennial,Spain,Medium,Education,Employed,2362.0,24,12,Rent,2,3,2
1974,Gen X,Czechia,Medium,Education,Employed,1697.0,16,21,Rent,1,3,10
1963,Baby Boomer,Sweden,High,Education,Employed,1366.0,16,10,With parents,2,10,7
2002,Gen Z,France,Low,Construction,Employed,2739.0,26,32,Own,2,9,10
1967,Gen X,Czechia,Medium,Construction,Unemployed,1970.0,19,23,With parents,8,2,1
2003,Gen Z,Czechia,High,Finance,Employed,2559.0,17,5,Rent,1,3,2
1998,Gen Z,Germany,Medium,Education,Employed,2196.0,16,15,Own,1,9,8
1960,Baby Boomer,Sweden,High,Finance,Employed,361.0,21,29,Rent,10,10,10
1945,Baby Boomer,Spain,High,Manufacturing,Employed,2635.0,23,29,Rent,1,6,2
1956,Baby Boomer,Germany,Medium,Unemployed,Unemployed,1637.0,16,13,With parents,3,5,1
1968,Gen X,Spain,High,Healthcare,Inactive,2978.0,26,6,With parents,5,9,5
1978,Gen X,Spain,Low,Unemployed,Employed,527.0,26,2,With parents,8,7,2
1997,Gen Z,Spain,High,Finance,Unemployed,3909.0,25,30,With parents,8,2,10
2001,Gen Z,Germany,High,Healthcare,Unemployed,1664.0,25,9,Rent,10,10,3
1952,Baby Boomer,Netherlands,Low,Retail,Employed,2624.0,21,32,Rent,5,9,6
1962,Baby Boomer,Czechia,High,Manufacturing,Inactive,1559.0,16,14,Own,5,6,6
2001,Gen Z,Spain,High,IT,Inactive,1681.0,29,3,With parents,7,3,3
1992,Millennial,Netherlands,Medium,Education,Employed,2817.0,23,3,Own,1,1,10
1949,Baby Boomer,Czechia,Low,Retail,Employed,2018.0,21,9,With parents,1,4,10
1970,Gen X,Sweden,Low,IT,Unemployed,2081.0,29,21,Own,1,8,3
1974,Gen X,Czechia,Medium,Construction,Employed,2965.0,16,30,Own,8,5,7
1998,Gen Z,Sweden,High,Healthcare,Inactive,2370.0,24,35,With parents,8,5,6
1957,Baby Boomer,France,High,IT,Employed,2603.0,16,11,With parents,4,2,1
1963,Baby Boomer,Poland,Medium,Unemployed,Employed,1638.0,24,8,Rent,5,4,5
1973,Gen X,Netherlands,Medium,Education,Employed,2800.0,29,27,Rent,7,4,7
1947,Baby Boomer,Czechia,Medium,Education,Employed,2300.0,18,33,With parents,6,9,6
1970,Gen X,Sweden,Low,Unemployed,Employed,2587.0,23,4,With parents,2,7,4
1984,Millennial,Poland,Medium,Finance,Unemployed,2527.0,23,29,With parents,7,7,1
2003,Gen Z,Spain,Medium,Finance,Employed,3217.0,22,15,With parents,2,9,7
2002,Gen Z,Poland,Medium,Construction,Employed,2654.0,27,18,Own,4,9,4
2002,Gen Z,Poland,High,Healthcare,Employed,1156.0,17,13,Own,4,5,4
1956,Baby Boomer,Spain,Medium,Education,Employed,1665.0,18,23,Own,5,1,5
1946,Baby Boomer,Netherlands,Medium,Manufacturing,Unemployed,2404.0,20,10,Own,1,2,7
1955,Baby Boomer,Czechia,Low,Retail,Unemployed,2559.0,28,12,Rent,3,8,9
1988,Millennial,Spain,High,Healthcare,Employed,1008.0,20,9,With parents,8,6,4
1972,Gen X,France,High,Healthcare,Employed,1307.0,17,28,Own,6,10,1
1962,Baby Boomer,Italy,High,IT,Employed,3184.0,16,26,Own,3,8,3
1957,Baby Boomer,Czechia,Medium,Healthcare,Employed,3969.0,20,0,With parents,2,3,7
1981,Millennial,Germany,Medium,Construction,Unemployed,711.0,20,31,Own,6,3,10
1966,Gen X,Spain,Medium,Unemployed,Employed,2432.0,27,17,Own,3,6,10
1956,Baby Boomer,Spain,Low,Retail,Employed,2243.0,18,3,Rent,7,4,7
1946,Baby Boomer,Poland,Medium,Manufacturing,Employed,3110.0,23,15,Own,7,4,2
1981,Millennial,France,High,IT,Inactive,2647.0,21,17,With parents,2,4,6
1951,Baby Boomer,Sweden,Low,Retail,Inactive,2946.0,17,20,Own,4,2,3
1970,Gen X,Sweden,Low,Unemployed,Inactive,147.0,17,24,Rent,3,7,10
1970,Gen X,Poland,High,Unemployed,Unemployed,2194.0,19,9,Rent,8,5,7
1968,Gen X,Netherlands,Medium,Finance,Unemployed,1384.0,28,6,With parents,8,5,1
1956,Baby Boomer,Czechia,Medium,Healthcare,Unemployed,1407.0,29,0,Rent,4,7,2
1960,Baby Boomer,Spain,Medium,Construction,Inactive,1097.0,21,32,Own,4,5,6
1967,Gen X,Czechia,Medium,Education,Inactive,2406.0,27,32,With parents,6,1,9
1984,Millennial,Czechia,High,Finance,Employed,2500.0,24,18,Own,6,2,2
2004,Gen Z,Spain,Medium,Education,Employed,2768.0,28,6,With parents,6,5,4
1953,Baby Boomer,Poland,High,Retail,Employed,1837.0,23,13,Rent,2,7,5
1976,Gen X,Czechia,High,Manufacturing,Employed,3446.0,23,6,Rent,8,10,2
1959,Baby Boomer,Spain,High,Education,Unemployed,1361.0,29,2,Own,7,2,8
1981,Millennial,Netherlands,Low,Construction,Inactive,911.0,17,10,Rent,2,8,3
1957,Baby Boomer,Czechia,Low,Retail,Employed,2397.0,29,7,Own,8,5,4
1949,Baby Boomer,Italy,Low,IT,Employed,1584.0,26,25,Rent,1,9,9
1955,Baby Boomer,Germany,Medium,Healthcare,Inactive,2679.0,19,2,Rent,10,6,10
1954,Baby Boomer,Germany,High,Manufacturing,Employed,1608.0,21,28,Own,7,3,5
1996,Millennial,Germany,Medium,Unemployed,Employed,1679.0,29,11,Rent,6,6,3
1957,Baby Boomer,Italy,High,Construction,Unemployed,1606.0,21,17,With parents,9,9,7
1985,Millennial,Spain,Medium,Construction,Employed,1541.0,27,6,Rent,3,1,1
1997,Gen Z,Poland,Medium,Manufacturing,Employed,2198.0,25,29,With parents,9,1,3
1990,Millennial,Sweden,High,IT,Employed,2415.0,21,15,With parents,5,8,4
1994,Millennial,France,Medium,Manufacturing,Employed,1540.0,23,24,With parents,5,7,8
1959,Baby Boomer,Spain,High,Retail,Employed,1146.0,23,3,With parents,6,1,6
1986,Millennial,Italy,Low,Manufacturing,Employed,2649.0,29,3,With parents,3,8,3
2000,Gen Z,Czechia,High,Manufacturing,Employed,2549.0,28,0,Rent,4,5,9
1951,Baby Boomer,Netherlands,Medium,Manufacturing,Employed,2843.0,22,2,Rent,10,9,8
1984,Millennial,Italy,High,Unemployed,Unemployed,1261.0,28,27,Own,6,3,10
1972,Gen X,Czechia,Low,Retail,Employed,1456.0,20,10,Own,5,5,1
1976,Gen X,Sweden,Medium,Finance,Employed,2941.0,21,1,Own,10,7,5
1979,Gen X,Germany,High,Healthcare,Employed,3006.0,21,8,Own,8,10,1
1959,Baby Boomer,Spain,High,Education,Employed,1832.0,29,16,With parents,7,8,10
1992,Millennial,Sweden,Low,Finance,Employed,1343.0,18,31,Rent,1,3,9
1980,Gen X,Germany,Medium,Manufacturing,Employed,1569.0,26,30,With parents,6,1,2
1965,Gen X,France,Medium,IT,Inactive,1331.0,28,20,Own,5,6,4
1950,Baby Boomer,Czechia,Low,Construction,Inactive,2918.0,18,16,With parents,10,5,1
1945,Baby Boomer,Czechia,High,IT,Employed,2842.0,27,16,Own,9,5,4
1948,Baby Boomer,Netherlands,Low,Retail,Employed,2273.0,22,26,Own,3,6,9
1955,Baby Boomer,Germany,Medium,Healthcare,Employed,1590.0,21,27,Own,4,3,10
1988,Millennial,France,Medium,Manufacturing,Employed,1407.0,20,0,Own,4,5,5
1970,Gen X,Czechia,Medium,Retail,Unemployed,1646.0,26,15,Rent,4,10,5
1981,Millennial,Italy,High,Education,Employed,1400.0,21,2,Own,9,1,2
1967,Gen X,Germany,High,Healthcare,Unemployed,2404.0,21,14,Rent,8,8,10
1973,Gen X,Germany,Low,Healthcare,Inactive,2886.0,19,3,Rent,9,9,6
1965,Gen X,Poland,High,Retail,Employed,2915.0,27,35,Own,4,4,1
1992,Millennial,Netherlands,Low,Finance,Employed,1404.0,26,29,Rent,3,5,10
1989,Millennial,Netherlands,Medium,Construction,Employed,1662.0,20,28,Own,5,7,1
1989,Millennial,Sweden,Low,IT,Employed,1702.0,28,22,Own,2,10,4
1993,Millennial,Italy,Low,Finance,Inactive,3117.0,22,4,Own,5,5,7
1971,Gen X,Poland,Medium,Healthcare,Employed,999.0,26,10,Own,2,4,5
1983,Millennial,Sweden,Medium,IT,Employed,2197.0,26,18,Rent,10,8,3
1984,Millennial,France,High,Healthcare,Unemployed,1413.0,16,7,With parents,2,6,9
1957,Baby Boomer,Sweden,High,Unemployed,Employed,2028.0,27,10,With parents,7,2,9
1967,Gen X,France,High,Construction,Employed,2824.0,28,8,Own,10,4,3
2003,Gen Z,Italy,Medium,Healthcare,Employed,1909.0,25,24,Own,4,3,9
1960,Baby Boomer,Czechia,Low,Healthcare,Employed,1522.0,27,24,Own,6,2,3
1974,Gen X,Netherlands,Medium,Education,Employed,2873.0,21,13,With parents,9,6,6
1948,Baby Boomer,Czechia,Medium,IT,Employed,2317.0,20,30,With parents,10,10,2
1984,Millennial,France,Medium,Education,Employed,2634.0,21,12,Own,3,1,2
1960,Baby Boomer,Italy,Medium,IT,Employed,2438.0,16,0,Rent,1,10,6
1975,Gen X,Czechia,Medium,Construction,Employed,1107.0,19,29,Rent,3,4,5
1997,Gen Z,Sweden,Medium,Construction,Inactive,3375.0,23,8,With parents,3,8,5
1986,Millennial,France,Low,Unemployed,Employed,2021.0,19,28,Rent,3,5,7
1969,Gen X,Spain,Low,Education,Employed,2958.0,29,30,Rent,4,3,1
1988,Millennial,Germany,Low,Education,Inactive,1885.0,28,17,Own,3,2,6
1956,Baby Boomer,Sweden,Low,Education,Inactive,2709.0,25,2,Rent,5,6,9
1970,Gen X,Netherlands,High,Construction,Unemployed,3110.0,23,34,Own,8,4,5
1981,Millennial,Czechia,Low,Construction,Employed,2994.0,26,1,Own,3,7,10
1992,Millennial,Sweden,High,Retail,Employed,2295.0,23,3,Own,10,8,10
1977,Gen X,Spain,Medium,Education,Employed,1894.0,17,14,Own,6,9,7
1972,Gen X,Italy,Low,Unemployed,Unemployed,932.0,21,16,Rent,1,7,3
1953,Baby Boomer,Italy,High,Finance,Employed,1086.0,22,25,With parents,4,9,10
1956,Baby Boomer,Sweden,Medium,Finance,Employed,3205.0,22,30,Rent,1,4,8
1949,Baby Boomer,Spain,Low,Healthcare,Employed,1459.0,16,29,With parents,2,1,1
1998,Gen Z,Czechia,High,Manufacturing,Employed,2924.0,19,22,With parents,3,7,10
1996,Millennial,Sweden,Low,Education,Employed,3023.0,29,29,Own,5,2,7
1998,Gen Z,Germany,Low,Manufacturing,Unemployed,2610.0,22,10,Rent,9,10,6
1972,Gen X,Germany,High,Manufacturing,Unemployed,2552.0,21,32,With parents,9,9,10
2000,Gen Z,Poland,High,Healthcare,Employed,1151.0,28,4,With parents,3,6,6
1979,Gen X,France,Medium,Manufacturing,Inactive,986.0,27,34,Rent,8,9,1
1949,Baby Boomer,Poland,Low,Unemployed,Employed,1607.0,18,0,With parents,2,8,2
1978,Gen X,Czechia,High,Construction,Employed,3688.0,25,3,Rent,9,9,6
1990,Millennial,Germany,Medium,Manufacturing,Employed,3437.0,25,6,Own,4,7,2
1978,Gen X,Spain,Low,Construction,Employed,2233.0,16,9,With parents,2,3,4
1957,Baby Boomer,France,Medium,Construction,Employed,3365.0,20,32,Own,5,10,6
1983,Millennial,Czechia,High,Finance,Employed,1359.0,26,13,With parents,7,5,2
1986,Millennial,Spain,Low,Construction,Inactive,1868.0,23,35,Own,6,3,6
1989,Millennial,Czechia,High,Manufacturing,Inactive,3629.0,29,29,With parents,9,3,9
1992,Millennial,Poland,Medium,IT,Employed,4092.0,18,25,Rent,7,7,6
2002,Gen Z,Italy,Medium,Unemployed,Employed,2894.0,20,30,Own,6,6,10
1958,Baby Boomer,Spain,High,Education,Employed,770.0,24,18,Rent,8,5,7
1955,Baby Boomer,Poland,High,Unemployed,Employed,3415.0,29,12,With parents,7,5,3
1986,Millennial,Poland,Low,Unemployed,Employed,1959.0,23,22,Own,7,8,4
1982,Millennial,Poland,Low,Education,Employed,2850.0,26,18,Own,8,1,4
1948,Baby Boomer,Italy,High,Manufacturing,Employed,2289.0,24,15,With parents,6,4,1
1997,Gen Z,Italy,Medium,Healthcare,Employed,3106.0,28,24,With parents,10,5,9
1977,Gen X,Sweden,Medium,IT,Employed,2242.0,20,25,With parents,5,9,9
1951,Baby Boomer,Italy,Medium,Healthcare,Unemployed,4656.0,28,20,Rent,4,1,7
2000,Gen Z,France,High,Healthcare,Unemployed,3069.0,18,17,Own,8,9,2
1985,Millennial,Italy,High,Manufacturing,Employed,1068.0,28,8,Own,9,6,3
1952,Baby Boomer,Italy,High,Retail,Employed,689.0,26,23,Rent,9,3,7
1981,Millennial,Italy,Medium,Manufacturing,Inactive,701.0,24,16,Own,4,3,1
1995,Millennial,Czechia,Medium,Finance,Employed,2735.0,19,29,Rent,9,4,3
1954,Baby Boomer,Spain,Medium,Retail,Employed,3066.0,16,3,Rent,2,5,4
1987,Millennial,Italy,Medium,Construction,Employed,0.0,26,27,With parents,7,9,5
2001,Gen Z,France,Medium,IT,Employed,3299.0,17,8,Rent,4,6,7
1959,Baby Boomer,Czechia,Medium,Retail,Employed,2515.0,23,35,Own,4,5,9
1982,Millennial,Poland,Low,Manufacturing,Employed,3656.0,17,7,Own,8,6,2
1959,Baby Boomer,Spain,Medium,Manufacturing,Employed,1329.0,21,21,With parents,3,6,6
1949,Baby Boomer,Germany,Medium,Healthcare,Unemployed,2462.0,27,24,Own,5,9,2
1973,Gen X,Czechia,High,Manufacturing,Employed,2455.0,20,5,Rent,5,10,10
1963,Baby Boomer,Italy,Medium,Construction,Employed,1504.0,24,25,Own,3,7,2
1998,Gen Z,Czechia,Low,Finance,Employed,1058.0,23,1,Rent,4,7,10
1995,Millennial,Sweden,Medium,Manufacturing,Employed,3038.0,16,30,Own,9,4,5
1954,Baby Boomer,Sweden,High,Education,Employed,2406.0,18,11,Own,3,5,5
1956,Baby Boomer,Czechia,Medium,Education,Employed,2555.0,29,18,With parents,10,7,1
1998,Gen Z,Poland,Medium,Healthcare,Employed,3426.0,27,0,Rent,9,8,8
1948,Baby Boomer,Poland,Medium,Retail,Employed,2164.0,20,9,With parents,10,6,8
1975,Gen X,Spain,Low,Retail,Unemployed,2483.0,27,33,With parents,1,8,1
1962,Baby Boomer,Sweden,High,Education,Unemployed,2517.0,23,15,With parents,5,9,6
1960,Baby Boomer,Germany,Low,Finance,Employed,2541.0,22,6,With parents,5,1,9
1984,Millennial,Netherlands,Medium,IT,Employed,932.0,17,12,Rent,9,4,5
1980,Gen X,Sweden,Low,Construction,Inactive,2182.0,29,3,Rent,8,9,7
1969,Gen X,Czechia,Low,Unemployed,Employed,3243.0,27,30,Own,7,5,6
1967,Gen X,Sweden,Medium,Construction,Inactive,2085.0,22,9,Own,1,4,1
1956,Baby Boomer,France,Medium,Construction,Employed,1775.0,20,11,With parents,7,9,3
1978,Gen X,Netherlands,High,Finance,Employed,3072.0,21,33,Rent,2,2,7
1980,Gen X,Poland,High,Education,Employed,2212.0,23,27,Own,9,2,8
1981,Millennial,Netherlands,High,Construction,Unemployed,1633.0,20,4,With parents,3,8,7
1947,Baby Boomer,Sweden,Medium,Finance,Employed,1425.0,24,27,With parents,9,8,1
1953,Baby Boomer,Poland,Medium,IT,Unemployed,2152.0,16,10,Own,5,5,3
1997,Gen Z,Netherlands,Medium,Retail,Unemployed,1605.0,20,33,Rent,4,6,2
1962,Baby Boomer,Poland,Medium,Education,Employed,3011.0,16,14,Own,5,5,4
1987,Millennial,Poland,Medium,Unemployed,Employed,1515.0,16,4,Own,2,8,3
1979,Gen X,Spain,High,Manufacturing,Employed,2450.0,16,20,Rent,8,6,9
2001,Gen Z,Germany,Low,Construction,Employed,2578.0,20,30,Own,8,6,6
1999,Gen Z,Poland,High,IT,Inactive,2770.0,24,6,With parents,8,7,6
1978,Gen X,France,Low,IT,Employed,3613.0,17,34,Own,8,2,6
1985,Millennial,Sweden,Medium,IT,Employed,983.0,21,20,Rent,7,9,9
1958,Baby Boomer,Sweden,Medium,Retail,Employed,2747.0,20,4,Rent,2,3,9
1948,Baby Boomer,France,Medium,Finance,Inactive,2761.0,27,13,Own,8,9,9
1973,Gen X,Italy,Low,Healthcare,Employed,1222.0,29,33,Own,6,10,4
1985,Millennial,Poland,High,Construction,Inactive,2435.0,22,9,Own,5,5,6
1989,Millennial,Czechia,High,Manufacturing,Unemployed,1822.0,22,17,With parents,2,1,9
1994,Millennial,Poland,Medium,Construction,Inactive,3462.0,18,16,Rent,3,10,6
1959,Baby Boomer,Poland,Medium,Education,Employed,1688.0,21,31,With parents,4,4,8
1972,Gen X,Czechia,High,Unemployed,Employed,2006.0,18,16,With parents,4,6,8
1986,Millennial,Netherlands,High,Finance,Employed,1858.0,17,21,With parents,5,3,5
1960,Baby Boomer,Poland,Medium,IT,Employed,1446.0,20,24,Rent,2,6,3
1956,Baby Boomer,Poland,High,Unemployed,Unemployed,806.0,19,15,Rent,9,1,6
1996,Millennial,France,Medium,Construction,Employed,1451.0,28,29,With parents,9,10,5
1949,Baby Boomer,Germany,Medium,Retail,Employed,2329.0,19,33,Rent,9,10,3
1978,Gen X,Germany,Medium,IT,Employed,2454.0,19,4,Rent,5,9,6
1986,Millennial,Italy,Medium,Finance,Employed,2931.0,23,32,Rent,4,9,4
1945,Baby Boomer,France,Low,Education,Employed,3145.0,28,4,Own,9,4,6
1983,Millennial,Poland,Medium,Unemployed,Employed,2561.0,29,2,Rent,8,2,7
1976,Gen X,Germany,Medium,Manufacturing,Employed,2917.0,16,12,Rent,7,8,1
1970,Gen X,Spain,High,IT,Employed,2672.0,18,7,Rent,5,7,6
1961,Baby Boomer,Spain,High,Construction,Employed,1209.0,24,29,With parents,8,1,8
1992,Millennial,Spain,Medium,Construction,Employed,2543.0,18,4,Own,5,6,10
2003,Gen Z,Poland,Medium,Unemployed,Employed,2211.0,16,30,Own,2,10,3
1971,Gen X,Poland,Low,Retail,Unemployed,1692.0,28,1,With parents,6,5,2
1968,Gen X,Czechia,Medium,Unemployed,Unemployed,2211.0,20,6,Rent,2,2,7
1979,Gen X,Italy,Low,Retail,Employed,2522.0,19,15,Rent,10,5,10
1990,Millennial,Sweden,Medium,Healthcare,Employed,2018.0,25,9,Own,9,6,4
1986,Millennial,Italy,Medium,Retail,Employed,3093.0,28,28,Rent,7,10,7
1998,Gen Z,Italy,Medium,Healthcare,Inactive,2507.0,23,29,Own,3,6,9
1983,Millennial,Netherlands,Low,Manufacturing,Unemployed,2987.0,26,19,With parents,10,2,8
1970,Gen X,Spain,High,Education,Employed,3331.0,27,33,Own,8,1,2
1993,Millennial,Poland,Medium,Healthcare,Inactive,1844.0,26,7,Own,1,4,10
1982,Millennial,Spain,Low,IT,Employed,1800.0,24,33,Own,9,4,6
1967,Gen X,Italy,Low,Finance,Employed,3241.0,25,33,Own,7,9,3
1966,Gen X,Poland,Medium,Construction,Inactive,1507.0,20,35,Own,10,1,2
1948,Baby Boomer,France,Low,IT,Employed,2112.0,16,6,With parents,2,10,10
1993,Millennial,Czechia,High,Construction,Employed,1761.0,19,13,Rent,8,1,3
2003,Gen Z,Germany,Medium,Education,Unemployed,1308.0,18,19,Rent,6,8,7
1953,Baby Boomer,Germany,High,Unemployed,Employed,2648.0,21,32,Own,6,5,6
1948,Baby Boomer,Italy,Low,Retail,Inactive,1959.0,17,30,Rent,4,9,9
1951,Baby Boomer,Sweden,Medium,Finance,Employed,1365.0,20,32,Own,5,6,3
1967,Gen X,Spain,Medium,IT,Employed,3033.0,23,25,Rent,9,10,3
1946,Baby Boomer,France,Medium,Finance,Employed,1008.0,26,25,Rent,7,3,8
1993,Millennial,Poland,Medium,Healthcare,Employed,2067.0,20,15,Rent,1,1,3
1968,Gen X,Sweden,High,Education,Inactive,3001.0,20,11,Rent,2,10,4
1984,Millennial,Spain,Low,IT,Unemployed,3024.0,23,0,With parents,1,6,10
1999,Gen Z,Italy,Medium,Retail,Employed,2585.0,26,19,Own,9,3,10
1975,Gen X,Spain,High,Finance,Employed,1408.0,20,1,Own,10,4,8
1991,Millennial,Italy,Low,Retail,Unemployed,2344.0,19,30,With parents,1,3,3
1975,Gen X,Netherlands,Low,Finance,Unemployed,2520.0,25,17,With parents,3,7,7
1991,Millennial,Germany,Low,IT,Unemployed,1802.0,24,9,With parents,6,9,5
1984,Millennial,Sweden,Medium,Education,Employed,2539.0,17,5,With parents,6,5,9
1992,Millennial,Germany,Medium,Manufacturing,Employed,870.0,16,1,With parents,9,6,1
1995,Millennial,Spain,Low,IT,Inactive,622.0,19,15,Own,9,5,4
1987,Millennial,France,Medium,Retail,Unemployed,1622.0,25,4,With parents,4,3,3
1978,Gen X,Poland,Medium,Manufacturing,Employed,2824.0,27,21,Own,1,3,9
1999,Gen Z,Italy,Low,Unemployed,Employed,2974.0,18,21,Own,10,4,7
1968,Gen X,Poland,Medium,Education,Employed,1049.0,24,21,Rent,9,5,5
1993,Millennial,Germany,Medium,Retail,Unemployed,3521.0,18,0,Rent,2,7,10
2004,Gen Z,Czechia,High,Education,Unemployed,2281.0,18,35,Rent,10,9,1
1970,Gen X,France,Medium,Finance,Inactive,806.0,25,12,With parents,10,5,8
1960,Baby Boomer,France,High,IT,Employed,2473.0,28,11,With parents,4,2,1
2001,Gen Z,Poland,Medium,Education,Employed,3345.0,22,12,Rent,7,9,1
1991,Millennial,Germany,Medium,Retail,Inactive,1764.0,28,10,With parents,2,5,3
1957,Baby Boomer,Czechia,Medium,IT,Employed,3079.0,27,17,Rent,9,6,1
1959,Baby Boomer,Poland,High,Construction,Employed,3498.0,17,21,Own,5,9,3
1971,Gen X,Spain,Medium,Retail,Employed,2236.0,26,0,Own,10,4,5
1948,Baby Boomer,France,High,Retail,Inactive,1529.0,23,3,Own,9,3,2
1960,Baby Boomer,France,High,Construction,Employed,3253.0,21,8,Own,9,4,5
1974,Gen X,Spain,Low,Construction,Employed,3250.0,27,2,Rent,8,8,10
1988,Millennial,Germany,Low,Manufacturing,Employed,1067.0,26,7,Own,3,7,6
1974,Gen X,France,Low,Healthcare,Employed,2108.0,27,8,Own,9,7,5
1980,Gen X,Sweden,Medium,Education,Employed,2849.0,29,17,With parents,3,1,8
1947,Baby Boomer,Czechia,Low,Education,Employed,2899.0,24,4,Own,9,2,6
1966,Gen X,Netherlands,High,Manufacturing,Inactive,1940.0,23,21,Own,2,3,4
1993,Millennial,Netherlands,Low,Unemployed,Employed,1337.0,19,4,Rent,7,1,2
1966,Gen X,Netherlands,Medium,Finance,Employed,3614.0,23,22,With parents,2,9,8
1994,Millennial,Italy,Low,Unemployed,Inactive,2280.0,19,15,With parents,5,9,9
2001,Gen Z,Sweden,High,Education,Employed,2039.0,26,4,With parents,2,5,8
1994,Millennial,Italy,Medium,Construction,Employed,1671.0,20,2,With parents,8,4,10
1999,Gen Z,Germany,High,Unemployed,Employed,2019.0,26,25,Rent,2,3,9
2004,Gen Z,Spain,High,Manufacturing,Unemployed,783.0,25,7,Rent,9,9,1
1993,Millennial,Poland,Medium,Education,Unemployed,3099.0,26,20,Rent,2,2,5
1956,Baby Boomer,Sweden,Low,Education,Employed,1956.0,22,17,Own,4,8,3
1999,Gen Z,Czechia,Low,Retail,Employed,309.0,21,4,With parents,7,7,4
1965,Gen X,Germany,Low,Manufacturing,Unemployed,1314.0,20,5,With parents,9,2,5
2000,Gen Z,Poland,High,Construction,Employed,3062.0,17,26,Rent,3,3,10
1948,Baby Boomer,Germany,Low,Finance,Unemployed,2072.0,29,21,With parents,2,2,1
1975,Gen X,Italy,Low,Education,Employed,1490.0,20,21,Own,6,3,2
1988,Millennial,Netherlands,Medium,Finance,Employed,2319.0,25,26,With parents,1,4,8
1975,Gen X,Spain,Medium,Healthcare,Employed,1931.0,22,32,Own,5,5,10
2002,Gen Z,Italy,Medium,Manufacturing,Employed,2299.0,26,30,With parents,8,2,6
1967,Gen X,Spain,Medium,Manufacturing,Employed,2488.0,28,27,With parents,3,7,9
1998,Gen Z,Sweden,High,Manufacturing,Employed,1465.0,21,29,Rent,5,4,2
1997,Gen Z,Poland,Medium,Construction,Employed,1682.0,21,33,Own,9,1,6
1964,Baby Boomer,Germany,Low,Unemployed,Employed,1539.0,20,16,With parents,1,4,9
1959,Baby Boomer,France,High,Construction,Employed,1566.0,29,34,With parents,9,9,1
1967,Gen X,France,High,Retail,Employed,1635.0,29,35,Rent,1,5,10
1972,Gen X,Spain,Low,Unemployed,Unemployed,1939.0,24,5,Own,4,2,10
1960,Baby Boomer,Netherlands,Medium,Manufacturing,Inactive,1653.0,16,28,Own,1,6,8
1981,Millennial,Netherlands,Medium,Retail,Employed,2344.0,19,22,Rent,8,7,4
1965,Gen X,Spain,Low,Construction,Employed,1918.0,22,13,With parents,7,2,5
1959,Baby Boomer,Italy,High,Healthcare,Employed,1564.0,16,8,Own,3,10,5
1961,Baby Boomer,France,Medium,IT,Employed,467.0,28,14,Rent,5,2,4
1994,Millennial,Italy,High,Retail,Employed,1387.0,27,24,Rent,2,10,3
1981,Millennial,Poland,Medium,Education,Employed,1872.0,26,19,Rent,10,3,3
1957,Baby Boomer,France,Medium,Manufacturing,Unemployed,3062.0,19,21,Rent,5,10,5
1963,Baby Boomer,Poland,Low,Unemployed,Employed,2137.0,21,6,Rent,5,4,1
1974,Gen X,Germany,Low,IT,Employed,838.0,25,17,With parents,9,5,4
1989,Millennial,Italy,Low,Retail,Inactive,2288.0,23,16,Own,5,3,9
1962,Baby Boomer,Spain,Low,Unemployed,Employed,1793.0,22,13,Rent,2,4,2
1958,Baby Boomer,France,Medium,Unemployed,Employed,2714.0,27,25,With parents,3,7,1
1980,Gen X,Italy,High,Finance,Employed,884.0,24,31,With parents,6,6,9
1980,Gen X,Spain,Medium,Construction,Inactive,3290.0,22,28,Rent,1,2,10
1964,Baby Boomer,Germany,High,Finance,Employed,2602.0,18,6,Own,6,7,7
1996,Millennial,France,Medium,Education,Employed,2012.0,25,8,Rent,5,2,5
1963,Baby Boomer,Poland,High,IT,Unemployed,811.0,19,11,Rent,2,3,8
1989,Millennial,Germany,High,Healthcare,Employed,885.0,18,2,Own,2,1,8
1988,Millennial,Netherlands,Low,Retail,Unemployed,2817.0,24,31,Rent,2,6,5
1951,Baby Boomer,Spain,High,Finance,Employed,2923.0,26,32,With parents,3,10,2
2001,Gen Z,Czechia,Medium,Finance,Inactive,3137.0,26,14,With parents,10,4,3
1988,Millennial,France,High,Retail,Unemployed,3701.0,23,8,Own,2,9,2
1997,Gen Z,France,Medium,Finance,Employed,2874.0,25,16,Own,3,4,6
1948,Baby Boomer,Sweden,Medium,Healthcare,Employed,2567.0,28,27,Rent,9,10,2
2003,Gen Z,Sweden,Low,Unemployed,Inactive,4350.0,24,12,With parents,3,6,3
1978,Gen X,Germany,Low,Finance,Employed,1709.0,25,20,With parents,7,8,4
1946,Baby Boomer,France,Medium,Retail,Employed,2109.0,25,4,Rent,3,5,2
1949,Baby Boomer,Spain,High,Manufacturing,Unemployed,813.0,17,6,Own,6,3,1
1999,Gen Z,Germany,High,Finance,Employed,2762.0,20,18,With parents,9,9,7
1954,Baby Boomer,Poland,Medium,Retail,Employed,2017.0,20,31,With parents,6,3,1
1976,Gen X,Germany,High,Unemployed,Employed,1642.0,22,2,Rent,4,9,10
1986,Millennial,Germany,High,Unemployed,Employed,1661.0,19,34,Own,5,2,7
1985,Millennial,Czechia,Medium,Manufacturing,Employed,1485.0,19,26,Rent,8,8,5
1957,Baby Boomer,Poland,Low,Finance,Employed,2048.0,23,7,With parents,8,6,2
1983,Millennial,Netherlands,Low,Finance,Unemployed,902.0,16,18,Rent,7,9,9
1949,Baby Boomer,Sweden,High,Retail,Employed,983.0,21,29,Rent,5,5,6
2002,Gen Z,Spain,High,Education,Employed,1204.0,24,9,Own,9,4,7
1954,Baby Boomer,Netherlands,Medium,Education,Unemployed,1642.0,28,29,Rent,1,2,9
1954,Baby Boomer,Netherlands,Medium,IT,Employed,1782.0,28,8,With parents,4,1,8
1982,Millennial,Netherlands,High,Education,Employed,356.0,28,21,With parents,10,4,8
1971,Gen X,Sweden,High,Healthcare,Unemployed,1736.0,17,30,Own,7,8,3
2004,Gen Z,Italy,High,Unemployed,Employed,1443.0,20,9,Rent,5,10,8
1995,Millennial,Sweden,Medium,IT,Employed,2904.0,25,35,Own,4,9,4
1965,Gen X,Netherlands,Low,Unemployed,Employed,1390.0,25,9,Rent,5,1,7
1952,Baby Boomer,Italy,Medium,Education,Employed,3104.0,24,26,Own,1,2,6
1945,Baby Boomer,Poland,Low,Manufacturing,Unemployed,3768.0,26,14,Rent,4,3,1
1972,Gen X,Sweden,High,Construction,Employed,3250.0,27,18,Own,1,8,4
1993,Millennial,Spain,Medium,Retail,Employed,1316.0,19,10,Rent,2,9,9
1983,Millennial,Netherlands,High,Unemployed,Inactive,2668.0,24,31,With parents,9,3,9
1958,Baby Boomer,France,Medium,Education,Employed,1332.0,23,19,Rent,5,4,7
1965,Gen X,Poland,High,Manufacturing,Employed,1457.0,24,14,Rent,9,8,3
1974,Gen X,Italy,Medium,Construction,Employed,1517.0,28,3,Rent,9,3,3
1965,Gen X,Sweden,Medium,IT,Employed,2323.0,28,16,Own,10,6,8
1993,Millennial,Spain,Medium,Retail,Employed,1413.0,28,0,With parents,5,1,9
1953,Baby Boomer,Germany,Low,Unemployed,Employed,2235.0,17,18,Own,3,7,3
1961,Baby Boomer,Spain,High,Education,Employed,3336.0,25,4,With parents,4,5,8
1949,Baby Boomer,Spain,Medium,IT,Employed,1208.0,20,17,Own,5,4,6
2002,Gen Z,Netherlands,Medium,Unemployed,Employed,753.0,25,16,Rent,6,8,5
2001,Gen Z,Netherlands,High,Education,Inactive,1624.0,24,3,Rent,6,8,7
1975,Gen X,Sweden,High,IT,Employed,3485.0,20,18,Own,8,7,2
1996,Millennial,Sweden,Medium,Unemployed,Employed,2820.0,27,30,Rent,8,1,1
1984,Millennial,Czechia,High,Education,Employed,1431.0,19,2,Own,8,10,2
1982,Millennial,Italy,Low,Construction,Employed,1259.0,23,2,Own,3,6,2
1987,Millennial,Czechia,Low,Manufacturing,Employed,2491.0,21,28,With parents,4,3,4
1963,Baby Boomer,Sweden,Medium,Healthcare,Inactive,2288.0,17,7,Rent,4,8,2
1980,Gen X,Italy,Medium,Construction,Unemployed,2760.0,23,4,Rent,7,10,4
1994,Millennial,Netherlands,Medium,Unemployed,Employed,1160.0,27,30,Rent,5,3,4
1977,Gen X,Netherlands,Medium,Manufacturing,Employed,2125.0,20,26,Own,4,8,1
1957,Baby Boomer,France,Medium,Retail,Employed,3006.0,22,32,With parents,10,5,9
1958,Baby Boomer,France,High,Education,Employed,3216.0,19,17,Rent,5,5,3
2000,Gen Z,Poland,Medium,Healthcare,Employed,1085.0,24,23,Own,1,8,4
1977,Gen X,Netherlands,High,Construction,Employed,2123.0,17,25,Rent,4,3,3
1973,Gen X,Germany,High,Healthcare,Employed,1943.0,27,30,With parents,7,4,1
1987,Millennial,France,Medium,Retail,Employed,1447.0,25,13,Own,3,1,10
1993,Millennial,Italy,Medium,Unemployed,Employed,1538.0,24,24,Own,7,9,7
1980,Gen X,Spain,Medium,Retail,Inactive,2710.0,19,31,Own,5,3,8
2002,Gen Z,Sweden,High,Healthcare,Inactive,1511.0,21,13,Own,1,8,1
1988,Millennial,Sweden,Low,Retail,Employed,2089.0,20,26,With parents,4,1,9
1954,Baby Boomer,Poland,Low,Retail,Employed,2638.0,18,21,Own,10,1,9
1975,Gen X,France,High,Unemployed,Employed,3777.0,22,6,Own,3,6,1
1950,Baby Boomer,Spain,Medium,Education,Unemployed,2469.0,19,32,Own,4,6,8
2001,Gen Z,Spain,Low,Manufacturing,Inactive,2849.0,16,32,With parents,6,7,4
1945,Baby Boomer,France,Low,Finance,Inactive,2437.0,29,23,Rent,10,1,3
1951,Baby Boomer,Germany,High,Unemployed,Employed,2015.0,29,25,Rent,4,3,7
2002,Gen Z,Germany,High,IT,Employed,1999.0,23,30,With parents,7,4,2
1971,Gen X,Poland,Medium,Unemployed,Employed,2095.0,18,26,With parents,8,9,3
1965,Gen X,Czechia,Medium,Healthcare,Employed,274.0,21,12,Own,3,8,9
1972,Gen X,Germany,High,IT,Employed,1906.0,27,30,With parents,3,4,5
1960,Baby Boomer,Poland,High,Healthcare,Employed,2594.0,17,31,Rent,2,10,6
2000,Gen Z,Czechia,High,Healthcare,Unemployed,1537.0,24,22,Rent,6,7,3
1990,Millennial,Czechia,Medium,Manufacturing,Unemployed,3508.0,19,15,Rent,6,9,3
1967,Gen X,Italy,High,Construction,Employed,2313.0,22,7,With parents,1,10,8
1996,Millennial,Czechia,Medium,Construction,Inactive,2082.0,24,17,With parents,9,10,3
1964,Baby Boomer,France,Low,Healthcare,Employed,2952.0,28,26,Own,2,8,10
1982,Millennial,Czechia,High,Healthcare,Inactive,2708.0,26,8,Own,4,5,4
1998,Gen Z,Spain,Medium,Manufacturing,Inactive,3220.0,18,27,Own,9,9,7
1969,Gen X,Poland,High,Retail,Employed,3395.0,28,21,Own,7,5,9
1972,Gen X,Sweden,Low,Construction,Employed,3519.0,18,10,Own,3,3,3
1949,Baby Boomer,Germany,High,Finance,Employed,2611.0,18,21,With parents,10,6,6
2000,Gen Z,Sweden,Medium,Unemployed,Unemployed,1267.0,29,13,Rent,2,3,3
1965,Gen X,Poland,Medium,IT,Employed,1986.0,20,22,Own,9,2,3
1962,Baby Boomer,Netherlands,Low,Healthcare,Inactive,3675.0,25,1,Own,2,7,6
1991,Millennial,Poland,Medium,Manufacturing,Employed,2433.0,21,14,Rent,4,3,1
1950,Baby Boomer,Germany,High,Healthcare,Employed,1809.0,18,4,Rent,2,5,1
2001,Gen Z,Netherlands,Medium,Construction,Inactive,1710.0,25,28,Rent,7,9,4
1973,Gen X,Netherlands,Low,Manufacturing,Employed,1230.0,24,32,Rent,6,4,3
1963,Baby Boomer,Czechia,Medium,IT,Employed,3027.0,16,29,With parents,8,9,7
1977,Gen X,Germany,High,Education,Employed,1793.0,22,16,Rent,3,6,7
1945,Baby Boomer,Netherlands,Medium,Construction,Employed,1315.0,26,0,Own,7,3,4
1989,Millennial,France,Medium,Retail,Employed,1417.0,24,13,Rent,8,1,7
1947,Baby Boomer,Spain,Medium,Unemployed,Employed,0.0,20,16,Own,1,8,4
1986,Millennial,Sweden,High,Unemployed,Employed,2836.0,18,8,With parents,8,10,8
1965,Gen X,France,Medium,Education,Unemployed,1986.0,28,34,Own,1,4,4
1979,Gen X,France,Low,Manufacturing,Employed,1094.0,25,30,With parents,6,6,2
1985,Millennial,Germany,High,Healthcare,Unemployed,3448.0,19,11,Own,2,2,10
1984,Millennial,Czechia,Medium,Retail,Employed,2242.0,23,1,With parents,9,4,4
1947,Baby Boomer,Germany,Low,Construction,Employed,183.0,27,14,Rent,10,8,10
1969,Gen X,Sweden,High,IT,Employed,2850.0,29,33,With parents,10,2,3
1989,Millennial,Spain,Medium,Unemployed,Employed,1290.0,18,29,Rent,10,6,5
1982,Millennial,Poland,Medium,Construction,Employed,2736.0,20,13,With parents,3,2,4
1989,Millennial,France,Medium,Finance,Employed,2655.0,27,3,Rent,4,8,10
1999,Gen Z,Netherlands,High,Retail,Inactive,2324.0,18,7,With parents,10,3,6
1964,Baby Boomer,Spain,Low,Unemployed,Employed,1073.0,29,22,Own,5,9,3
1996,Millennial,France,Medium,Healthcare,Employed,1091.0,27,6,Own,3,6,3
1988,Millennial,Poland,Low,Unemployed,Employed,2156.0,21,16,Own,7,3,4
1989,Millennial,Czechia,High,Unemployed,Inactive,1353.0,27,21,Rent,2,2,3
1978,Gen X,Netherlands,Medium,Education,Employed,3297.0,16,25,Own,7,8,3
1965,Gen X,France,Medium,Manufacturing,Unemployed,2109.0,22,7,Own,5,4,4
2000,Gen Z,Italy,Low,Education,Employed,1296.0,26,21,With parents,9,8,10
1999,Gen Z,Sweden,Medium,Construction,Employed,3099.0,29,21,Own,2,7,8
1992,Millennial,Spain,High,Retail,Employed,480.0,21,4,Rent,9,2,7
1967,Gen X,Sweden,Medium,Finance,Inactive,2081.0,27,8,Rent,9,7,1
1950,Baby Boomer,Germany,High,Healthcare,Employed,2701.0,21,19,With parents,8,4,4
1995,Millennial,France,Medium,Manufacturing,Employed,1274.0,18,21,Rent,5,6,6
1997,Gen Z,Netherlands,High,Healthcare,Employed,1811.0,16,33,Rent,3,8,7
